title,genres,release_date,budget,revenue,id
Inception,"Action, Science Fiction, Adventure",2010-07-15,160000000,825532764,27205
Interstellar,"Adventure, Drama, Science Fiction",2014-11-05,165000000,701729206,157336
The Dark Knight,"Drama, Action, Crime, Thriller",2008-07-16,185000000,1004558444,155
Avatar,"Action, Adventure, Fantasy, Science Fiction",2009-12-15,237000000,2923706026,19995
The Avengers,"Science Fiction, Action, Adventure",2012-04-25,220000000,1518815515,24428
Deadpool,"Action, Adventure, Comedy",2016-02-09,58000000,783100000,293660
Avengers: Infinity War,"Adventure, Action, Science Fiction",2018-04-25,300000000,2052415039,299536
Fight Club,Drama,1999-10-15,63000000,100853753,550
Guardians of the Galaxy,"Action, Science Fiction, Adventure",2014-07-30,170000000,772776600,118340
Pulp Fiction,"Thriller, Crime",1994-09-10,8500000,213900000,680
Forrest Gump,"Comedy, Drama, Romance",1994-06-23,55000000,677387716,13
Harry Potter and the Philosopher's Stone,"Adventure, Fantasy",2001-11-16,125000000,976475550,671
Iron Man,"Action, Science Fiction, Adventure",2008-04-30,140000000,585174222,1726
Django Unchained,"Drama, Western",2012-12-25,100000000,425368238,68718
The Shawshank Redemption,"Drama, Crime",1994-09-23,25000000,28341469,278
Avengers: Endgame,"Adventure, Science Fiction, Action",2019-04-24,356000000,2800000000,299534
The Matrix,"Action, Science Fiction",1999-03-30,63000000,463517383,603
Titanic,"Drama, Romance",1997-11-18,200000000,2264162353,597
Joker,"Crime, Thriller, Drama",2019-10-01,55000000,1074458282,475557
The Lord of the Rings: The Fellowship of the Ring,"Adventure, Fantasy, Action",2001-12-18,93000000,871368364,120
The Lord of the Rings: The Return of the King,"Adventure, Fantasy, Action",2003-12-01,94000000,1118888979,122
Shutter Island,"Drama, Thriller, Mystery",2010-02-14,80000000,294800000,11324
The Wolf of Wall Street,"Crime, Drama, Comedy",2013-12-25,100000000,392000000,106646
Avengers: Age of Ultron,"Action, Adventure, Science Fiction",2015-04-22,365000000,1405403694,99861
Captain America: Civil War,"Adventure, Action, Science Fiction",2016-04-27,250000000,1155046416,271110
The Dark Knight Rises,"Action, Crime, Drama, Thriller",2012-07-17,250000000,1081041287,49026
Iron Man 3,"Action, Adventure, Science Fiction",2013-04-18,200000000,1215577205,68721
Black Panther,"Action, Adventure, Science Fiction",2018-02-13,200000000,1349926083,284054
Doctor Strange,"Action, Adventure, Fantasy",2016-10-25,180000000,676343174,284052
Mad Max: Fury Road,"Action, Adventure, Science Fiction",2015-05-13,150000000,378858340,76341
Inglourious Basterds,"Drama, Thriller, War",2009-08-19,70000000,321457747,16869
The Hunger Games,"Science Fiction, Adventure, Fantasy",2012-03-12,75000000,694394724,70160
Spider-Man: Homecoming,"Action, Adventure, Science Fiction, Drama",2017-07-05,175000000,880166924,315635
Harry Potter and the Chamber of Secrets,"Adventure, Fantasy",2002-11-13,100000000,876688482,672
Guardians of the Galaxy Vol. 2,"Science Fiction, Adventure, Action",2017-04-19,200000000,863756051,283995
The Lord of the Rings: The Two Towers,"Adventure, Fantasy, Action",2002-12-18,79000000,926287400,121
Captain America: The First Avenger,"Action, Adventure, Science Fiction",2011-07-22,140000000,370569774,1771
Suicide Squad,"Action, Adventure, Fantasy",2016-08-03,175000000,746846894,297761
Harry Potter and the Prisoner of Azkaban,"Adventure, Fantasy",2004-05-31,130000000,789804554,673
Thor,"Adventure, Fantasy, Action",2011-04-21,150000000,449326618,10195
Iron Man 2,"Adventure, Action, Science Fiction",2010-04-28,200000000,623933331,10138
Batman Begins,"Action, Crime, Drama",2005-06-10,150000000,374218673,272
Thor: Ragnarok,"Action, Adventure, Science Fiction",2017-10-02,180000000,855301806,284053
Inside Out,"Animation, Family, Adventure, Drama, Comedy",2015-06-09,175000000,857611174,150540
Jurassic World,"Action, Adventure, Science Fiction, Thriller",2015-06-06,150000000,1671537444,135397
Se7en,"Crime, Mystery, Thriller",1995-09-22,33000000,327311859,807
Harry Potter and the Goblet of Fire,"Adventure, Fantasy",2005-11-16,150000000,895921036,674
Pirates of the Caribbean: The Curse of the Black Pearl,"Adventure, Fantasy, Action",2003-07-09,140000000,655011224,22
Harry Potter and the Deathly Hallows: Part 2,"Fantasy, Adventure",2011-07-12,125000000,1341511219,12445
Star Wars,"Adventure, Action, Science Fiction",1977-05-25,11000000,775398007,11
Wonder Woman,"Action, Adventure, Fantasy",2017-05-30,149000000,822854286,297762
Up,"Animation, Comedy, Family, Adventure",2009-05-28,175000000,735099082,14160
Ant-Man,"Science Fiction, Action, Adventure",2015-07-14,130000000,519311965,102899
The Godfather,"Drama, Crime",1972-03-14,6000000,245066411,238
The Martian,"Drama, Adventure, Science Fiction",2015-09-30,108000000,630600000,286217
Back to the Future,"Adventure, Comedy, Science Fiction",1985-07-03,19000000,381109762,105
Star Wars: The Force Awakens,"Adventure, Action, Science Fiction",2015-12-15,245000000,2068223624,140607
Spider-Man: No Way Home,"Action, Adventure, Science Fiction",2021-12-15,200000000,1921847111,634649
Harry Potter and the Order of the Phoenix,"Adventure, Fantasy",2007-07-08,150000000,938212738,675
Harry Potter and the Half-Blood Prince,"Adventure, Fantasy",2009-07-15,250000000,933959197,767
Logan,"Action, Drama, Science Fiction",2017-02-28,97000000,619021436,263115
Finding Nemo,"Animation, Family",2003-05-30,94000000,940335536,12
It,"Horror, Fantasy",2017-09-06,40000000,701800000,346364
John Wick,"Action, Thriller",2014-10-22,20000000,88761661,245891
Fantastic Beasts and Where to Find Them,"Fantasy, Adventure, Family",2016-11-16,180000000,809342332,259316
Harry Potter and the Deathly Hallows: Part 1,"Adventure, Fantasy",2010-11-17,250000000,954305868,12444
Coco,"Family, Animation, Fantasy, Music, Comedy, Adventure",2017-10-27,175000000,800526015,354912
Captain America: The Winter Soldier,"Action, Adventure, Science Fiction",2014-03-20,170000000,714766572,100402
Spider-Man,"Fantasy, Action",2002-05-01,139000000,821708551,557
WALL·E,"Animation, Family, Science Fiction",2008-06-22,180000000,521311860,10681
Gone Girl,"Mystery, Thriller, Drama",2014-10-01,61000000,369330363,210577
The Hobbit: An Unexpected Journey,"Adventure, Fantasy, Action",2012-12-12,250000000,1021103568,49051
"Monsters, Inc.","Animation, Comedy, Family",2001-11-01,115000000,579707738,585
Toy Story,"Animation, Adventure, Family, Comedy",1995-10-30,30000000,394400000,862
The Revenant,"Western, Drama, Adventure",2015-12-25,135000000,532950503,281957
Batman v Superman: Dawn of Justice,"Action, Adventure, Fantasy",2016-03-23,250000000,873637528,209112
The Lion King,"Family, Animation, Drama",1994-06-24,45000000,763455561,8587
Gladiator,"Action, Drama, Adventure",2000-05-04,103000000,465361176,98
The Truman Show,"Comedy, Drama",1998-06-04,60000000,264118201,37165
The Incredibles,"Action, Adventure, Animation, Family",2004-10-27,92000000,631442092,9806
Arrival,"Drama, Science Fiction, Mystery",2016-11-10,47000000,203388186,329865
Parasite,"Comedy, Thriller, Drama",2019-05-30,11363000,257591776,496243
Thor: The Dark World,"Action, Adventure, Fantasy",2013-10-30,170000000,644783140,76338
The Amazing Spider-Man,"Action, Adventure, Fantasy",2012-06-23,215000000,757930663,1930
Split,"Horror, Thriller",2017-01-19,9000000,278454358,381288
Deadpool 2,"Action, Comedy, Adventure",2018-05-10,110000000,785896609,383498
The Shining,"Horror, Thriller",1980-05-23,19000000,44781695,694
Kill Bill: Vol. 1,"Action, Crime",2003-10-10,30000000,180906076,24
The Hunger Games: Catching Fire,"Adventure, Action, Science Fiction",2013-11-15,130000000,865011746,101299
The Intouchables,"Drama, Comedy",2011-11-02,13000000,426588510,77338
Get Out,"Mystery, Thriller, Horror",2017-02-24,4500000,255407969,419430
The Imitation Game,"History, Drama, Thriller, War",2014-11-14,14000000,233555708,205596
Bohemian Rhapsody,"Music, Drama, History",2018-10-24,52000000,903992901,424694
The Green Mile,"Fantasy, Drama, Crime",1999-12-10,60000000,286801374,497
The Maze Runner,"Action, Mystery, Science Fiction, Thriller",2014-09-10,34000000,348319861,198663
The Hangover,Comedy,2009-06-02,35000000,469310836,18785
The Empire Strikes Back,"Adventure, Action, Science Fiction",1980-05-20,18000000,538400000,1891
Shrek,"Animation, Comedy, Fantasy, Adventure, Family",2001-05-18,60000000,487853320,808
Ratatouille,"Animation, Comedy, Family, Fantasy",2007-06-28,150000000,623726000,2062
Kingsman: The Secret Service,"Crime, Comedy, Action, Adventure",2014-12-13,81000000,414351546,207703
La La Land,"Comedy, Drama, Romance, Music",2016-11-29,30000000,447407695,313369
Frozen,"Animation, Family, Adventure, Fantasy",2013-11-20,150000000,1274219009,109445
Dunkirk,"War, Action, Drama",2017-07-19,150000000,527000000,374720
Zootopia,"Animation, Adventure, Family, Comedy",2016-02-11,150000000,1023784195,269149
Lucy,"Action, Science Fiction",2014-07-25,40000000,458863600,240832
Jurassic Park,"Adventure, Science Fiction",1993-06-11,63000000,920100000,329
The Silence of the Lambs,"Crime, Drama, Thriller",1991-02-14,19000000,272742922,274
Spirited Away,"Animation, Family, Fantasy",2001-07-20,19000000,274925095,129
Beauty and the Beast,"Family, Fantasy, Romance",2017-03-16,160000000,1266115964,321612
Pirates of the Caribbean: Dead Man's Chest,"Adventure, Fantasy, Action",2006-07-06,200000000,1065659812,58
Big Hero 6,"Adventure, Family, Animation, Action, Comedy",2014-10-24,165000000,657827828,177572
Now You See Me,"Thriller, Crime",2013-05-29,75000000,351723989,75656
The Hunger Games: Mockingjay - Part 1,"Science Fiction, Adventure, Thriller",2014-11-19,125000000,755356711,131631
Venom,"Science Fiction, Action",2018-09-28,116000000,856085151,335983
The Prestige,"Drama, Mystery, Science Fiction",2006-10-19,40000000,109676311,1124
I Am Legend,"Drama, Science Fiction, Thriller",2007-12-12,150000000,585410052,6479
Saving Private Ryan,"Drama, History, War",1998-07-24,70000000,481840909,857
Captain Marvel,"Action, Adventure, Science Fiction",2019-03-06,152000000,1131416446,299537
Baby Driver,"Action, Crime",2017-06-28,34000000,226945087,339403
Schindler's List,"Drama, History, War",1993-12-15,22000000,321365567,424
Return of the Jedi,"Adventure, Action, Science Fiction",1983-05-25,32350000,572700000,1892
Spider-Man: Far From Home,"Action, Adventure, Science Fiction",2019-06-28,160000000,1131927996,429617
Skyfall,"Action, Adventure, Thriller",2012-10-24,200000000,1142471295,37724
Gravity,"Science Fiction, Thriller, Drama",2013-10-03,105000000,723192705,49047
X-Men: Days of Future Past,"Action, Adventure, Science Fiction",2014-05-15,250000000,747862775,127585
Ready Player One,"Adventure, Action, Science Fiction",2018-03-28,175000000,607274134,333339
World War Z,"Action, Drama, Horror, Science Fiction, Thriller",2013-06-20,200000000,531865000,72190
Catch Me If You Can,"Drama, Crime",2002-12-16,52000000,352114312,640
Rogue One: A Star Wars Story,"Action, Adventure, Science Fiction",2016-12-14,200000000,1056057273,330459
Star Wars: The Last Jedi,"Adventure, Action, Science Fiction",2017-12-13,200000000,1332698830,181808
Man of Steel,"Action, Adventure, Science Fiction",2013-06-12,225000000,668045518,49521
Despicable Me,"Family, Animation, Comedy",2010-07-08,69000000,533679475,20352
Spider-Man 2,"Action, Adventure, Fantasy",2004-06-25,200000000,788976453,558
Spider-Man: Into the Spider-Verse,"Action, Adventure, Animation, Science Fiction",2018-12-06,90000000,375464627,324857
Charlie and the Chocolate Factory,"Adventure, Comedy, Family, Fantasy",2005-07-13,150000000,474968763,118
Whiplash,"Drama, Music",2014-10-10,3300000,13092000,244786
The Departed,"Drama, Thriller, Crime",2006-10-04,90000000,291465000,1422
The Grand Budapest Hotel,"Comedy, Drama",2014-02-26,30000000,174600318,120467
Toy Story 3,"Animation, Family, Comedy",2010-06-16,200000000,1066969703,10193
Memento,"Mystery, Thriller",2000-10-11,9000000,39723096,77
Eternal Sunshine of the Spotless Mind,"Science Fiction, Drama, Romance",2004-03-19,20000000,72258126,38
Léon: The Professional,"Crime, Drama, Action",1994-09-14,16000000,45284974,101
Black Swan,"Drama, Thriller, Horror",2010-12-03,13000000,329398046,44214
V for Vendetta,"Action, Thriller, Science Fiction",2006-02-23,54000000,132511035,752
Star Wars: Episode I - The Phantom Menace,"Adventure, Action, Science Fiction",1999-05-19,115000000,924317558,1893
Her,"Romance, Science Fiction, Drama",2013-12-18,23000000,47351251,152601
Pirates of the Caribbean: At World's End,"Adventure, Fantasy, Action",2007-05-19,300000000,961000000,285
The Hobbit: The Battle of the Five Armies,"Action, Adventure, Fantasy",2014-12-10,250000000,956019788,122917
Reservoir Dogs,"Crime, Thriller",1992-09-02,1200000,2859750,500
The Hateful Eight,"Drama, Mystery, Western",2015-12-25,44000000,155760117,273248
Alien,"Horror, Science Fiction",1979-05-25,11000000,104931801,348
Sherlock Holmes,"Action, Adventure, Crime, Mystery",2009-12-23,90000000,524028679,10528
Alice in Wonderland,"Family, Fantasy, Adventure",2010-03-03,200000000,1025467110,12155
Pirates of the Caribbean: On Stranger Tides,"Adventure, Action, Fantasy",2011-05-15,379000000,1045713802,1865
Spider-Man 3,"Fantasy, Action, Adventure",2007-05-01,258000000,894983373,559
A Quiet Place,"Horror, Drama, Science Fiction",2018-04-03,17000000,341000000,447332
Aquaman,"Action, Adventure, Fantasy",2018-12-07,160000000,1148528393,297802
Kill Bill: Vol. 2,"Action, Crime, Thriller",2004-04-16,30000000,152159461,393
Cars,"Animation, Adventure, Comedy, Family",2006-06-08,120000000,461983149,920
Toy Story 2,"Animation, Comedy, Family",1999-10-30,90000000,497366869,863
Men in Black,"Action, Adventure, Comedy, Science Fiction",1997-07-02,90000000,589390539,607
Edge of Tomorrow,"Action, Science Fiction",2014-05-27,178000000,370541256,137113
300,"Action, Adventure, War",2007-03-07,65000000,456082343,1271
Jumanji: Welcome to the Jungle,"Adventure, Action, Comedy, Fantasy",2017-12-09,90000000,995339117,353486
Blade Runner,"Science Fiction, Drama, Thriller",1982-06-25,28000000,41722424,78
Star Wars: Episode III - Revenge of the Sith,"Adventure, Action, Science Fiction",2005-05-17,113000000,850000000,1895
Hacksaw Ridge,"Drama, History, War",2016-10-07,40000000,175302354,324786
Twilight,"Fantasy, Drama, Romance",2008-11-20,37000000,393616788,8966
Brave,"Animation, Adventure, Comedy, Family, Action, Fantasy",2012-06-21,185000000,538983207,62177
Ant-Man and the Wasp,"Action, Adventure, Science Fiction",2018-07-04,140000000,622674139,363088
Maleficent,"Fantasy, Adventure, Action, Family, Romance",2014-05-28,180000000,758539785,102651
Passengers,"Drama, Romance, Science Fiction",2016-12-21,110000000,303144152,274870
Life of Pi,"Adventure, Drama",2012-11-20,120000000,609016565,87827
Ex Machina,"Drama, Science Fiction",2015-01-21,15000000,36869414,264660
The Amazing Spider-Man 2,"Action, Adventure, Fantasy",2014-04-16,200000000,708962323,102382
Blade Runner 2049,"Science Fiction, Drama",2017-10-04,150000000,259239658,335984
Ice Age,"Animation, Comedy, Family, Adventure",2002-03-10,59000000,383257136,425
Star Wars: Episode II - Attack of the Clones,"Adventure, Action, Science Fiction",2002-05-15,120000000,649398328,1894
Justice League,"Action, Adventure, Science Fiction",2017-11-15,300000000,657926987,141052
The Hobbit: The Desolation of Smaug,"Fantasy, Adventure, Action",2013-12-11,250000000,958400000,57158
Once Upon a Time… in Hollywood,"Comedy, Drama, Thriller",2019-07-24,95000000,374251247,466272
Life Is Beautiful,"Comedy, Drama",1997-12-20,20000000,230098753,637
X-Men: Apocalypse,"Action, Adventure, Science Fiction, Fantasy",2016-05-18,178000000,543934787,246655
Birdman or (The Unexpected Virtue of Ignorance),"Drama, Comedy",2014-10-17,18000000,103215094,194662
Divergent,"Action, Adventure, Science Fiction",2014-03-14,85000000,288885818,157350
American Sniper,"War, Action",2014-12-25,58800000,542307423,190859
How to Train Your Dragon,"Fantasy, Adventure, Animation, Family",2010-03-18,165000000,494879471,10191
Incredibles 2,"Action, Adventure, Animation, Family",2018-06-14,200000000,1242805359,260513
Edward Scissorhands,"Fantasy, Drama, Romance",1990-12-07,20000000,53000000,162
John Wick: Chapter 2,"Action, Thriller, Crime",2017-02-08,40000000,171539887,324552
X-Men: First Class,"Action, Science Fiction, Adventure",2011-06-01,160000000,353624124,49538
A Clockwork Orange,"Science Fiction, Drama",1971-12-19,2200000,26589000,185
The Curious Case of Benjamin Button,"Drama, Fantasy, Romance",2008-12-25,150000000,335802786,4922
The Terminator,"Action, Thriller, Science Fiction",1984-10-26,6400000,78371200,218
Back to the Future Part II,"Adventure, Comedy, Science Fiction",1989-11-22,40000000,332000000,165
Terminator 2: Judgment Day,"Action, Thriller, Science Fiction",1991-07-03,102000000,520000000,280
GoodFellas,"Drama, Crime",1990-09-12,25000000,46835000,769
Drive,"Drama, Thriller, Crime",2011-09-15,15000000,78054825,64690
Pacific Rim,"Action, Science Fiction, Adventure",2013-07-11,180000000,411002906,68726
The Hunger Games: Mockingjay - Part 2,"Action, Adventure, Science Fiction",2015-11-18,160000000,653428261,131634
Wreck-It Ralph,"Family, Animation, Comedy, Adventure",2012-11-01,165000000,471222889,82690
Donnie Darko,"Fantasy, Drama, Mystery",2001-10-24,6000000,7500000,141
Ted,"Comedy, Fantasy",2012-06-29,50000000,549368315,72105
The Great Gatsby,"Drama, Romance",2013-05-09,105000000,351040419,64682
Moana,"Adventure, Comedy, Family, Animation",2016-10-13,150000000,690860472,277834
The Shape of Water,"Drama, Fantasy, Romance",2017-12-01,19500000,195333312,399055
Raiders of the Lost Ark,"Adventure, Action",1981-06-12,18000000,389925971,85
Zombieland,"Comedy, Horror",2009-10-07,23600000,102391540,19908
Finding Dory,"Adventure, Animation, Comedy, Family",2016-06-16,200000000,1028570889,127380
Me Before You,"Drama, Romance",2016-06-01,20000000,207945075,296096
1917,"War, History, Thriller",2019-12-25,100000000,394638258,530915
Call Me by Your Name,"Romance, Drama",2017-09-01,4000000,43143046,398818
Silver Linings Playbook,"Drama, Comedy, Romance",2012-11-16,21000000,236412453,82693
Shrek 2,"Animation, Family, Comedy, Fantasy, Adventure",2004-05-19,150000000,928760770,809
2012,"Action, Adventure, Science Fiction",2009-10-10,200000000,791217826,14161
The Godfather Part II,"Drama, Crime",1974-12-20,13000000,102600000,240
American Beauty,Drama,1999-09-15,15000000,356296601,14
Prometheus,"Science Fiction, Adventure, Mystery",2012-05-30,130000000,403354469,70981
The Social Network,Drama,2010-10-01,40000000,224920315,37799
Pirates of the Caribbean: Dead Men Tell No Tales,"Adventure, Action, Fantasy",2017-05-23,230000000,795922298,166426
Knives Out,"Comedy, Crime, Mystery",2019-11-27,40000000,312897920,546554
Good Will Hunting,Drama,1997-12-05,10000000,225933435,489
Fifty Shades of Grey,"Drama, Romance, Thriller",2015-02-11,40000000,571006128,216015
The Devil Wears Prada,"Comedy, Drama, Romance",2006-06-29,35000000,326706115,350
Taxi Driver,"Crime, Drama",1976-02-09,1900000,28600000,103
A Star Is Born,"Music, Drama, Romance",2018-10-03,36000000,433888866,332562
Fury,"War, Drama, Action",2014-10-15,68000000,211817906,228150
The Incredible Hulk,"Science Fiction, Action, Adventure",2008-06-12,150000000,163712074,1724
Kick-Ass,"Action, Crime",2010-03-22,28000000,96188903,23483
"I, Robot","Action, Science Fiction",2004-07-15,120000000,347234916,2048
No Country for Old Men,"Crime, Drama, Thriller",2007-06-13,25000000,171627166,6977
Rise of the Planet of the Apes,"Thriller, Action, Drama, Science Fiction",2011-08-03,93000000,482860185,61791
Ocean's Eleven,"Thriller, Crime",2001-12-07,85000000,450717150,161
The Sixth Sense,"Mystery, Thriller, Drama",1999-08-06,40000000,672806292,745
Amélie,"Comedy, Romance",2001-04-25,10000000,173921954,194
Scarface,"Action, Crime, Drama",1983-12-09,25000000,66023329,111
Prisoners,"Drama, Thriller, Crime",2013-09-19,46000000,122126687,146233
American History X,Drama,1998-07-01,20000000,23875127,73
The Conjuring,"Horror, Thriller",2013-07-18,13000000,320406242,138843
The Fault in Our Stars,"Romance, Drama",2014-05-16,14000000,307166834,222935
The Notebook,"Romance, Drama",2004-06-25,29000000,115603229,11036
12 Years a Slave,"Drama, History",2013-10-18,20000000,187000000,76203
2001: A Space Odyssey,"Science Fiction, Mystery, Adventure",1968-04-02,12000000,71923560,62
In Time,"Action, Thriller, Science Fiction",2011-10-27,40000000,173930596,49530
Aladdin,"Animation, Family, Adventure, Fantasy, Romance",1992-11-25,28000000,504050219,812
Green Book,"Drama, Comedy",2018-11-16,23000000,319700000,490132
Tangled,"Animation, Family",2010-11-24,260000000,592461732,38757
Cast Away,"Adventure, Drama",2000-12-22,90000000,429632142,8358
X-Men,"Adventure, Action, Science Fiction",2000-07-13,75000000,296339527,36657
Despicable Me 2,"Animation, Comedy, Family",2013-06-26,76000000,970761885,93456
Kung Fu Panda,"Action, Adventure, Animation, Family, Comedy",2008-06-04,130000000,631744560,9502
Transformers,"Adventure, Science Fiction, Action",2007-06-27,150000000,709709780,1858
E.T. the Extra-Terrestrial,"Science Fiction, Adventure, Family, Fantasy",1982-06-11,10500000,792965500,601
Taken,"Action, Thriller",2008-02-18,25000000,226830568,8681
Jurassic World: Fallen Kingdom,"Action, Adventure, Science Fiction, Thriller",2018-06-22,170000000,1310466296,351286
The Big Lebowski,"Comedy, Crime",1998-03-06,15000000,47010480,115
Dawn of the Planet of the Apes,"Science Fiction, Action, Drama, Thriller",2014-06-26,170000000,710644566,119450
Dead Poets Society,Drama,1989-06-02,16400000,235860116,207
Fantastic Beasts: The Crimes of Grindelwald,"Fantasy, Adventure, Family",2018-11-14,200000000,654855901,338952
Die Hard,"Action, Thriller",1988-07-15,28000000,140767956,562
Now You See Me 2,"Crime, Thriller, Action, Mystery",2016-06-02,90000000,334901337,291805
Home Alone,"Comedy, Family",1990-11-16,18000000,476684675,771
The Matrix Reloaded,"Adventure, Action, Thriller, Science Fiction",2003-05-15,150000000,738599701,604
Madagascar,"Family, Animation, Adventure, Comedy",2005-05-25,75000000,542063846,953
The Theory of Everything,"Drama, Romance",2014-11-26,15000000,123726688,266856
Nightcrawler,"Crime, Drama, Thriller",2014-10-23,8500000,50300000,242582
Fast & Furious 6,"Action, Thriller, Crime",2013-05-21,160000000,788680968,82992
Oblivion,"Action, Science Fiction, Adventure, Mystery",2013-04-10,120000000,286168572,75612
Bruce Almighty,"Fantasy, Comedy",2003-05-23,80000000,484592874,310
Gran Torino,Drama,2008-12-12,33000000,269958228,13223
Furious 7,"Action, Thriller, Crime",2015-04-01,190000000,1515341399,168259
Minions,"Family, Animation, Adventure, Comedy",2015-06-17,74000000,1156730962,211672
Casino Royale,"Adventure, Action, Thriller",2006-11-14,150000000,599045960,36557
The Fifth Element,"Adventure, Fantasy, Action, Thriller, Science Fiction",1997-05-02,90000000,263920180,18
Slumdog Millionaire,"Drama, Romance",2008-11-12,15000000,378410542,12405
Monsters University,"Animation, Family",2013-06-19,200000000,743559607,62211
Limitless,"Thriller, Mystery, Science Fiction",2011-03-08,27000000,161849455,51876
Spectre,"Action, Adventure, Thriller",2015-10-26,245000000,880674609,206647
The Perks of Being a Wallflower,Drama,2012-09-20,13000000,33400000,84892
Pan's Labyrinth,"Fantasy, Drama, War",2006-10-10,19000000,83258226,1417
Jumanji,"Adventure, Fantasy, Family",1995-12-15,65000000,262821940,8844
Avatar: The Way of Water,"Science Fiction, Adventure, Action",2022-12-14,460000000,2320250281,76600
"The Chronicles of Narnia: The Lion, the Witch and the Wardrobe","Adventure, Family, Fantasy",2005-12-07,180000000,745013115,411
X-Men Origins: Wolverine,"Adventure, Action, Thriller, Science Fiction",2009-04-28,150000000,373062864,2080
American Psycho,"Thriller, Drama, Crime",2000-04-13,7000000,34266564,1359
The Hangover Part II,Comedy,2011-05-25,80000000,586764305,45243
Sherlock Holmes: A Game of Shadows,"Adventure, Action, Crime, Mystery",2011-11-22,125000000,334615000,58574
The Fate of the Furious,"Action, Crime, Thriller",2017-04-12,250000000,1236005118,337339
John Wick: Chapter 3 - Parabellum,"Action, Thriller, Crime",2019-05-15,55000000,326709727,458156
Kong: Skull Island,"Action, Adventure, Fantasy",2017-03-08,185000000,566652812,293167
Back to the Future Part III,"Adventure, Comedy, Science Fiction",1990-05-25,40000000,244527583,196
Men in Black 3,"Action, Comedy, Science Fiction",2012-05-23,225000000,624026776,41154
Maze Runner: The Scorch Trials,"Science Fiction, Action, Thriller, Adventure",2015-09-09,61000000,312296056,294254
Full Metal Jacket,"Drama, War",1987-06-26,30000000,46357676,600
Birds of Prey (and the Fantabulous Emancipation of One Harley Quinn),"Action, Crime",2020-02-05,75000000,205372791,495764
21 Jump Street,"Action, Comedy, Crime",2012-03-14,42000000,201585328,64688
One Flew Over the Cuckoo's Nest,Drama,1975-11-19,3000000,108981275,510
Looper,"Action, Thriller, Science Fiction",2012-09-26,30000000,47042000,59967
The Usual Suspects,"Drama, Crime, Thriller",1995-07-19,6000000,23341568,629
Zodiac,"Crime, Drama, Mystery, Thriller",2007-03-02,65000000,84785914,1949
Mr. & Mrs. Smith,"Action, Comedy, Drama, Thriller",2005-06-07,110000000,487287646,787
Kingsman: The Golden Circle,"Action, Adventure, Comedy",2017-09-20,104000000,410902662,343668
Jaws,"Horror, Thriller, Adventure",1975-06-20,7000000,470653000,578
Night at the Museum,"Action, Adventure, Comedy, Family, Fantasy",2006-12-20,110000000,574480841,1593
Insurgent,"Action, Adventure, Science Fiction, Thriller",2015-03-18,110000000,297002527,262500
A Beautiful Mind,"Drama, Romance",2001-12-11,58000000,316800000,453
Soul,"Animation, Family, Comedy, Fantasy, Drama",2020-12-25,150000000,136384442,508442
Aladdin,"Adventure, Fantasy, Romance, Family",2019-05-22,183000000,1054304000,420817
Dune,"Science Fiction, Adventure",2021-09-15,165000000,402027830,438631
"Three Billboards Outside Ebbing, Missouri","Crime, Drama",2017-12-01,15000000,160192031,359940
X2,"Adventure, Action, Science Fiction",2003-04-27,110000000,407711549,36658
The Mask,"Romance, Comedy, Crime, Fantasy",1994-07-29,23000000,351583407,854
Miss Peregrine's Home for Peculiar Children,"Fantasy, Adventure",2016-09-27,110000000,296482446,283366
Troy,"Adventure, History, War, Action",2004-05-13,175000000,497409852,652
(500) Days of Summer,"Comedy, Drama, Romance",2009-07-17,7500000,60781545,19913
Braveheart,"Action, Drama, History, War",1995-05-24,72000000,213216216,197
The Lion King,"Adventure, Drama, Family",2019-07-12,260000000,1663075401,420818
Star Trek,"Science Fiction, Action, Adventure",2009-05-06,150000000,385680446,13475
Indiana Jones and the Last Crusade,"Adventure, Action",1989-05-24,48000000,474171806,89
Black Widow,"Action, Adventure, Science Fiction",2021-07-07,200000000,379751131,497698
Psycho,"Horror, Drama, Thriller",1960-06-22,806947,32000000,539
Beauty and the Beast,"Romance, Family, Animation, Fantasy",1991-10-22,25000000,424967620,10020
Murder on the Orient Express,"Mystery, Drama, Crime",2017-11-03,55000000,352794081,392044
Men in Black II,"Action, Adventure, Comedy, Science Fiction",2002-07-03,140000000,445135288,608
Mission: Impossible - Ghost Protocol,"Action, Thriller, Adventure",2011-12-07,145000000,694713380,56292
The Fast and the Furious,"Action, Crime, Thriller",2001-06-22,38000000,207283925,9799
Venom: Let There Be Carnage,"Science Fiction, Action, Adventure",2021-09-30,110000000,506863592,580489
Requiem for a Dream,"Crime, Drama",2000-10-06,4500000,7390108,641
The Pursuit of Happyness,Drama,2006-12-14,55000000,307077295,1402
The Matrix Revolutions,"Adventure, Action, Thriller, Science Fiction",2003-11-05,150000000,424988211,605
Toy Story 4,"Family, Adventure, Animation, Comedy, Fantasy",2019-06-19,175000000,1073394593,301528
Ice Age: The Meltdown,"Animation, Family, Comedy, Adventure",2006-03-29,80000000,660998756,950
Godzilla vs. Kong,"Action, Science Fiction, Thriller",2021-03-24,200000000,470116094,399566
Frozen II,"Family, Animation, Adventure, Comedy, Fantasy",2019-11-20,150000000,1450026933,330457
Star Wars: The Rise of Skywalker,"Adventure, Action, Science Fiction",2019-12-18,250000000,1074144248,181812
Into the Wild,"Adventure, Drama",2007-09-11,15000000,56255142,5915
Trainspotting,"Drama, Crime",1996-02-23,4000000,16491080,627
X-Men: The Last Stand,"Adventure, Action, Science Fiction, Thriller",2006-05-24,210000000,459359555,36668
The Wolverine,"Action, Science Fiction, Adventure, Fantasy",2013-07-23,120000000,415440673,76170
Hidden Figures,"Drama, History",2016-12-10,25000000,235956898,381284
Hancock,"Fantasy, Action",2008-07-01,150000000,629443428,8960
How to Train Your Dragon 2,"Fantasy, Action, Adventure, Animation, Comedy, Family",2014-06-05,145000000,621537519,82702
Mulan,"Animation, Family, Adventure",1998-06-18,90000000,304320254,10674
Snowpiercer,"Action, Science Fiction, Drama",2013-08-01,39200000,86758912,110415
Sonic the Hedgehog,"Action, Science Fiction, Comedy, Family",2020-02-12,85000000,319715683,454626
Independence Day,"Action, Adventure, Science Fiction",1996-06-25,75000000,817400891,602
Million Dollar Baby,Drama,2004-12-15,30000000,216763646,70
The Greatest Showman,Drama,2017-12-20,84000000,432844677,316029
Shazam!,"Action, Comedy, Fantasy",2019-03-29,80000000,366080049,287947
Fantastic Four,"Action, Adventure, Fantasy, Science Fiction",2005-06-29,100000000,333535934,9738
Aliens,"Action, Thriller, Science Fiction",1986-07-18,18500000,183316455,679
Tenet,"Action, Thriller, Science Fiction",2020-08-22,205000000,365304105,577922
Jojo Rabbit,"Comedy, War, Drama",2019-10-18,14000000,82468705,515001
District 9,Science Fiction,2009-08-05,30000000,210819611,17654
Howl's Moving Castle,"Fantasy, Animation, Adventure",2004-09-09,24000000,236049757,4935
Room,"Drama, Thriller",2015-10-16,13000000,35401758,264644
Home Alone 2: Lost in New York,"Comedy, Family, Adventure",1992-11-19,18000000,358994850,772
The Da Vinci Code,"Thriller, Mystery",2006-05-17,125000000,767820459,591
The Bourne Identity,"Action, Drama, Mystery, Thriller",2002-06-14,60000000,214034224,2501
The Twilight Saga: New Moon,"Adventure, Fantasy, Drama, Romance",2009-11-18,50000000,709827462,18239
Encanto,"Animation, Comedy, Family, Fantasy",2021-10-13,50000000,253000000,568124
Unbreakable,"Thriller, Drama, Mystery",2000-11-22,75000000,248118121,9741
Star Trek Into Darkness,"Action, Adventure, Science Fiction",2013-05-05,190000000,467365246,54138
The Batman,"Crime, Mystery, Thriller",2022-03-01,185000000,770945583,414906
A Bug's Life,"Adventure, Animation, Comedy, Family",1998-11-25,120000000,363258859,9487
xXx: Return of Xander Cage,"Action, Adventure, Crime",2017-01-13,85000000,346147658,47971
Cruella,"Comedy, Crime",2021-05-26,200000000,233503234,337404
Indiana Jones and the Temple of Doom,"Adventure, Action",1984-05-23,28000000,333000000,87
Watchmen,"Action, Mystery, Science Fiction",2009-03-04,130000000,185258983,13183
The Nightmare Before Christmas,"Fantasy, Animation, Family",1993-10-09,24000000,75634409,9479
Shang-Chi and the Legend of the Ten Rings,"Action, Adventure, Fantasy",2021-09-01,150000000,432243292,566525
Alita: Battle Angel,"Action, Science Fiction, Adventure",2019-01-31,170000000,404980543,399579
Godzilla,"Action, Drama, Science Fiction",2014-05-14,160000000,529076069,124905
The Twilight Saga: Breaking Dawn - Part 2,"Adventure, Fantasy, Drama, Romance",2012-11-13,120000000,829747654,50620
The Pianist,"Drama, War",2002-09-17,35000000,120072577,423
Saw,"Horror, Mystery, Crime",2004-10-01,1200000,103911669,176
The Mummy,"Adventure, Action, Fantasy",1999-04-16,80000000,415885488,564
The Big Short,"Comedy, Drama",2015-12-11,28000000,133346506,318846
Shrek the Third,"Fantasy, Adventure, Animation, Comedy, Family",2007-05-17,160000000,813367380,810
Snatch,"Crime, Comedy",2000-09-01,10000000,83557872,107
We're the Millers,"Comedy, Crime",2013-08-07,37000000,269994119,138832
The Twilight Saga: Breaking Dawn - Part 1,"Adventure, Fantasy, Romance",2011-11-16,110000000,712171856,50619
The Twilight Saga: Eclipse,"Adventure, Fantasy, Drama, Romance",2010-06-23,68000000,698491347,24021
Elysium,"Science Fiction, Action, Drama, Thriller",2013-08-07,115000000,286140700,68724
Corpse Bride,"Romance, Fantasy, Animation",2005-09-12,40000000,118133252,3933
Mission: Impossible - Rogue Nation,"Action, Adventure",2015-07-23,150000000,682716636,177677
The Equalizer,"Thriller, Action, Crime",2014-09-24,55000000,192330738,156022
The King's Speech,"Drama, History",2010-11-26,15000000,414211549,45269
Ghostbusters,"Comedy, Fantasy",1984-06-08,30000000,296187079,620
The Hangover Part III,Comedy,2013-05-23,103000000,362000072,109439
Mission: Impossible,"Adventure, Action, Thriller",1996-05-22,80000000,457731198,954
Hotel Transylvania,"Animation, Comedy, Family, Fantasy",2012-09-20,85000000,358375603,76492
San Andreas,"Action, Drama, Thriller",2015-05-27,110000000,473990832,254128
War for the Planet of the Apes,"Drama, Science Fiction, War",2017-07-11,150000000,490719763,281338
It Chapter Two,"Horror, Fantasy",2019-09-04,79000000,473122525,474350
Annihilation,"Science Fiction, Horror",2018-02-22,40000000,43070915,300668
Minority Report,"Action, Thriller, Science Fiction, Mystery",2002-06-20,102000000,358372926,180
Dallas Buyers Club,"Drama, History",2013-11-01,5000000,55736588,152532
Doctor Strange in the Multiverse of Madness,"Fantasy, Action, Adventure",2022-05-04,200000000,955775804,453395
Transformers: Revenge of the Fallen,"Science Fiction, Action, Adventure",2009-06-19,200000000,836303693,8373
Jumanji: The Next Level,"Adventure, Comedy, Fantasy",2019-12-04,125000000,801693929,512200
Mean Girls,Comedy,2004-04-30,17000000,130126277,10625
Solo: A Star Wars Story,"Science Fiction, Adventure, Action",2018-05-15,250000000,392952373,348350
The Purge,"Science Fiction, Horror, Thriller",2013-05-31,3000000,89328627,158015
Terminator Genisys,"Science Fiction, Action, Thriller, Adventure",2015-06-23,155000000,440603537,87101
Lady Bird,"Drama, Comedy",2017-09-01,10000000,78966486,391713
Sicario,"Action, Crime, Thriller",2015-09-17,30000000,84872444,273481
Wonder Woman 1984,"Action, Adventure, Fantasy",2020-12-16,200000000,169601036,464052
Alien: Covenant,"Science Fiction, Horror, Mystery",2017-05-09,97000000,240891763,126889
Glass,"Thriller, Drama, Science Fiction",2019-01-16,20000000,246999039,450465
Oldboy,"Drama, Thriller, Mystery, Action",2003-11-21,3000000,15194593,670
About Time,"Drama, Romance, Fantasy",2013-09-04,12000000,87100449,122906
After,"Romance, Drama",2019-04-11,14000000,69497587,537915
Ocean's Eight,"Crime, Comedy, Action",2018-06-07,70000000,297718711,402900
"Crazy, Stupid, Love.","Comedy, Drama, Romance",2011-07-29,50000000,145079584,50646
The Conjuring 2,"Horror, Thriller",2016-06-08,40000000,321834351,259693
Spotlight,"Drama, History",2015-11-06,20000000,98690254,314365
Shaun of the Dead,"Horror, Comedy",2004-04-09,6100000,30097092,747
"The Good, the Bad and the Ugly",Western,1966-12-23,1200000,38900000,429
Argo,"Drama, Thriller",2012-10-11,44500000,232325503,68734
The Lost World: Jurassic Park,"Adventure, Action, Science Fiction",1997-05-23,73000000,618638999,330
Transformers: Dark of the Moon,"Action, Science Fiction, Adventure",2011-06-28,195000000,1123794079,38356
War of the Worlds,"Adventure, Thriller, Science Fiction",2005-06-28,132000000,603873119,74
Top Gun,"Romance, Drama, Action",1986-05-16,15000000,356830601,744
Source Code,"Thriller, Science Fiction, Mystery",2011-03-30,32000000,147332697,45612
The Suicide Squad,"Action, Comedy, Adventure",2021-07-28,185000000,168717425,436969
Ice Age: Dawn of the Dinosaurs,"Animation, Comedy, Family, Adventure",2009-06-26,90000000,886686817,8355
Twelve Monkeys,"Science Fiction, Thriller, Mystery",1995-12-29,29000000,168841459,63
The Jungle Book,"Family, Adventure, Drama, Fantasy",2016-04-07,175000000,966550600,278927
The Secret Life of Pets,"Adventure, Comedy, Animation, Family",2016-06-18,75000000,875457937,328111
Free Guy,"Comedy, Adventure, Science Fiction",2021-08-11,110000000,331526598,550988
12 Angry Men,Drama,1957-04-10,350000,1000000,389
Indiana Jones and the Kingdom of the Crystal Skull,"Adventure, Action",2008-05-21,185000000,786636033,217
Luca,"Animation, Comedy, Fantasy, Adventure, Family",2021-06-17,200000000,49750471,508943
Ghost in the Shell,"Science Fiction, Drama, Action",2017-03-29,110000000,169801921,315837
Transformers: Age of Extinction,"Science Fiction, Action, Adventure",2014-06-25,210000000,1104054072,91314
Fast Five,"Action, Thriller, Crime",2011-04-20,125000000,626137675,51497
Real Steel,"Action, Science Fiction, Drama",2011-09-28,110000000,299268508,39254
Bad Boys for Life,"Thriller, Action, Crime",2020-01-15,90000000,426505244,38700
Top Gun: Maverick,"Action, Drama",2022-05-24,170000000,1488732821,361743
Baywatch,"Comedy, Action, Crime",2017-05-25,69000000,177856751,339846
Sin City,"Thriller, Action, Crime",2005-04-01,40000000,158733820,187
The Help,Drama,2011-08-09,25000000,216639112,50014
Mission: Impossible - Fallout,"Action, Adventure",2018-07-13,178000000,791657398,353081
Fifty Shades Freed,"Drama, Romance",2018-01-17,55000000,368307760,337167
Snow White and the Huntsman,"Adventure, Fantasy, Drama",2012-05-30,170000000,396600000,58595
Eternals,"Science Fiction, Action, Adventure",2021-11-03,200000000,402064899,524434
Apocalypse Now,"Drama, War",1979-08-15,31500000,150000000,28
The Breakfast Club,"Comedy, Drama",1985-02-15,1000000,51525171,2108
22 Jump Street,"Crime, Comedy, Action",2014-06-05,50000000,331333876,187017
Sing,"Animation, Comedy, Family, Music",2016-11-23,75000000,634151679,335797
Chappie,"Crime, Action, Science Fiction",2015-03-04,49000000,104399548,198184
The Day After Tomorrow,"Action, Adventure, Science Fiction, Thriller",2004-05-26,125000000,552639571,435
The Simpsons Movie,"Animation, Comedy, Family",2007-07-25,75000000,527068851,35
Wonder,"Drama, Family",2017-11-13,20000000,305937718,406997
Friends with Benefits,"Romance, Comedy",2011-07-21,35000000,149542245,50544
Pride & Prejudice,"Drama, Romance",2005-09-16,28000000,121616555,4348
10 Things I Hate About You,"Comedy, Romance, Drama",1999-03-30,16000000,53478166,4951
Fantastic Four: Rise of the Silver Surfer,"Adventure, Fantasy, Action, Thriller",2007-06-13,130000000,301913131,1979
10 Cloverfield Lane,"Thriller, Science Fiction, Drama, Horror",2016-03-10,15000000,110216998,333371
Pretty Woman,"Comedy, Romance",1990-03-23,14000000,463406268,114
Assassin's Creed,"Action, Adventure, Science Fiction",2016-12-21,125000000,240697856,121856
Focus,"Romance, Comedy, Crime",2015-02-25,50100000,153962963,256591
Armageddon,"Action, Thriller, Science Fiction, Adventure",1998-07-01,140000000,553799566,95
Quantum of Solace,"Adventure, Action, Thriller, Crime",2008-10-29,200000000,589580482,10764
Tomb Raider,"Action, Adventure, Fantasy",2018-03-05,94000000,274650803,338970
The Little Mermaid,"Animation, Family, Fantasy",1989-11-17,40000000,211343479,10144
King Kong,"Adventure, Drama, Action",2005-12-12,207000000,562363449,254
The Cabin in the Woods,"Horror, Fantasy",2012-04-12,30000000,71041255,22970
Fargo,"Crime, Drama, Thriller",1996-03-08,7000000,60611975,275
Predator,"Science Fiction, Action, Adventure, Thriller",1987-06-12,15000000,98267558,106
Fifty Shades Darker,"Drama, Romance",2017-02-08,55000000,378827494,341174
Groundhog Day,"Romance, Fantasy, Drama, Comedy",1993-02-11,14600000,71074049,137
The Exorcist,Horror,1973-12-26,12000000,441405644,9552
The Terminal,"Comedy, Drama",2004-06-17,60000000,219417255,594
The Lego Movie,"Animation, Family, Adventure, Comedy, Fantasy",2014-02-06,60000000,469160692,137106
The Nice Guys,"Comedy, Crime, Action",2016-05-15,50000000,62788218,290250
Princess Mononoke,"Adventure, Fantasy, Animation",1997-07-12,23500000,169000000,128
Don't Look Up,"Science Fiction, Comedy, Drama",2021-12-07,75000000,791863,646380
The Expendables,"Thriller, Adventure, Action",2010-08-03,80000000,274470394,27578
Nocturnal Animals,"Drama, Thriller",2016-11-04,22500000,29252978,340666
Scott Pilgrim vs. the World,"Action, Comedy, Romance",2010-08-12,85000000,48000000,22538
Batman,"Fantasy, Action, Crime",1989-06-21,35000000,411348924,268
Maze Runner: The Death Cure,"Science Fiction, Action, Adventure, Thriller",2018-01-10,62000000,288175335,336843
Rocky,"Drama, Romance",1976-11-21,1000000,225250402,1366
The Bourne Ultimatum,"Action, Drama, Mystery, Thriller",2007-08-03,70000000,442824138,2503
American Pie,"Comedy, Romance",1999-07-09,11000000,235483004,2105
My Neighbor Totoro,"Fantasy, Animation, Family",1988-04-16,3700000,41000000,8392
Cars 2,"Animation, Family, Adventure, Comedy",2011-06-11,200000000,559852396,49013
The Secret Life of Walter Mitty,"Adventure, Comedy, Drama, Fantasy",2013-12-18,90000000,188133322,116745
Pixels,"Action, Comedy, Science Fiction",2015-07-16,88000000,244874809,257344
Ice Age: Continental Drift,"Animation, Comedy, Adventure, Family",2012-06-27,95000000,877244782,57800
BlacKkKlansman,"Comedy, Crime, Drama",2018-08-09,15000000,93411426,487558
The Meg,"Action, Science Fiction, Horror",2018-08-09,150000000,530517320,345940
127 Hours,"Adventure, Drama, Thriller",2010-11-12,18000000,35692920,44115
Blood Diamond,"Drama, Thriller, Action",2006-12-08,100000000,171720398,1372
Ralph Breaks the Internet,"Family, Animation, Comedy, Adventure",2018-11-20,175000000,529323962,404368
Valerian and the City of a Thousand Planets,"Adventure, Science Fiction, Action",2017-07-20,177200000,225973340,339964
The Bourne Supremacy,"Action, Drama, Thriller",2004-07-23,75000000,288500217,2502
Ford v Ferrari,"Drama, Action, History",2019-11-13,97600000,225508210,359724
Percy Jackson & the Olympians: The Lightning Thief,"Adventure, Fantasy, Family",2010-02-01,95000000,226497209,32657
Coraline,"Animation, Family, Fantasy",2009-02-05,60000000,124600000,14836
Creed,"Action, Drama",2015-11-25,37000000,173567581,312221
Hot Fuzz,"Crime, Action, Comedy",2007-02-14,12000000,80573774,4638
Don't Breathe,"Thriller, Horror",2016-06-08,9900000,159047649,300669
Ted 2,"Comedy, Fantasy",2015-06-25,68000000,215863606,214756
The Butterfly Effect,"Science Fiction, Thriller",2004-01-17,13000000,96060858,1954
Hereditary,"Horror, Mystery, Thriller",2018-06-07,10000000,82530552,493922
Snow White and the Seven Dwarfs,"Fantasy, Animation, Family",1937-12-21,1488423,184925486,408
Midnight in Paris,"Fantasy, Comedy, Romance",2011-05-11,17000000,151119219,59436
Hercules,"Animation, Family, Fantasy, Adventure, Comedy, Romance",1997-06-20,85000000,252712101,11970
American Hustle,"Drama, Crime",2013-12-03,40000000,251171807,168672
Life,"Horror, Science Fiction, Mystery, Thriller",2017-03-22,58000000,100541806,395992
Green Lantern,"Adventure, Action, Thriller, Science Fiction",2011-06-14,200000000,219851172,44912
2 Fast 2 Furious,"Action, Crime, Thriller",2003-06-05,76000000,236350661,584
Sausage Party,"Adventure, Animation, Comedy, Fantasy",2016-07-11,19000000,140705322,223702
Us,"Horror, Thriller, Mystery",2019-03-14,20000000,256067149,458723
Hugo,"Adventure, Drama, Family",2011-11-22,170000000,185770160,44826
Grease,"Romance, Comedy",1978-07-07,6000000,181813770,621
Dark Shadows,"Comedy, Fantasy",2012-05-09,150000000,245527149,62213
Shrek Forever After,"Comedy, Adventure, Fantasy, Animation, Family",2010-05-16,165000000,752600867,10192
The Super Mario Bros. Movie,"Animation, Family, Adventure, Fantasy, Comedy",2023-04-05,100000000,1355725263,502356
The Mummy,"Fantasy, Thriller, Action, Adventure, Horror",2017-06-06,125000000,409231607,282035
Juno,"Comedy, Drama, Romance",2007-12-05,7500000,232372681,7326
Lost in Translation,"Drama, Romance",2003-09-18,4000000,119723856,153
Ocean's Twelve,"Thriller, Crime",2004-12-09,110000000,362744280,163
City of God,"Drama, Crime",2002-08-30,3300000,30641770,598
Big Fish,"Adventure, Fantasy, Drama",2003-12-25,70000000,123218424,587
50 First Dates,"Comedy, Romance",2004-02-13,75000000,196482882,1824
Fast & Furious,"Action, Crime, Drama, Thriller",2009-04-02,85000000,363164265,13804
Train to Busan,"Horror, Thriller, Action, Adventure",2016-07-20,8500000,87547518,396535
8 Mile,"Drama, Music",2002-11-08,41000000,242875078,65
How the Grinch Stole Christmas,"Family, Comedy, Fantasy",2000-11-15,123000000,345823040,8871
Sully,"Drama, History",2016-09-07,60000000,240797623,363676
The Boss Baby,"Animation, Comedy, Family",2017-03-23,125000000,527965936,295693
Cinderella,"Romance, Fantasy, Family, Drama",2015-03-06,95000000,543514353,150689
F9,"Action, Adventure, Crime",2021-05-19,200000000,726229501,385128
Cloud Atlas,"Drama, Science Fiction",2012-10-26,102000000,130482868,83542
TRON: Legacy,"Adventure, Action, Science Fiction",2010-12-14,170000000,400062763,20526
Moonlight,Drama,2016-10-21,4000000,65046687,376867
Superbad,Comedy,2007-03-20,20000000,170812526,8363
Fast & Furious Presents: Hobbs & Shaw,"Action, Adventure, Comedy",2019-08-01,200000000,760098996,384018
The Croods,"Animation, Adventure, Family, Fantasy, Comedy, Action",2013-03-15,135000000,587204668,49519
Rush,"Drama, Action",2013-09-02,38000000,90247624,96721
Jurassic Park III,"Adventure, Action, Thriller, Science Fiction",2001-07-18,93000000,368780809,331
Tomorrowland,"Adventure, Family, Mystery, Science Fiction",2015-05-19,190000000,209154322,158852
Neighbors,Comedy,2014-05-08,18000000,270665134,195589
Wanted,"Action, Thriller, Crime",2008-06-19,75000000,342463063,8909
Despicable Me 3,"Action, Animation, Comedy, Family, Adventure",2017-06-15,80000000,1031552585,324852
Nerve,"Mystery, Adventure, Crime",2016-06-27,19000000,85241496,328387
Heat,"Action, Crime, Drama",1995-12-15,60000000,187436818,949
The Boy in the Striped Pyjamas,"War, Drama, History",2008-05-07,12500000,20416563,14574
Rampage,"Action, Adventure, Science Fiction",2018-04-11,120000000,428028233,427641
Cloverfield,"Action, Thriller, Science Fiction",2008-01-15,25000000,170764026,7191
Constantine,"Fantasy, Action, Horror",2005-02-08,100000000,230884728,561
Click,"Comedy, Drama, Fantasy",2006-06-23,82500000,240685326,9339
Thor: Love and Thunder,"Fantasy, Action, Comedy",2022-07-06,250000000,760928081,616037
Little Miss Sunshine,"Comedy, Drama",2006-07-26,8000000,100523181,773
Children of Men,"Drama, Action, Thriller, Science Fiction",2006-09-22,76000000,70595464,9693
Jack Reacher,"Crime, Drama, Thriller, Action",2012-12-20,60000000,218340595,75780
Easy A,Comedy,2010-09-16,8000000,75026327,37735
Marriage Story,Drama,2019-09-28,18000000,2300000,492188
The Mummy Returns,"Adventure, Action, Fantasy",2001-05-04,98000000,443280904,1734
The Girl with the Dragon Tattoo,"Thriller, Crime, Mystery",2011-12-14,90000000,232617430,65754
Brokeback Mountain,"Drama, Romance",2005-09-10,14000000,178043761,142
Captain Phillips,"Action, Drama, Thriller",2013-10-10,55000000,218791811,109424
Bridge of Spies,"Thriller, Drama",2015-10-15,40000000,165478348,296098
Night at the Museum: Battle of the Smithsonian,"Adventure, Fantasy, Action, Comedy, Family",2009-05-20,150000000,413106170,18360
The Witch,"Drama, Fantasy, Horror, Mystery",2015-01-27,3500000,40423945,310131
Puss in Boots: The Last Wish,"Animation, Family, Fantasy, Adventure, Comedy, Action",2022-12-07,90000000,482129780,315162
Hellboy,"Fantasy, Action",2004-04-02,66000000,99318987,1487
Teenage Mutant Ninja Turtles,"Science Fiction, Action, Adventure, Comedy",2014-08-07,125000000,485004754,98566
Madagascar: Escape 2 Africa,"Family, Adventure, Animation, Comedy",2008-10-30,150000000,603900354,10527
Kung Fu Panda 2,"Animation, Family",2011-05-25,150000000,665692281,49444
Seven Pounds,Drama,2008-12-18,55000000,168167691,11321
Jupiter Ascending,"Science Fiction, Fantasy, Action",2015-02-04,176000003,183987723,76757
Angels & Demons,"Thriller, Mystery",2009-05-13,150000000,485930816,13448
Scary Movie,Comedy,2000-07-07,19000000,278019771,4247
Warcraft,"Action, Adventure, Fantasy",2016-05-25,160000000,433677183,68735
Yes Man,"Comedy, Romance",2008-12-09,70000000,223241637,10201
Prince of Persia: The Sands of Time,"Adventure, Fantasy, Action",2010-05-19,200000000,336365676,9543
Hansel & Gretel: Witch Hunters,"Fantasy, Horror, Action",2013-01-17,50000000,226349749,60304
Pokémon Detective Pikachu,"Action, Adventure, Fantasy",2019-05-03,150000000,449762638,447404
The Platform,"Drama, Science Fiction, Thriller",2019-11-08,1203235,1090116,619264
Insidious,"Horror, Thriller",2011-03-31,1500000,99870886,49018
The Last Samurai,"Drama, Action, War",2003-12-05,140000000,456758981,616
Megamind,"Animation, Action, Comedy, Family, Science Fiction",2010-10-28,130000000,321885765,38055
The Expendables 2,"Action, Adventure, Thriller",2012-08-08,100000000,314975955,76163
RED,"Action, Adventure, Comedy, Crime, Thriller",2010-10-13,58000000,199000000,39514
Mulan,"Adventure, Fantasy, Drama, Action",2020-09-04,200000000,66800000,337401
Raya and the Last Dragon,"Animation, Family, Fantasy, Action, Adventure",2021-03-03,100000000,130423032,527774
mother!,"Drama, Thriller, Horror",2017-09-13,30000000,44516999,381283
Cinderella,"Family, Fantasy, Animation, Romance",1950-02-22,2900000,263591415,11224
Tarzan,"Family, Adventure, Animation, Drama",1999-06-18,130000000,448191819,37135
Hachi: A Dog's Tale,"Drama, Family",2009-06-08,16000000,46749646,28178
Oz the Great and Powerful,"Fantasy, Adventure, Family",2013-03-07,200000000,491868548,68728
The Thing,"Horror, Mystery, Science Fiction",1982-06-25,15000000,19629760,1091
Rise of the Guardians,"Family, Animation, Fantasy, Action, Adventure",2012-11-21,145000000,306941670,81188
Allegiant,"Adventure, Science Fiction, Action, Mystery",2016-03-09,110000000,179246868,262504
Star Trek Beyond,"Action, Adventure, Science Fiction",2016-07-07,185000000,343471816,188927
The Fast and the Furious: Tokyo Drift,"Action, Crime, Drama, Thriller",2006-06-03,85000000,158964610,9615
Olympus Has Fallen,"Action, Thriller",2013-03-20,70000000,170270201,117263
The 40 Year Old Virgin,"Comedy, Romance",2005-08-11,26000000,177378645,6957
Nobody,"Action, Crime, Thriller",2021-03-18,17000000,61779301,615457
Pitch Perfect,"Comedy, Music, Romance",2012-09-28,17000000,115400000,114150
After Earth,"Science Fiction, Action, Adventure",2013-05-30,130000000,243843127,82700
The Irishman,"Crime, Drama, History",2019-11-01,159000000,968853,398978
Taken 2,"Action, Crime, Thriller",2012-09-27,45000000,376141306,82675
Super 8,"Thriller, Science Fiction, Mystery",2011-06-08,50000000,260095986,37686
The Intern,Comedy,2015-09-23,35000000,194564672,257211
Lion,Drama,2016-11-24,12000000,140312928,334543
Sleepy Hollow,"Drama, Fantasy, Thriller, Mystery, Horror",1999-11-19,100000000,206071502,2668
Rio,"Animation, Adventure, Comedy, Family",2011-04-03,90000000,484635760,46195
The Proposal,"Comedy, Romance, Drama",2009-06-01,40000000,317375031,18240
Mission: Impossible III,"Adventure, Action, Thriller",2006-04-25,150000000,398479497,956
Midsommar,"Horror, Drama, Mystery",2019-07-03,9000000,47969371,530385
Scream,"Crime, Horror, Mystery",1996-12-20,15000000,173046663,4232
Ad Astra,"Science Fiction, Drama",2019-09-17,87500000,127461872,419704
Mission: Impossible II,"Adventure, Action, Thriller",2000-05-24,125000000,546388105,955
Beetlejuice,"Fantasy, Comedy",1988-03-30,15000000,74714298,4011
The Emperor's New Groove,"Adventure, Animation, Comedy, Family, Fantasy",2000-12-15,100000000,169327687,11688
28 Days Later,"Horror, Thriller, Science Fiction",2002-10-31,5000000,85720385,170
Terminator 3: Rise of the Machines,"Action, Thriller, Science Fiction",2003-07-02,200000000,435000000,296
The Age of Adaline,"Romance, Fantasy, Drama",2015-04-16,25000000,65663276,293863
Gangs of New York,"Drama, History, Crime",2002-12-14,100000000,193772504,3131
The Nun,"Horror, Mystery, Thriller",2018-09-05,22000000,365582797,439079
"Lock, Stock and Two Smoking Barrels","Comedy, Crime",1998-08-28,1350000,28356188,100
300: Rise of an Empire,"Action, Drama, War",2014-03-05,110000000,337580051,53182
A Good Day to Die Hard,"Action, Thriller",2013-02-06,92000000,304654182,47964
Love Actually,"Comedy, Romance, Drama",2003-09-07,40000000,244931766,508
The Purge: Anarchy,"Horror, Thriller",2014-07-17,9000000,111928365,238636
Mystic River,"Thriller, Crime, Drama, Mystery",2003-03-03,25000000,156822020,322
Alice Through the Looking Glass,"Adventure, Family, Fantasy",2016-05-25,170000000,299457024,241259
Mamma Mia!,"Comedy, Romance",2008-07-03,52000000,609841637,11631
Captain Fantastic,"Adventure, Drama",2016-07-08,5000000,23123592,334533
Terminator Salvation,"Action, Science Fiction, Thriller",2009-05-20,200000000,371353001,534
Batman Returns,"Action, Fantasy",1992-06-19,80000000,280000000,364
There Will Be Blood,Drama,2007-12-26,25000000,77208711,7345
Ghostbusters,"Action, Fantasy, Comedy",2016-07-14,144000000,229147509,43074
The Game,"Drama, Thriller, Mystery",1997-09-12,50000000,109423648,2649
Rango,"Animation, Comedy, Family, Western, Adventure",2011-03-02,135000000,245724603,44896
Pearl Harbor,"War, History, Romance, Drama",2001-05-21,140000000,449220945,676
Dark Phoenix,"Fantasy, Science Fiction, Action, Adventure",2019-06-05,200000000,252442974,320288
This Is the End,"Action, Comedy",2013-06-12,32000000,126041322,109414
Horrible Bosses,"Comedy, Crime",2011-07-08,35000000,209838559,51540
Shark Tale,"Animation, Action, Comedy, Family",2004-09-20,75000000,367275019,10555
The Legend of Tarzan,"Fantasy, Action, Adventure",2016-06-29,180000000,356743061,258489
The Others,"Horror, Mystery, Thriller",2001-08-02,17000000,209947037,1933
The Chronicles of Narnia: Prince Caspian,"Adventure, Family, Fantasy",2008-05-15,225000000,419665568,2454
Rear Window,"Thriller, Mystery",1954-08-01,1000000,37034514,567
Predestination,"Science Fiction, Thriller",2014-08-28,5500000,4942449,206487
Inferno,"Mystery, Thriller, Action",2016-10-13,75000000,220021259,207932
It Follows,"Horror, Mystery",2014-09-24,2000000,14674076,270303
The Impossible,"Adventure, Drama, Thriller",2012-09-09,45000000,198087212,80278
The Blind Side,Drama,2009-11-20,29000000,309208309,22881
Project X,Comedy,2012-03-01,12000000,102731865,57214
Clash of the Titans,"Adventure, Fantasy, Action",2010-03-26,125000000,493214993,18823
Atomic Blonde,"Action, Thriller",2017-07-26,30000000,100014025,341013
Ocean's Thirteen,"Crime, Thriller",2007-06-05,85000000,311312624,298
The Man from U.N.C.L.E.,"Comedy, Action, Adventure",2015-08-13,75000000,108145109,203801
National Treasure,"Adventure, Action, Thriller, Mystery",2004-11-19,100000000,347512318,2059
Noah,"Drama, Adventure",2014-03-07,125000000,362637473,86834
Jackie Brown,Crime,1997-12-25,12000000,39673162,184
Gremlins,"Fantasy, Horror, Comedy",1984-06-08,11000000,153083102,927
How to Train Your Dragon: The Hidden World,"Animation, Family, Adventure",2019-01-03,129000000,524580592,166428
Rain Man,Drama,1988-12-12,25000000,354825435,380
One Hundred and One Dalmatians,"Adventure, Animation, Comedy, Family",1961-01-25,4000000,85000000,12230
The Jungle Book,"Family, Animation, Adventure",1967-10-18,4000000,205843612,9325
Resident Evil,"Horror, Action, Science Fiction",2002-03-15,33000000,102984862,1576
Kick-Ass 2,"Action, Adventure, Crime",2013-07-17,28000000,60700000,59859
Gattaca,"Thriller, Science Fiction, Mystery, Romance",1997-09-07,36000000,12532777,782
Warm Bodies,"Horror, Comedy, Romance",2013-01-31,35000000,116980662,82654
Bad Boys,"Action, Comedy, Crime, Thriller",1995-04-07,19000000,141407024,9737
"Love, Simon","Comedy, Drama, Romance",2018-02-16,17000000,66316289,449176
Annabelle,Horror,2014-10-02,6500000,257047661,250546
The Hitman's Bodyguard,"Action, Comedy",2017-08-16,30000000,176586701,390043
Transformers: The Last Knight,"Action, Adventure, Science Fiction",2017-06-16,217000000,605425157,335988
Happy Death Day,"Horror, Mystery, Comedy",2017-10-12,4800000,125479266,440021
A.I. Artificial Intelligence,"Drama, Science Fiction, Adventure",2001-06-29,100000000,235926552,644
The Ring,"Horror, Mystery",2002-10-18,48000000,249348933,565
Lara Croft: Tomb Raider,"Adventure, Fantasy, Action, Thriller",2001-06-11,115000000,274703340,1995
Little Women,"Drama, Romance",2019-12-25,40000000,216601214,331482
Maleficent: Mistress of Evil,"Family, Fantasy, Adventure, Action",2019-10-16,185000000,491730089,420809
Underworld,"Fantasy, Action, Thriller",2003-09-19,22000000,95708457,277
A Quiet Place Part II,"Science Fiction, Thriller, Horror",2021-05-21,61000000,297400000,520763
Onward,"Family, Animation, Adventure, Comedy, Fantasy",2020-02-29,200000000,141940042,508439
What Happened to Monday,"Science Fiction, Thriller, Drama, Mystery, Action",2017-08-18,20000000,27975429,406990
The Polar Express,"Animation, Adventure, Family, Fantasy",2004-11-10,165000000,310634054,5255
Dracula Untold,"Horror, Action, Fantasy",2014-10-01,70000000,217124280,49017
Dirty Dancing,"Drama, Music, Romance",1987-08-21,6000000,214577242,88
First Blood,"Action, Adventure, Thriller, War",1982-10-22,15000000,125212904,1368
Independence Day: Resurgence,"Action, Adventure, Science Fiction",2016-06-22,165000000,389681935,47933
Spy,"Action, Comedy, Crime",2015-05-06,65000000,235666219,238713
Lilo & Stitch,"Animation, Family",2002-06-21,80000000,273144151,11544
Mulholland Drive,"Thriller, Drama, Mystery",2001-06-06,15000000,20271129,1018
Contagion,"Drama, Thriller, Science Fiction",2011-09-08,60000000,137551594,39538
Madagascar 3: Europe's Most Wanted,"Animation, Family, Comedy, Adventure",2012-06-06,145000000,746921274,80321
Fantastic Four,"Action, Adventure, Science Fiction",2015-08-05,120000000,167977596,166424
Bumblebee,"Action, Adventure, Science Fiction",2018-12-15,135000000,467989645,424783
The Book of Eli,"Action, Thriller, Science Fiction",2010-01-14,80000000,157107755,20504
The Accountant,"Crime, Thriller, Drama",2016-10-13,44000000,155160045,302946
Mrs. Doubtfire,"Comedy, Drama, Family",1993-11-24,25000000,441286195,788
The Godfather Part III,"Crime, Drama, Thriller",1990-12-25,54000000,136766062,242
Dumb and Dumber,Comedy,1994-12-16,16000000,247275374,8467
Space Jam,"Family, Animation, Comedy, Science Fiction",1996-11-15,80000000,250200000,2300
The Babadook,"Drama, Horror",2014-05-22,2000000,10312540,242224
Die Hard: With a Vengeance,"Action, Thriller",1995-05-19,90000000,366101666,1572
Speed,"Action, Adventure, Crime",1994-06-09,30000000,350448145,1637
Red Sparrow,"Thriller, Mystery",2018-02-28,69000000,151572634,401981
Tropic Thunder,"Action, Comedy, Adventure, War",2008-08-09,92000000,195702811,7446
Bolt,"Animation, Family, Adventure, Comedy",2008-11-21,150000000,309979994,13053
The Lobster,"Comedy, Drama, Romance",2015-10-15,4000000,15656193,254320
Grown Ups,Comedy,2010-06-24,80000000,271430189,38365
Flight,Drama,2012-11-02,31000000,161772375,87502
Notting Hill,"Romance, Comedy",1999-05-21,42000000,363889678,509
Eyes Wide Shut,"Drama, Thriller, Mystery",1999-07-16,65000000,162100000,345
The Magnificent Seven,"Adventure, Action, Western",2016-09-14,90000000,162360636,333484
The Karate Kid,"Action, Adventure, Drama, Family",2010-06-10,40000000,359126022,38575
The Lone Ranger,"Action, Adventure, Western",2013-07-03,215000000,260502115,57201
Meet the Parents,"Comedy, Romance",2000-10-06,55000000,330444045,1597
Mr. Nobody,"Science Fiction, Drama, Romance, Fantasy",2009-11-06,47000000,2331721,31011
The Danish Girl,Drama,2015-11-27,15000000,64191523,306819
No Time to Die,"Action, Thriller, Romance",2021-09-29,250000000,774153007,370172
Night at the Museum: Secret of the Tomb,"Adventure, Comedy, Fantasy, Family",2014-12-17,127000000,363204635,181533
The 5th Wave,"Science Fiction, Adventure, Action",2016-01-14,38000000,109906372,299687
Godzilla: King of the Monsters,"Science Fiction, Action",2019-05-29,170000000,386600138,373571
Ghost Rider,"Thriller, Action, Fantasy",2007-01-15,110000000,228738393,1250
Black Panther: Wakanda Forever,"Action, Adventure, Science Fiction",2022-11-09,250000000,859102154,505642
Central Intelligence,"Action, Comedy, Crime, Mystery",2016-06-16,50000000,216972543,302699
Black Adam,"Action, Adventure, Science Fiction",2022-10-19,200000000,393252111,436270
Blade,"Horror, Action",1998-08-21,45000000,131183530,36647
Sweeney Todd: The Demon Barber of Fleet Street,"Drama, Horror",2007-12-20,50000000,152000000,13885
Cloudy with a Chance of Meatballs,"Animation, Comedy, Family",2009-09-17,100000000,242988466,22794
Alice in Wonderland,"Animation, Family, Fantasy, Adventure",1951-07-28,3000000,57200000,12092
Pinocchio,"Animation, Family",1940-02-23,2600000,84300000,10895
Moonrise Kingdom,"Comedy, Drama, Romance",2012-05-16,16000000,68263166,83666
Ender's Game,"Science Fiction, Action, Adventure",2013-10-24,110000000,125537191,80274
The Devil's Advocate,"Drama, Mystery, Thriller, Horror",1997-10-17,57000000,152944660,1813
The Girl on the Train,"Thriller, Mystery, Drama, Crime",2016-10-05,45000000,173185859,346685
Mortal Kombat,"Action, Fantasy, Adventure",2021-04-07,20000000,84426031,460465
Van Helsing,"Horror, Adventure, Action",2004-05-05,160000000,300257475,7131
The Conjuring: The Devil Made Me Do It,"Horror, Mystery, Thriller",2021-05-25,39000000,206431050,423108
From Dusk Till Dawn,"Horror, Action, Thriller, Crime",1996-01-19,19000000,25836616,755
"I, Tonya","Drama, Comedy",2017-12-08,11000000,53939297,389015
The Dictator,Comedy,2012-05-15,65000000,179379533,76493
Manchester by the Sea,Drama,2016-11-18,9000000,78988148,334541
Hulk,"Science Fiction, Adventure, Action",2003-06-19,137000000,245360480,1927
Game Night,"Mystery, Comedy, Crime",2018-02-15,37000000,117501013,445571
The Interview,"Action, Comedy",2014-12-25,44000000,12342632,228967
Hitch,"Comedy, Drama, Romance",2005-02-11,70000000,371600000,8488
Live Free or Die Hard,"Action, Thriller",2007-06-20,110000000,383531464,1571
Jason Bourne,"Action, Thriller, Mystery, Drama",2016-07-27,120000000,415484914,324668
Taken 3,"Thriller, Action",2014-12-16,48000000,325771424,260346
Training Day,"Action, Crime, Drama",2001-10-05,45000000,104876233,2034
Hotel Transylvania 2,"Animation, Comedy, Family, Fantasy",2015-09-21,80000000,473226958,159824
Interview with the Vampire,"Horror, Drama, Fantasy",1994-11-11,60000000,223664608,628
The Bourne Legacy,"Action, Thriller",2012-08-08,130000000,276572938,49040
Jumper,"Action, Adventure, Science Fiction",2008-02-13,85000000,222231186,8247
King Arthur: Legend of the Sword,"Action, Drama, Fantasy",2017-05-10,175000000,148675066,274857
Kung Fu Panda 3,"Action, Adventure, Animation, Comedy, Family",2016-01-23,145000000,521170825,140300
Stand by Me,"Crime, Drama",1986-08-08,8000000,52287414,235
Ace Ventura: Pet Detective,"Comedy, Adventure",1994-02-04,15000000,107217396,3049
Pocahontas,"Adventure, Animation, Family, Romance",1995-06-14,55000000,346079773,10530
Paul,"Adventure, Comedy, Science Fiction",2011-02-14,40000000,97984015,39513
Inside Man,"Crime, Drama, Thriller",2006-03-17,45000000,186003591,388
The Invisible Man,"Thriller, Science Fiction, Horror",2020-02-26,7000000,144492724,570670
Monty Python and the Holy Grail,"Adventure, Comedy, Fantasy",1975-05-25,400000,1940906,762
Die Hard 2,"Action, Thriller",1990-07-03,70000000,240031094,1573
Just Go with It,"Comedy, Romance",2011-02-10,80000000,214945591,50546
Cars 3,"Animation, Adventure, Comedy, Family",2017-06-15,175000000,383925276,260514
Annabelle: Creation,"Horror, Mystery, Thriller",2017-08-03,15000000,306515884,396422
Five Feet Apart,"Romance, Drama",2019-03-14,7000000,92600000,527641
The Goonies,"Adventure, Comedy, Family",1985-06-07,19000000,61389680,9340
Vertigo,"Mystery, Romance, Thriller",1958-05-28,2479000,7797728,426
Total Recall,"Action, Adventure, Science Fiction",1990-06-01,65000000,261317921,861
Casino,"Crime, Drama",1995-11-22,50000000,116112375,524
Moon,"Science Fiction, Drama",2009-06-12,5000000,9760104,17431
Bambi,"Animation, Drama, Family",1942-08-14,858000,267447150,3170
Jurassic World Dominion,"Adventure, Action, Science Fiction",2022-06-01,165000000,1001978080,507086
John Carter,"Action, Adventure, Science Fiction",2012-03-07,250000000,284139100,49529
G.I. Joe: Retaliation,"Science Fiction, Adventure, Action, Thriller",2013-03-27,130000000,371876278,72559
Who Framed Roger Rabbit,"Fantasy, Animation, Comedy, Crime",1988-06-21,70000000,329803958,856
Everything Everywhere All at Once,"Action, Adventure, Science Fiction",2022-03-24,25000000,139200000,545611
Black Hawk Down,"Action, History, War",2001-12-28,92000000,172989651,855
Jungle Cruise,"Action, Adventure, Fantasy",2021-07-28,200000000,220889446,451048
The Chronicles of Narnia: The Voyage of the Dawn Treader,"Adventure, Family, Fantasy",2010-12-02,155000000,415686217,10140
The Hurt Locker,"Drama, Thriller, War",2008-10-10,15000000,49230772,12162
Zombieland: Double Tap,"Comedy, Horror",2019-10-09,42000000,122801777,338967
The Untouchables,"Crime, Drama, History, Thriller",1987-06-03,25000000,76270454,117
Southpaw,"Action, Drama",2015-03-24,30000000,91709827,307081
School of Rock,"Comedy, Music",2003-10-03,35000000,131095990,1584
Liar Liar,Comedy,1997-03-21,45000000,302710615,1624
Signs,"Drama, Thriller, Science Fiction, Mystery",2002-08-02,72000000,408247917,2675
The Good Dinosaur,"Adventure, Animation, Family",2015-11-14,175000000,332207671,105864
Red Notice,"Action, Comedy, Crime",2021-11-04,160000000,178143,512195
Battleship,"Thriller, Action, Adventure, Science Fiction",2012-04-11,209000000,303025485,44833
RoboCop,"Science Fiction, Action, Crime, Thriller",2014-01-30,120000000,242688965,97020
Collateral Beauty,"Drama, Romance",2016-12-15,36000000,88528280,345920
The Italian Job,"Action, Crime",2003-05-30,60000000,176070171,9654
The Wizard of Oz,"Adventure, Fantasy, Family",1939-08-15,2777000,33754967,630
Dr. Strangelove or: How I Learned to Stop Worrying and Love the Bomb,"Drama, Comedy, War",1964-01-29,1800000,9523464,935
Salt,"Action, Mystery, Thriller",2010-07-21,110000000,293329073,27576
Total Recall,"Action, Science Fiction, Thriller",2012-08-02,125000000,198802074,64635
The Iron Giant,"Family, Animation, Science Fiction, Drama",1999-08-06,70000000,23159305,10386
Ghost,"Fantasy, Drama, Thriller, Mystery, Romance",1990-07-13,22000000,505000000,251
Transcendence,"Thriller, Science Fiction, Drama, Mystery",2014-04-16,100000000,103039258,157353
The Tourist,"Action, Thriller, Romance",2010-12-08,100000000,278731369,37710
Enchanted,"Comedy, Family, Fantasy, Romance",2007-11-20,85000000,340487652,4523
Pitch Perfect 2,"Comedy, Music",2015-05-07,29000000,287506194,254470
The Machinist,"Thriller, Drama",2004-07-02,5000000,8203235,4553
Final Destination,Horror,2000-03-17,23000000,112880294,9532
Collateral,"Drama, Crime, Thriller",2004-08-04,65000000,217764291,1538
The Gentlemen,"Comedy, Crime",2020-01-01,22000000,115171795,522627
Barbie,"Comedy, Adventure, Fantasy",2023-07-19,145000000,1428545028,346698
Alien³,"Science Fiction, Action, Horror",1992-05-22,50000000,159773545,8077
Uncharted,"Action, Adventure",2022-02-10,120000000,407141258,335787
The Princess and the Frog,"Romance, Family, Animation",2009-12-08,105000000,270997378,10198
Apocalypto,"Action, Drama, History",2006-12-07,40000000,120673227,1579
Due Date,"Comedy, Drama",2010-11-03,65000000,211780824,41733
Citizen Kane,"Mystery, Drama",1941-04-17,839727,23218000,15
The Adventures of Tintin,"Adventure, Animation, Mystery",2011-10-24,130000000,373993951,17578
The Matrix Resurrections,"Science Fiction, Action, Adventure",2021-12-16,190000000,156497322,624860
Mars Attacks!,"Comedy, Fantasy, Science Fiction",1996-12-13,70000000,101371017,75
Sinister,"Horror, Thriller, Mystery",2012-03-29,3000000,82515113,82507
Creed II,"Drama, Action",2018-11-21,50000000,214215889,480530
Apollo 13,"Drama, History",1995-06-30,52000000,355237933,568
Brother Bear,"Adventure, Animation, Family",2003-10-23,128000000,250397798,10009
Peter Pan,"Animation, Family, Adventure, Fantasy",1953-02-05,4000000,87404651,10693
Non-Stop,"Action, Thriller, Mystery",2014-02-26,50000000,222809600,225574
Halloween,"Horror, Thriller",1978-10-24,325000,70274000,948
Gifted,"Drama, Comedy",2017-04-12,7000000,40343446,400928
The Island,"Action, Thriller, Science Fiction, Adventure",2005-07-21,126000000,162949164,1635
The World's End,"Comedy, Action, Science Fiction",2013-07-18,20000000,46089287,107985
Les Misérables,"History, Drama",2012-12-18,61000000,441809770,82695
Anastasia,"Animation, Family, Fantasy, Adventure",1997-11-20,53000000,139804348,9444
Borat: Cultural Learnings of America for Make Benefit Glorious Nation of Kazakhstan,Comedy,2006-11-01,18000000,262552893,496
Guardians of the Galaxy Vol. 3,"Science Fiction, Adventure, Action",2023-05-03,250000000,845430302,447365
American Gangster,"Drama, Crime",2007-11-02,100000000,266465037,4982
Hook,"Adventure, Fantasy, Comedy, Family",1991-04-10,70000000,300855000,879
Casablanca,"Drama, Romance",1943-01-15,878000,10462500,289
Bad Boys II,"Adventure, Action, Comedy, Thriller, Crime",2003-07-18,130000000,273339556,8961
The Purge: Election Year,"Action, Horror, Thriller",2016-06-29,10000000,118587880,316727
The Aviator,Drama,2004-12-17,110000000,213700000,2567
Knowing,"Action, Mystery, Science Fiction, Thriller",2009-03-19,50000000,155446362,13811
The Transporter,"Action, Crime, Thriller",2002-10-02,21000000,43928932,4108
First Man,"History, Drama",2018-10-10,70000000,105713218,369972
Chronicle,"Science Fiction, Drama, Thriller",2012-02-01,15000000,145000000,76726
True Grit,"Drama, Adventure, Western",2010-12-22,38000000,252276927,44264
Orphan,"Horror, Thriller, Mystery",2009-07-24,20000000,77912251,21208
Paper Towns,"Mystery, Drama, Romance",2015-06-18,12000000,85512300,286565
Lady and the Tramp,"Family, Animation, Romance",1955-06-22,4000000,36359037,10340
Once Upon a Time in America,"Drama, Crime",1984-05-23,30000000,5500000,311
Grave of the Fireflies,"Animation, Drama, War",1988-04-16,3700000,516962,12477
Percy Jackson: Sea of Monsters,"Adventure, Family, Fantasy",2013-08-07,90000000,199850315,76285
The Favourite,"Drama, Comedy, Thriller",2018-11-23,15000000,95918706,375262
Boyhood,Drama,2014-06-05,4000000,48137666,85350
Face/Off,"Action, Crime, Science Fiction",1997-06-27,80000000,245676146,754
Bullet Train,"Action, Comedy, Thriller",2022-08-03,90000000,239268602,718930
Fantastic Mr. Fox,"Adventure, Animation, Comedy, Family",2009-10-23,40000000,46471023,10315
Saw II,Horror,2005-10-28,4000000,147748505,215
Escape Plan,"Action, Thriller",2013-10-09,50000000,137328301,107846
The Shallows,"Horror, Drama, Thriller",2016-06-24,17000000,119100758,332567
17 Again,Comedy,2009-03-11,20000000,136316880,16996
Sleeping Beauty,"Fantasy, Animation, Romance, Family",1959-02-17,6000000,51600000,10882
Hellboy II: The Golden Army,"Fantasy, Horror, Adventure, Action",2008-07-11,85000000,160388063,11253
Batman Forever,"Action, Crime, Fantasy",1995-06-16,100000000,336529144,414
Darkest Hour,"Drama, History",2017-11-22,30000000,150847207,399404
National Treasure: Book of Secrets,"Action, Adventure, Mystery, Thriller",2007-12-13,130000000,459242249,6637
13 Going on 30,"Comedy, Fantasy, Romance",2004-04-13,37000000,96455697,10096
Happy Feet,"Animation, Comedy, Family",2006-11-16,100000000,384335608,9836
The Great Wall,"Action, Adventure, Fantasy",2016-12-16,150000000,331957105,311324
Wind River,"Crime, Drama, Mystery, Thriller",2017-08-03,11000000,44998252,395834
Cowboys & Aliens,"Action, Science Fiction, Thriller, Western",2011-07-29,163000000,174822325,49849
Daredevil,"Fantasy, Action",2003-02-14,78000000,179179718,9480
Gemini Man,"Science Fiction, Action, Adventure, Thriller",2019-10-02,140000000,173469516,453405
Love & Other Drugs,"Drama, Comedy, Romance",2010-11-22,30000000,102820008,43347
Death Proof,"Action, Thriller",2007-05-22,25000000,31126421,1991
Lemony Snicket's A Series of Unfortunate Events,"Adventure, Comedy, Family",2004-12-16,140000000,209073645,11774
Romeo + Juliet,"Drama, Romance",1996-11-01,14500000,147298761,454
Bloodshot,"Action, Science Fiction, Adventure",2020-03-05,42000000,39861118,338762
Paranormal Activity,"Horror, Mystery",2007-09-14,215000,193355800,23827
Man on Fire,"Action, Drama, Thriller",2004-04-23,70000000,130293714,9509
Dredd,"Action, Science Fiction",2012-09-07,50000000,41037742,49049
The Aristocats,"Animation, Comedy, Family, Adventure",1970-12-24,4000000,55675257,10112
The Dark Tower,"Fantasy, Action, Science Fiction",2017-08-03,60000000,113231078,353491
Crimson Peak,"Horror, Romance",2015-10-13,55000000,74679822,201085
Jack the Giant Slayer,"Fantasy, Action, Adventure, Family",2013-02-27,195000000,197687603,81005
Moneyball,Drama,2011-09-23,50000000,110206216,60308
The Equalizer 2,"Action, Thriller, Crime",2018-07-19,62000000,190400157,345887
Terminator: Dark Fate,"Science Fiction, Action",2019-10-23,185000000,261119292,290859
In Bruges,"Comedy, Drama, Crime",2008-02-08,15000000,34533783,8321
John Wick: Chapter 4,"Action, Thriller, Crime",2023-03-22,90000000,426978565,603692
The Sorcerer's Apprentice,"Fantasy, Adventure, Action",2010-07-13,150000000,215283742,27022
Law Abiding Citizen,"Drama, Crime, Thriller",2009-10-15,53000000,127944208,22803
Bridget Jones's Diary,"Comedy, Romance, Drama",2001-04-13,25000000,281929795,634
The Mist,"Horror, Science Fiction, Thriller",2007-11-21,18000000,57470220,5876
Wrath of Man,"Crime, Thriller, Action",2021-04-22,40000000,103966489,637649
Bram Stoker's Dracula,"Romance, Horror",1992-11-13,40000000,215862692,6114
Batman & Robin,"Action, Science Fiction, Adventure, Comedy",1997-06-20,125000000,238207122,415
Skyscraper,"Action, Thriller",2018-07-11,125000000,292351275,447200
The Town,"Crime, Drama, Thriller",2010-09-15,37000000,154026136,23168
A Nightmare on Elm Street,Horror,1984-11-09,1100000,57000000,377
The Hunchback of Notre Dame,"Drama, Animation, Family",1996-06-21,100000000,325338851,10545
The Expendables 3,"Action, Adventure, Thriller",2014-08-07,95000000,214700000,138103
Meet Joe Black,"Fantasy, Drama, Romance",1998-11-12,90000000,142940100,297
The Mule,"Crime, Drama",2018-12-14,50000000,174804407,504172
The Lego Batman Movie,"Animation, Action, Comedy, Family",2017-02-08,80000000,311950384,324849
The Holiday,"Comedy, Romance",2006-12-08,85000000,194168700,1581
Dumbo,"Animation, Family",1941-10-31,812000,1600000,11360
There's Something About Mary,"Romance, Comedy",1998-07-15,23000000,369884651,544
The Princess Diaries,"Comedy, Family, Romance",2001-08-03,37000000,165335153,9880
The Huntsman: Winter's War,"Action, Adventure, Drama",2016-04-06,115000000,164989338,290595
Everest,"Adventure, Drama, History",2015-09-10,55000000,203427584,253412
RoboCop,"Action, Thriller, Science Fiction",1987-07-17,13000000,53424681,5548
American Pie 2,"Comedy, Romance",2001-08-10,30000000,287553595,2770
The Place Beyond the Pines,"Drama, Crime",2013-03-14,15000000,47135966,97367
Glass Onion: A Knives Out Mystery,"Comedy, Crime, Mystery",2022-11-12,40000000,13280000,661374
The Illusionist,"Fantasy, Drama, Thriller, Romance",2006-08-18,16500000,87892388,1491
Pacific Rim: Uprising,"Action, Fantasy, Science Fiction, Adventure",2018-03-21,150000000,290061297,268896
Panic Room,"Crime, Drama, Thriller",2002-03-29,48000000,197079546,4547
Bee Movie,"Family, Animation, Adventure, Comedy",2007-10-28,150000000,287594577,5559
War Dogs,"Comedy, Crime, Drama",2016-08-18,40000000,86234523,308266
Chicken Run,"Animation, Comedy, Family",2000-06-23,45000000,224834564,7443
Jack Reacher: Never Go Back,"Action, Thriller",2016-10-19,60000000,162146076,343611
Turning Red,"Animation, Family, Comedy, Fantasy",2022-03-10,190000000,18879922,508947
Ferris Bueller's Day Off,Comedy,1986-06-11,6000000,70136369,9377
Men in Black: International,"Comedy, Science Fiction, Action",2019-06-12,110000000,253890701,479455
Journey to the Center of the Earth,"Action, Science Fiction, Adventure, Comedy, Family",2008-07-10,45000000,101702060,88751
The Founder,"Drama, History",2016-09-13,15000000,24121245,310307
L.A. Confidential,"Crime, Mystery, Thriller",1997-09-19,35000000,126216940,2118
Geostorm,"Action, Science Fiction, Thriller",2017-10-12,120000000,221600160,274855
Meet the Fockers,"Comedy, Romance",2004-12-22,80000000,516642939,693
Isle of Dogs,"Adventure, Comedy, Animation",2018-03-23,62770198,64337744,399174
White House Down,"Action, Drama, Thriller",2013-06-27,150000000,205366737,117251
London Has Fallen,"Action, Thriller",2016-03-02,60000000,205754447,267860
Bad Teacher,Comedy,2011-05-16,20000000,216197492,52449
Shooter,"Action, Drama, Mystery, Thriller, Crime",2007-03-22,61000000,95696996,7485
Sucker Punch,"Action, Fantasy, Thriller",2011-03-24,82000000,89792502,23629
Spider-Man: Across the Spider-Verse,"Animation, Action, Adventure",2023-05-31,100000000,683241751,569094
Starship Troopers,"Adventure, Action, Thriller, Science Fiction",1997-11-07,105000000,121214377,563
No Strings Attached,"Comedy, Romance",2011-01-21,25000000,149228077,41630
Alien Resurrection,"Science Fiction, Horror, Action",1997-11-12,70000000,162000000,8078
Rush Hour,"Action, Comedy, Crime",1998-09-18,33000000,244721064,2109
The Visit,"Horror, Mystery",2015-09-10,5000000,98450062,298312
Bridge to Terabithia,"Adventure, Drama, Family",2007-02-15,60000000,137587063,1265
I Am Number Four,"Action, Thriller, Science Fiction, Adventure",2011-02-18,50000000,149878437,46529
Déjà Vu,"Action, Thriller, Science Fiction",2006-11-22,75000000,180557550,7551
The Blair Witch Project,"Horror, Mystery",1999-07-14,60000,248639099,2667
The Lighthouse,"Drama, Fantasy, Thriller, Horror",2019-10-18,11000000,18129854,503919
Mary Poppins,"Comedy, Family, Fantasy",1964-12-17,6000000,103082380,433
Halloween,"Horror, Thriller",2018-10-18,10000000,259900000,424139
Atlantis: The Lost Empire,"Animation, Family, Adventure, Science Fiction",2001-06-02,120000000,186053725,10865
Blade II,"Fantasy, Horror, Action, Thriller",2002-03-22,54000000,155010032,36586
Cube,"Thriller, Science Fiction, Mystery",1997-09-09,350000,8969065,431
Hannibal,"Crime, Drama, Thriller",2001-02-08,87000000,351692268,9740
G.I. Joe: The Rise of Cobra,"Adventure, Action, Thriller, Science Fiction",2009-08-03,175000000,302469017,14869
21,"Drama, Crime",2008-03-27,35000000,159808370,8065
Escape Room,"Horror, Thriller, Mystery",2019-01-03,9000000,155712077,522681
Marley & Me,"Comedy, Family",2008-12-25,60000000,255743093,14306
The A-Team,"Thriller, Action, Adventure, Comedy, Crime",2010-06-09,110000000,177238796,34544
Insomnia,"Thriller, Crime",2002-05-24,46000000,113714830,320
Burn After Reading,"Comedy, Drama",2008-09-05,37000000,163720069,4944
Rocketman,"Music, Drama, History",2019-05-17,40000000,167323950,504608
Monsters vs Aliens,"Animation, Family, Adventure, Science Fiction",2009-03-19,175000000,381509870,15512
Mortal Engines,"Adventure, Science Fiction",2018-11-27,100000000,83869818,428078
The Mortal Instruments: City of Bones,"Fantasy, Action, Mystery",2013-08-21,60000000,95396573,123553
The Post,"Drama, History",2017-12-22,50000000,179769467,446354
Casper,"Fantasy, Comedy, Family",1995-05-26,50000000,287928194,8839
The Predator,"Science Fiction, Action, Adventure",2018-09-05,88000000,160542134,346910
Lord of War,"Crime, Drama, Thriller",2005-09-16,50000000,72617068,1830
Robin Hood,"Action, Adventure, Drama",2010-05-12,200000000,321669741,20662
Uncut Gems,"Drama, Thriller, Crime",2019-08-30,19000000,50020902,473033
The Golden Compass,"Adventure, Fantasy",2007-12-04,180000000,372234864,2268
Dilwale Dulhania Le Jayenge,"Comedy, Drama, Romance",1995-10-20,13200000,100000000,19404
Allied,"Action, Drama, War, Romance, Thriller",2016-11-17,85000000,119520023,369885
Exodus: Gods and Kings,"Adventure, Drama, Action",2014-12-03,140000000,268031828,147441
Blue Is the Warmest Color,"Romance, Drama",2013-10-09,4300000,10165694,152584
Scary Movie 2,Comedy,2001-07-04,45000000,141220678,4248
The Lovely Bones,"Fantasy, Drama",2009-12-26,65000000,93621340,7980
Spirit: Stallion of the Cimarron,"Animation, Adventure, Comedy, Family, Drama",2002-05-24,80000000,122563539,9023
Fear and Loathing in Las Vegas,"Adventure, Drama, Comedy",1998-05-22,18500000,10680275,1878
The Rock,"Action, Adventure, Thriller",1996-06-07,75000000,335062621,9802
The Giver,"Drama, Science Fiction",2014-08-13,25000000,66980456,227156
Evil Dead,Horror,2013-04-05,17000000,97542952,109428
Sonic the Hedgehog 2,"Action, Adventure, Family, Comedy",2022-04-08,110000000,405421518,675353
Deepwater Horizon,"Drama, Action",2016-09-28,110000000,121790373,296524
Moulin Rouge!,"Drama, Romance, Music",2001-05-24,52500000,179213434,824
The Invisible Guest,"Drama, Mystery, Thriller",2017-01-06,4000000,30000000,411088
The DUFF,"Romance, Comedy",2015-02-20,8500000,43528634,272693
Robots,"Animation, Comedy, Family, Science Fiction",2005-03-10,75000000,262511490,9928
Carrie,"Drama, Horror",2013-10-16,30000000,82394288,133805
The Circle,"Drama, Thriller, Science Fiction",2017-04-27,18000000,40651864,339988
Power Rangers,"Action, Adventure, Science Fiction",2017-03-23,105000000,142337240,305470
The Adjustment Bureau,"Science Fiction, Thriller, Romance",2011-03-03,50200000,127869379,38050
Perfume: The Story of a Murderer,"Crime, Fantasy, Drama",2006-09-13,60000000,135039924,1427
Warrior,"Drama, Action",2011-09-09,25000000,23308615,59440
The Princess Bride,"Adventure, Family, Fantasy, Comedy, Romance",1987-09-25,16000000,30861665,2493
The Royal Tenenbaums,"Comedy, Drama",2001-10-05,21000000,71441250,9428
Misery,"Drama, Thriller",1990-11-30,20000000,61276872,1700
Ice Age: Collision Course,"Adventure, Animation, Family, Comedy, Science Fiction",2016-06-23,105000000,408579038,278154
A Christmas Carol,"Animation, Family, Fantasy",2009-11-04,200000000,325286646,17979
Lethal Weapon,"Adventure, Action, Comedy, Thriller, Crime",1987-03-06,15000000,120207127,941
Neighbors 2: Sorority Rising,Comedy,2016-05-04,35000000,108758521,325133
The Black Phone,"Horror, Thriller",2022-06-22,17000000,161440742,756999
Zero Dark Thirty,"Thriller, Drama, History",2012-12-19,40000000,132820716,97630
Equilibrium,"Action, Science Fiction, Thriller",2002-12-06,20000000,5359645,7299
The Addams Family,"Comedy, Fantasy",1991-11-22,30000000,191502426,2907
Knight and Day,"Action, Comedy",2010-06-15,117000000,261989769,37834
Over the Hedge,"Family, Comedy, Animation",2006-05-17,80000000,343397247,7518
American Made,"Action, Comedy, Crime, Drama, Thriller",2017-08-18,50000000,133511855,337170
American Reunion,Comedy,2012-04-04,50000000,234989584,71552
Antz,"Adventure, Animation, Comedy, Family",1998-10-02,60000000,171757863,8916
Alvin and the Chipmunks,"Comedy, Family, Fantasy, Animation",2007-12-13,60000000,361366633,6477
Public Enemies,"Crime, Action",2009-07-01,100000000,214104620,11322
Dirty Grandpa,Comedy,2016-01-20,11500000,94073028,291870
Hell or High Water,"Western, Crime, Drama",2016-08-11,12000000,37589296,338766
Pain & Gain,"Action, Crime, Comedy",2013-04-18,25000000,87305549,134374
The Mummy: Tomb of the Dragon Emperor,"Adventure, Action, Fantasy",2008-07-01,145000000,403449830,1735
The Commuter,"Action, Thriller, Mystery",2018-01-11,30000000,119942387,399035
Bridesmaids,"Comedy, Romance",2011-05-13,32500000,288383523,55721
Zoolander,Comedy,2001-09-28,28000000,60780981,9398
Dumbo,"Family, Fantasy, Adventure",2019-03-27,170000000,353284621,329996
Platoon,"Drama, War, Action",1986-12-19,6000000,138530565,792
Snowden,"Drama, History, Crime, Thriller",2016-09-15,40000000,37357216,302401
Scooby-Doo,"Mystery, Adventure, Comedy",2002-06-14,84000000,275650703,9637
Stuart Little,"Family, Fantasy, Comedy, Adventure",1999-12-17,133000000,300135367,10137
Pitch Black,"Thriller, Science Fiction, Action",2000-02-18,23000000,53187659,2787
Into the Woods,"Fantasy, Comedy",2014-12-24,50000000,212902372,224141
Wedding Crashers,"Comedy, Romance",2005-07-13,40000000,288485135,9522
Airplane!,Comedy,1980-07-02,3500000,83453539,813
Hotel Transylvania 3: Summer Vacation,"Animation, Comedy, Family, Fantasy",2018-06-28,80000000,528600000,400155
Need for Speed,"Action, Crime, Drama, Thriller",2014-03-12,66000000,203277636,136797
Donnie Brasco,"Crime, Drama, Thriller",1997-02-27,35000000,124909762,9366
Matilda,"Comedy, Family, Science Fiction",1996-08-02,36000000,33459416,10830
The Beach,"Drama, Adventure, Romance, Thriller",2000-02-03,40000000,144056873,1907
Contact,"Drama, Science Fiction, Mystery",1997-07-11,90000000,171120329,686
Gone in Sixty Seconds,"Action, Crime, Thriller",2000-06-09,90000000,237202299,9679
Robin Hood,"Animation, Family",1973-11-08,5000000,32056467,11886
If I Stay,Drama,2014-08-21,11000000,78274843,249164
The Fighter,Drama,2010-12-10,25000000,93617009,45317
The Passion of the Christ,Drama,2004-02-25,30000000,611899420,615
Rocky IV,Drama,1985-11-21,31000000,300473716,1374
Greenland,"Action, Thriller, Drama",2020-07-29,34000000,52300000,524047
Clueless,"Comedy, Romance",1995-07-19,12000000,56631572,9603
Saw III,"Horror, Thriller, Crime",2006-10-26,10000000,164874275,214
Ant-Man and the Wasp: Quantumania,"Action, Adventure, Science Fiction",2023-02-15,200000000,476071180,640146
1408,"Horror, Mystery, Thriller",2007-06-22,25000000,132963417,3021
Blow,"Crime, Drama",2001-04-04,53000000,83282296,4133
AVP: Alien vs. Predator,"Adventure, Science Fiction, Action, Horror",2004-08-12,70000000,177427090,395
Life of Brian,Comedy,1979-08-17,4000000,20745728,583
[REC],"Horror, Mystery",2007-11-23,1500000,32511655,8329
Rocky II,Drama,1979-06-15,7000000,85182160,1367
Doctor Sleep,"Horror, Thriller, Fantasy",2019-10-30,45000000,72381712,501170
Lara Croft: Tomb Raider - The Cradle of Life,"Action, Adventure, Fantasy, Thriller",2003-07-21,95000000,160099222,1996
Unforgiven,Western,1992-08-07,14400000,159157447,33
Being John Malkovich,"Comedy, Drama, Fantasy",1999-10-29,13000000,22863596,492
Resident Evil: Apocalypse,"Horror, Action, Science Fiction",2004-09-10,45000000,129394835,1577
Cinema Paradiso,"Drama, Romance",1988-11-17,5000000,11990401,11216
The Fly,"Horror, Science Fiction",1986-08-15,15000000,60629159,9426
Coming to America,"Comedy, Romance",1988-06-29,30000000,288752301,9602
Evan Almighty,"Fantasy, Comedy, Family",2007-06-09,175000000,174440724,2698
Journey 2: The Mysterious Island,"Adventure, Action, Science Fiction",2012-01-19,79000000,355692760,72545
Ghostbusters II,"Comedy, Fantasy",1989-06-16,37000000,215394738,2978
The King's Man,"Action, Adventure, Thriller",2021-12-22,100000000,125928656,476669
Dear John,"Drama, Romance, War",2010-02-04,25000000,114977104,22971
The Internship,Comedy,2013-06-07,58000000,44000000,116741
Once Upon a Time in the West,"Drama, Western",1968-12-21,5000000,5380118,335
Grown Ups 2,Comedy,2013-07-11,80000000,247022278,109418
Sing 2,"Animation, Family",2021-12-01,85000000,406000000,438695
Insidious: Chapter 2,"Horror, Thriller",2013-09-12,5000000,161000000,91586
Lone Survivor,"War, Action, Drama, History",2013-12-24,40000000,149295601,193756
One Day,"Drama, Romance",2011-03-02,15000000,59389433,51828
Ready or Not,"Comedy, Horror, Thriller",2019-08-21,6000000,57615777,567609
Philadelphia,Drama,1993-12-22,26000000,206678440,9800
Wrath of the Titans,"Fantasy, Adventure",2012-03-28,150000000,301970083,57165
Upgrade,"Action, Thriller, Science Fiction",2018-05-31,5000000,16706680,500664
Mad Max,"Adventure, Action, Thriller, Science Fiction",1979-04-12,350000,100000000,9659
Ghostbusters: Afterlife,"Fantasy, Comedy, Adventure",2021-11-11,75000000,191000000,425909
Mama,Horror,2013-01-17,15000000,146497771,132232
Steve Jobs,"Drama, History",2015-10-09,30000000,34441873,321697
Bad Moms,Comedy,2016-07-28,20000000,183936074,376659
Red Dragon,"Crime, Drama, Thriller",2002-10-02,78000000,209196298,9533
Silent Hill,"Horror, Mystery",2006-04-21,50000000,100605135,588
28 Weeks Later,"Horror, Thriller, Science Fiction",2007-04-26,15000000,65048678,1562
Breakfast at Tiffany's,"Comedy, Romance, Drama",1961-10-06,2500000,9500000,164
Fast X,"Action, Crime, Thriller",2023-05-17,340000000,704709660,385687
Changeling,"Crime, Drama, Mystery",2008-10-24,55000000,113398237,3580
A Simple Favor,"Crime, Thriller, Mystery, Comedy",2018-08-29,20000000,97644617,484247
Unbroken,"Drama, War",2014-12-25,65000000,163442937,227306
Sex Tape,Comedy,2014-07-17,40000000,126069509,225886
Why Him?,Comedy,2016-12-22,38000000,118102725,356305
Horrible Bosses 2,Comedy,2014-11-12,42000000,107670357,227159
Raging Bull,Drama,1980-11-14,18000000,23000000,1578
The Skin I Live In,"Drama, Horror, Mystery, Thriller",2011-08-17,13000000,33750478,63311
xXx,"Action, Adventure, Thriller",2002-08-09,70000000,277448382,7451
It's a Wonderful Life,"Drama, Family, Fantasy",1946-12-20,3180000,9644124,1585
Superman Returns,"Science Fiction, Action, Adventure",2006-06-28,270000000,391081192,1452
Charlie's Angels,"Action, Adventure, Comedy, Crime, Thriller",2000-11-02,92000000,264105545,4327
Old,"Thriller, Mystery, Horror",2021-07-21,18000000,90146510,631843
Atonement,"Drama, Romance",2007-09-07,30000000,131016624,4347
Amadeus,"History, Music, Drama",1984-09-19,18000000,51973029,279
Close Encounters of the Third Kind,"Science Fiction, Drama",1977-11-18,20000000,306889114,840
Dances with Wolves,"Adventure, Drama, Western",1990-03-30,22000000,424208848,581
The Edge of Seventeen,"Comedy, Drama",2016-11-18,9000000,18803648,376660
The Other Guys,"Action, Comedy, Crime",2010-08-06,100000000,170432927,27581
In the Heart of the Sea,"Thriller, Drama, Adventure, Action, History",2015-12-03,100000000,93920758,205775
Joy,"Drama, Comedy",2015-12-24,60000000,101134059,274479
Invictus,"Drama, History",2009-12-10,60000000,122426792,22954
Anchorman: The Legend of Ron Burgundy,Comedy,2004-06-28,26000000,90574188,8699
2 Guns,"Action, Comedy, Crime",2013-08-02,61000000,131940411,136400
Hercules,"Action, Adventure",2014-07-23,100000000,244819862,184315
Penguins of Madagascar,"Family, Animation, Adventure, Comedy",2014-11-22,132000000,373552094,270946
Gods of Egypt,"Action, Adventure, Fantasy",2016-02-25,140000000,150680864,205584
The Fugitive,"Action, Thriller, Drama",1993-08-06,44000000,368875760,5503
Fantastic Beasts: The Secrets of Dumbledore,"Fantasy, Adventure, Family",2022-04-06,200000000,406950844,338953
The Blues Brothers,"Music, Comedy, Action, Crime",1980-06-16,27000000,115229890,525
Vanilla Sky,"Mystery, Science Fiction, Romance, Fantasy, Thriller, Drama",2001-12-10,68000000,203388341,1903
Gangster Squad,"Crime, Drama, Action, Thriller",2013-01-09,60000000,105200903,82682
The Karate Kid,"Action, Family, Drama",1984-06-22,8000000,130442786,1885
Treasure Planet,"Adventure, Animation, Family, Fantasy, Science Fiction",2002-11-26,140000000,109578115,9016
"O Brother, Where Art Thou?","Adventure, Comedy, Crime",2000-08-30,26000000,71870729,134
The Vow,"Drama, Romance",2012-02-05,30000000,196114570,72570
Resident Evil: Extinction,"Horror, Action, Science Fiction",2007-09-20,45000000,148412065,7737
The Parent Trap,"Comedy, Family",1998-07-28,15000000,92108518,9820
American Wedding,"Comedy, Romance",2003-08-01,55000000,231449203,8273
Riddick,"Science Fiction, Action, Thriller",2013-09-02,38000000,98337295,87421
A Walk to Remember,"Drama, Romance",2002-01-25,11800000,47494916,10229
The Village,"Drama, Mystery, Thriller",2004-07-30,60000000,256697520,6947
A Million Ways to Die in the West,"Comedy, Western",2014-05-22,40000000,86410000,188161
Ponyo,"Animation, Fantasy, Family",2008-07-19,41677699,202404009,12429
Ace Ventura: When Nature Calls,"Crime, Comedy, Adventure",1995-11-10,30000000,212385533,9273
Underworld: Awakening,"Fantasy, Action, Horror",2012-01-19,70000000,160112671,52520
Match Point,"Drama, Thriller, Crime, Romance",2005-10-26,15000000,85306374,116
Kingdom of Heaven,"Drama, Action, Adventure, History, War",2005-05-03,130000000,218122627,1495
A Fistful of Dollars,Western,1964-09-12,200000,14500000,391
Oppenheimer,"Drama, History",2023-07-19,100000000,933700000,872585
The Host,"Action, Adventure, Science Fiction",2013-03-22,44000000,63327201,72710
Truth or Dare,"Thriller, Horror",2018-04-12,3500000,95330493,460019
Con Air,"Action, Thriller, Crime",1997-06-05,75000000,224012234,1701
RED 2,"Action, Comedy, Crime, Thriller",2013-07-18,84000000,148100000,146216
Rocky III,Drama,1982-05-28,17000000,270000000,1371
Scary Movie 3,Comedy,2003-10-24,48000000,220673217,4256
The Hunt,Drama,2012-10-25,3800000,18309793,103663
The Judge,Drama,2014-10-08,50000000,83719388,205587
Stardust,"Adventure, Fantasy, Romance, Family",2007-08-09,70000000,137515140,2270
Lucky Number Slevin,"Drama, Thriller, Crime, Mystery",2006-02-24,27000000,56308881,186
North by Northwest,"Mystery, Thriller",1959-07-08,4000000,13275000,213
Castle in the Sky,"Adventure, Fantasy, Animation, Action, Family, Romance",1986-08-02,3000000,5228752,10515
Predators,"Science Fiction, Action, Thriller",2010-07-03,40000000,127233108,34851
Space Jam: A New Legacy,"Family, Animation, Comedy, Science Fiction",2021-07-08,150000000,163692228,379686
Akira,"Animation, Science Fiction, Action",1988-07-16,10000000,553171,149
The Chronicles of Riddick,"Action, Science Fiction",2004-06-11,105000000,115772733,2789
Before Sunrise,"Drama, Romance",1995-01-27,2500000,5987386,76
Underworld: Evolution,"Fantasy, Action, Thriller",2006-01-12,50000000,111476513,834
The League of Extraordinary Gentlemen,"Fantasy, Action, Thriller, Science Fiction",2003-07-11,78000000,179265204,8698
R.I.P.D.,"Fantasy, Action, Comedy",2013-07-18,130000000,61648500,49524
The Heat,"Action, Comedy, Crime",2013-06-27,43000000,158674180,136795
The NeverEnding Story,"Adventure, Fantasy, Family, Drama",1984-04-06,27000000,20158808,34584
Roma,Drama,2018-08-25,15000000,1140769,426426
The Mask of Zorro,"Action, Adventure",1998-07-16,95000000,250288523,9342
Morbius,"Action, Science Fiction, Fantasy",2022-03-30,75000000,167500000,526896
Home,"Fantasy, Comedy, Animation, Science Fiction, Family",2015-03-18,135000000,368871007,228161
The Menu,"Comedy, Thriller, Horror",2022-11-17,35000000,79628200,593643
Gone with the Wind,"Drama, War, Romance",1939-12-15,4000000,402352579,770
Rush Hour 2,"Action, Comedy, Crime",2001-08-03,90000000,347325802,5175
The First Purge,"Horror, Action, Thriller",2018-07-04,13000000,137056262,442249
The Birds,Horror,1963-03-28,2500000,11500000,571
Scream 2,"Horror, Mystery",1997-12-12,24000000,172363301,4233
The Last Airbender,"Action, Adventure, Fantasy",2010-06-30,150000000,319713881,10196
True Lies,"Action, Thriller",1994-07-15,115000000,378882411,36955
Knocked Up,"Comedy, Romance, Drama",2007-06-01,30000000,219922417,4964
Resident Evil: Retribution,"Action, Horror, Science Fiction",2012-09-12,65000000,240159255,71679
Final Destination 2,"Horror, Mystery",2003-01-31,26000000,90941129,9358
Planet of the Apes,"Thriller, Science Fiction, Action, Adventure",2001-07-25,100000000,362211740,869
When Harry Met Sally...,"Comedy, Romance, Drama",1989-07-21,16000000,92823546,639
Love and Monsters,"Comedy, Action, Adventure, Fantasy",2020-10-16,30000000,1122066,590223
What's Eating Gilbert Grape,"Romance, Drama",1993-12-17,11000000,10032765,1587
Army of the Dead,"Action, Crime, Drama, Horror, Science Fiction, Thriller, Fantasy",2021-05-14,90000000,190700000,503736
Monster House,"Animation, Comedy, Family, Fantasy",2006-06-30,75000000,140175006,9297
Beverly Hills Cop,"Action, Comedy, Crime",1984-12-05,14000000,316360478,90
The Prince of Egypt,"Adventure, Animation, Drama, Family",1998-12-16,70000000,218613188,9837
Garfield,"Animation, Comedy, Family",2004-06-10,50000000,200804534,8920
Elf,"Comedy, Family, Fantasy",2003-10-09,32000000,225097437,10719
Spring Breakers,"Drama, Crime",2013-01-24,5000000,31724284,122081
Yesterday,"Comedy, Fantasy, Music, Romance",2019-06-26,26000000,88092097,515195
Chicken Little,"Animation, Family, Comedy",2005-11-04,150000000,314432665,9982
Legally Blonde,"Comedy, Romance",2001-07-13,18000000,141774679,8835
What Women Want,"Comedy, Romance",2000-12-15,70000000,374111707,3981
La Haine,Drama,1995-05-31,2600000,15300000,406
Lights Out,"Horror, Thriller, Mystery",2016-07-21,4900000,148868835,345911
Dawn of the Dead,"Horror, Action",2004-03-19,26000000,102278712,924
Seven Psychopaths,"Comedy, Crime",2012-10-12,15000000,33035736,86838
Straight Outta Compton,"Drama, Music, History",2015-08-11,28000000,201634991,277216
Fracture,Thriller,2007-04-19,10000000,91354215,6145
The Northman,"Action, Adventure, Fantasy",2022-04-07,70000000,69633110,639933
A Cure for Wellness,"Horror, Mystery, Science Fiction",2017-02-15,40000000,26620002,340837
Unknown,"Action, Mystery, Thriller",2011-02-16,30000000,130786397,48138
"Everything, Everything","Drama, Romance",2017-05-18,10000000,61621140,417678
Searching,"Thriller, Mystery, Drama",2018-08-24,1000000,75462037,489999
The Hitchhiker's Guide to the Galaxy,"Adventure, Comedy, Science Fiction",2005-04-28,50000000,104478416,7453
Miss Congeniality,"Comedy, Crime, Action",2000-12-22,45000000,212000000,1493
Blade: Trinity,"Action, Horror, Fantasy",2004-12-08,65000000,128905366,36648
The Evil Dead,Horror,1981-09-10,350000,29612367,764
"Hail, Caesar!","Comedy, Crime",2016-02-05,22000000,63647656,270487
Begin Again,"Comedy, Music, Romance, Drama",2013-09-07,8000000,63464861,198277
Kiki's Delivery Service,"Animation, Family, Fantasy, Adventure",1989-07-29,6900000,4493017,16859
Billy Elliot,"Drama, Comedy, Music",2000-09-28,5000000,109280263,71
The Grey,"Drama, Thriller, Action, Adventure",2012-01-26,25000000,77278331,75174
Puss in Boots,"Animation, Family, Fantasy, Adventure, Comedy",2011-10-27,130000000,554987477,417859
The Boy,"Horror, Thriller, Mystery",2016-01-22,10000000,73929392,321258
Annie Hall,"Comedy, Drama, Romance",1977-04-19,4000000,38288028,703
Rambo,"Action, Thriller, War",2008-01-24,50000000,113244290,7555
For a Few Dollars More,Western,1965-12-18,600000,15000000,938
The Sword in the Stone,"Animation, Family",1963-12-25,3000000,22182353,9078
The Patriot,"Drama, History, War, Action",2000-06-28,110000000,215294342,2024
47 Ronin,"Drama, Action, Fantasy",2013-12-06,175000000,151783839,64686
The Man in the Iron Mask,"Adventure, Action, Drama",1998-03-12,35000000,182968902,9313
The Crow,"Fantasy, Action, Thriller",1994-05-11,23000000,50694672,9495
Revolutionary Road,"Drama, Romance",2008-12-19,35000000,75981180,4148
Godzilla,"Science Fiction, Action, Thriller",1998-05-20,130000000,379014294,929
Sin City: A Dame to Kill For,"Crime, Action, Thriller",2014-08-20,65000000,39407616,189
Ghost Rider: Spirit of Vengeance,"Action, Fantasy, Thriller",2011-12-10,57000000,132563930,71676
Legend,"Crime, Thriller",2015-09-09,25000000,42972994,276907
Rosemary's Baby,"Drama, Horror, Thriller",1968-06-12,3200000,33395426,805
Rambo: Last Blood,"Action, Thriller, Drama",2019-09-19,50000000,91490353,522938
Resident Evil: Afterlife,"Action, Adventure, Horror, Science Fiction",2010-09-09,60000000,300228084,35791
GoldenEye,"Adventure, Action, Thriller",1995-11-16,58000000,352194034,710
The Neon Demon,"Thriller, Horror",2016-05-31,7000000,3377430,301365
The Smurfs,"Animation, Family, Adventure, Comedy, Fantasy",2011-07-29,110000000,563749323,41513
Lincoln,"History, Drama",2012-11-09,65000000,275293450,72976
Goosebumps,"Adventure, Horror, Comedy",2015-08-05,58000000,158162788,257445
Final Destination 3,"Horror, Mystery",2006-02-09,25000000,118890272,9286
Rambo: First Blood Part II,"Action, Adventure, Thriller, War",1985-05-21,44000000,300400432,1369
The Croods: A New Age,"Animation, Family, Adventure, Fantasy, Comedy",2020-11-25,65000000,215905815,529203
The Descent,"Adventure, Horror",2005-07-08,3500000,57130027,9392
White Chicks,"Comedy, Crime",2004-06-23,37000000,113086475,12153
Identity,"Mystery, Thriller",2003-04-25,28000000,90259536,2832
"Me, Myself & Irene",Comedy,2000-06-22,51000000,149270999,2123
Step Up,"Music, Drama, Romance, Crime",2006-08-11,12000000,114194847,9762
50/50,"Comedy, Drama",2011-09-30,8000000,39187783,40807
How to Lose a Guy in 10 Days,"Comedy, Romance",2003-02-07,50000000,177502387,9919
Enemy of the State,"Action, Drama, Thriller",1998-11-20,90000000,250649836,9798
Flushed Away,"Adventure, Animation, Comedy, Family",2006-10-22,149000000,178120010,11619
Freaky Friday,"Comedy, Family, Fantasy",2003-08-05,26000000,160846332,10330
The Road to El Dorado,"Family, Adventure, Animation, Comedy, Fantasy",2000-03-31,95000000,76432727,10501
Basic Instinct,"Thriller, Mystery",1992-03-20,49000000,352927224,402
Downsizing,"Drama, Science Fiction",2017-12-22,68000000,55003890,301337
Death Race,"Action, Thriller, Science Fiction",2008-08-22,45000000,76014335,10483
Vacation,Comedy,2015-07-28,31000000,104384188,296099
Pineapple Express,"Action, Comedy, Crime",2008-08-06,27000000,101624843,10189
Superman,"Science Fiction, Action, Adventure",1978-12-14,55000000,300218018,1924
Downfall,"Drama, History, War",2004-09-16,18339750,92181574,613
The Road,"Adventure, Drama",2009-11-25,32000000,27635305,20766
Vicky Cristina Barcelona,"Drama, Romance",2008-08-15,15000000,96409300,5038
The Bucket List,"Drama, Comedy",2007-12-25,45000000,175372502,7350
As Good as It Gets,"Drama, Comedy, Romance",1997-12-19,50000000,314178011,2898
Ip Man,"Drama, Action, History",2008-12-12,11715578,22108789,14756
You Don't Mess with the Zohan,"Comedy, Action",2008-06-05,90000000,204313400,10661
Carol,"Romance, Drama",2015-11-20,11800000,40272135,258480
Chinatown,"Crime, Drama, Mystery, Thriller",1974-06-20,6000000,30000000,829
"Girl, Interrupted",Drama,1999-12-21,40000000,48350205,3558
Jennifer's Body,"Horror, Comedy",2009-09-18,16000000,31556061,19994
Molly's Game,"Drama, Crime",2017-12-07,30000000,59284015,396371
Babel,Drama,2006-09-08,25000000,135330182,1164
Carrie,"Horror, Thriller",1976-11-03,1800000,25878153,7340
Demon Slayer -Kimetsu no Yaiba- The Movie: Mugen Train,"Action, Animation, Adventure, Fantasy, Thriller",2020-10-16,15800000,503063688,635302
Underworld: Blood Wars,"Fantasy, Action, Thriller, Horror",2016-11-24,35000000,81093313,346672
Crank,"Action, Thriller, Crime",2006-08-31,12000000,42931041,1948
The Lucky One,"Drama, Romance",2012-04-19,25000000,99357138,77877
The Call of the Wild,"Adventure, Family, Drama",2020-02-19,109000000,111202881,481848
The Deer Hunter,"Drama, War",1978-12-08,15000000,49000000,11778
The Grinch,"Animation, Family, Comedy, Fantasy",2018-11-08,75000000,508575295,360920
Sunshine,"Drama, Science Fiction, Thriller",2007-04-05,50000000,34806812,1272
Dolittle,"Family, Fantasy, Adventure",2020-01-02,175000000,251410631,448119
Modern Times,"Comedy, Drama",1936-02-05,1500000,1800000,3082
Phone Booth,Thriller,2003-04-04,13000000,97837138,1817
Gone Baby Gone,"Crime, Drama, Mystery",2007-09-18,19000000,34619699,4771
Valkyrie,"Drama, Thriller, War",2008-12-25,75000000,200276000,2253
He's Just Not That Into You,"Comedy, Romance, Drama",2009-02-06,40000000,178866158,10184
Drag Me to Hell,"Horror, Thriller",2009-03-15,30000000,90810892,16871
The Angry Birds Movie,"Animation, Adventure, Comedy",2016-05-11,73000000,349779543,153518
Remember Me,"Drama, Romance",2010-03-11,16000000,56032889,23169
Crazy Rich Asians,"Comedy, Drama, Romance",2018-08-15,30000000,238539198,455207
Finding Neverland,Drama,2004-10-17,25000000,116766556,866
Kubo and the Two Strings,"Animation, Adventure, Family",2016-08-18,60000000,76249438,313297
Paddington,"Comedy, Adventure, Family",2014-11-24,55000000,259207227,116149
The Last Witch Hunter,"Fantasy, Action, Adventure",2015-10-21,90000000,146936910,274854
Memories of Murder,"Crime, Drama, Thriller",2003-05-02,2800000,26000000,11423
Saw IV,"Horror, Thriller, Crime",2007-10-25,10000000,139352633,663
The Other Woman,"Comedy, Romance",2014-04-16,40000000,196781193,193610
Isn't It Romantic,"Comedy, Fantasy, Romance",2019-02-13,31000000,48800000,449563
Waterworld,"Adventure, Action, Science Fiction",1995-07-28,175000000,264218220,9804
The Wrestler,"Drama, Romance",2008-09-07,6000000,44734660,12163
Secret Window,"Mystery, Thriller",2004-03-12,40000000,92913171,1586
Underworld: Rise of the Lycans,"Fantasy, Action, Thriller",2009-01-22,35000000,92158961,12437
Bicentennial Man,"Science Fiction, Drama",1999-12-17,100000000,87423861,2277
Up in the Air,"Drama, Romance",2009-09-05,25000000,166842739,22947
Demolition Man,"Crime, Action, Science Fiction",1993-10-08,57000000,58055768,9739
The Monuments Men,"War, Drama, History, Action",2014-01-24,70000000,154984035,152760
The Lives of Others,"Drama, Thriller",2006-03-15,2000000,70000000,582
The Disaster Artist,"Comedy, Drama",2017-03-12,10000000,29820616,371638
Get Smart,"Action, Comedy, Thriller",2008-06-19,80000000,230685453,11665
Road to Perdition,"Crime, Drama, Thriller",2002-07-12,80000000,181001478,4147
Hostel,Horror,2006-01-06,4800000,81979826,1690
Trolls,"Family, Animation, Fantasy, Adventure, Comedy, Music",2016-10-13,125000000,346864462,136799
High School Musical 3: Senior Year,"Comedy, Romance, Drama, Family, Music",2008-10-11,11000000,252909177,11887
The Ugly Truth,"Comedy, Romance",2009-07-24,38000000,321682600,20943
Jigsaw,"Horror, Mystery, Thriller",2017-10-25,10000000,102952888,298250
Falling Down,"Crime, Drama, Thriller",1993-02-26,25000000,40903593,37094
Big,"Fantasy, Drama, Comedy, Romance, Family",1988-06-03,18000000,151927281,2280
Scream 4,"Horror, Mystery",2011-04-11,40000000,97231420,41446
The Handmaiden,"Thriller, Drama, Romance",2016-06-01,8575000,38600000,290098
The Naked Gun: From the Files of Police Squad!,"Comedy, Crime",1988-12-02,12000000,78756177,37136
Mad Max 2,"Adventure, Action, Thriller, Science Fiction",1981-12-24,2000000,24600832,8810
Big Eyes,Drama,2014-12-24,10000000,28883511,87093
Safe House,"Action, Thriller",2012-02-08,85000000,208076205,59961
Transporter 2,"Action, Thriller, Crime",2005-08-03,32000000,89083229,9335
Bad Times at the El Royale,"Thriller, Drama, Mystery, Crime",2018-10-04,32000000,31882724,446021
Enemy at the Gates,"Drama, War, History",2001-03-14,68000000,96976270,853
The Woman in Black,"Drama, Horror, Thriller",2012-02-03,17000000,127730736,65086
Dr. No,"Adventure, Action, Thriller",1962-10-07,1200000,59567035,646
Transformers: Rise of the Beasts,"Action, Adventure, Science Fiction",2023-06-06,195000000,429800000,667538
Nope,"Horror, Science Fiction, Mystery",2022-07-20,68000000,170823080,762504
9,"Action, Adventure, Animation, Science Fiction, Thriller",2009-08-19,30000000,48428063,12244
Swiss Army Man,"Comedy, Drama, Romance, Fantasy, Adventure",2016-06-24,3000000,4900000,347031
Goldfinger,"Adventure, Action, Thriller",1964-09-20,2500000,124881062,658
Disturbia,"Thriller, Drama, Mystery",2007-04-12,20000000,117760134,8271
Before I Fall,"Drama, Mystery, Thriller, Fantasy",2017-03-02,5000000,18900000,397837
The Happening,"Thriller, Science Fiction",2008-06-11,60000000,163403799,8645
Serial (Bad) Weddings,Comedy,2014-04-16,13000000,176404493,262391
3:10 to Yuma,Western,2007-09-06,55000000,70016220,5176
Teenage Mutant Ninja Turtles: Out of the Shadows,"Action, Adventure, Comedy, Family, Science Fiction",2016-06-01,135000000,245623848,308531
What We Do in the Shadows,"Comedy, Horror",2014-06-19,1600000,6263224,246741
The Darjeeling Limited,"Adventure, Drama, Comedy",2007-09-07,16000000,24377151,4538
Midnight Sun,"Romance, Drama",2018-03-22,2800000,27365467,419478
Sleepers,"Crime, Drama, Thriller",1996-10-18,44000000,165615285,819
Seven Samurai,"Action, Drama",1954-04-26,2000000,346300,346
Magnolia,Drama,1999-12-10,37000000,48451803,334
The Talented Mr. Ripley,"Thriller, Crime, Drama",1999-12-25,40000000,128798265,1213
Unstoppable,"Action, Thriller",2010-11-04,100000000,167805466,44048
Blue Jasmine,Drama,2013-08-01,18000000,99206215,160588
Logan Lucky,"Comedy, Crime, Action, Drama",2017-08-17,29000000,48453605,399170
Fall,Thriller,2022-08-11,3000000,16120263,985939
The Lorax,"Animation, Family",2012-03-01,70000000,348840316,73723
Blended,"Comedy, Romance",2014-05-21,40000000,127994610,232672
13 Hours: The Secret Soldiers of Benghazi,"War, Action, History, Drama",2016-01-14,50000000,69411370,300671
Phantom Thread,"Drama, Romance",2017-12-25,35000000,47756590,400617
Homefront,"Action, Thriller",2013-11-12,22000000,43058898,204082
M3GAN,"Science Fiction, Horror",2022-12-28,12000000,179960167,536554
Melancholia,"Drama, Science Fiction",2011-05-26,7400000,15946321,62215
Serenity,"Science Fiction, Action, Adventure, Thriller",2005-09-25,39000000,38869464,16320
Rio 2,"Animation, Adventure, Comedy, Family",2014-03-19,103000000,500188435,172385
Point Break,"Action, Thriller, Crime",1991-01-31,24000000,83531958,1089
Die Another Day,"Adventure, Action, Thriller",2002-11-17,140000000,431971116,36669
Annabelle Comes Home,"Horror, Mystery, Thriller",2019-06-26,30000000,231252591,521029
The Last Song,"Drama, Family, Romance",2010-03-31,20000000,89137047,35690
Crash,Drama,2005-05-06,6500000,98410061,1640
Brothers,"Drama, Thriller, War",2009-12-02,26000000,43474578,7445
Sicario: Day of the Soldado,"Action, Crime, Thriller",2018-06-27,35000000,75836683,400535
The Girl Next Door,"Comedy, Romance",2004-04-09,21000000,31635150,10591
DodgeBall: A True Underdog Story,Comedy,2004-06-18,20000000,167722310,9472
A Few Good Men,Drama,1992-12-11,40000000,243240178,881
Battle: Los Angeles,"Science Fiction, Action",2011-03-08,70000000,211819354,44943
Asterix & Obelix: Mission Cleopatra,"Family, Fantasy, Comedy, Adventure",2002-01-30,58500000,128027976,2899
The Bone Collector,"Drama, Mystery, Thriller, Crime",1999-11-04,73000000,151493655,9481
Nausicaä of the Valley of the Wind,"Adventure, Animation, Fantasy",1984-03-11,1000000,3301446,81
Angel Has Fallen,"Action, Thriller",2019-08-21,40000000,146661977,423204
Rocky Balboa,Drama,2006-12-20,24000000,155929020,1246
Unfriended,"Horror, Mystery, Thriller",2014-10-22,1000000,62882090,277685
This Means War,"Action, Comedy, Romance",2012-02-14,65000000,156974557,59962
Spy Kids,"Action, Comedy, Family, Adventure",2001-03-18,35000000,147934180,10054
The Elephant Man,"Drama, History",1980-10-09,5000000,26010864,1955
Scream 3,"Horror, Mystery",2000-02-03,40000000,161834276,4234
War Horse,"War, History, Drama, Adventure",2011-12-25,66000000,177584879,57212
Identity Thief,"Comedy, Crime",2013-02-07,35000000,173965010,109431
Some Like It Hot,"Comedy, Romance, Crime",1959-03-19,2883848,25000000,239
Johnny English,"Adventure, Action, Comedy",2003-03-14,40000000,160583018,9486
Burnt,Drama,2015-10-02,20000000,36606743,295964
The BFG,"Adventure, Family, Fantasy",2016-06-01,140000000,195243411,267935
The Day the Earth Stood Still,"Drama, Science Fiction, Thriller",2008-12-10,80000000,233093859,10200
Forgetting Sarah Marshall,"Comedy, Romance, Drama",2008-04-17,30000000,105173115,9870
101 Dalmatians,"Family, Comedy",1996-11-27,54000000,320689294,11674
Under the Skin,"Thriller, Science Fiction, Drama",2014-03-14,13300000,5735963,97370
The Gray Man,"Action, Thriller",2022-07-13,200000000,454023,725201
P.S. I Love You,"Drama, Romance",2007-11-15,30000000,156835339,6023
Pitch Perfect 3,"Comedy, Music",2017-12-20,45000000,184724494,353616
Insidious: Chapter 3,"Horror, Thriller, Mystery",2015-05-28,10000000,112983889,280092
Hanna,"Action, Thriller, Adventure",2011-04-07,30000000,63782078,50456
Saving Mr. Banks,"Comedy, Drama, History",2013-11-29,35000000,112544580,140823
Mamma Mia! Here We Go Again,"Comedy, Romance",2018-07-09,75000000,395044706,458423
Hellboy,"Fantasy, Horror, Action, Adventure",2019-04-10,50000000,55065289,456740
A Monster Calls,"Drama, Fantasy",2016-10-07,43000000,47309313,258230
Happy Death Day 2U,"Comedy, Horror, Science Fiction",2019-02-13,9000000,25327500,512196
Closer,"Drama, Romance",2004-12-03,27000000,115505027,2288
Black Mass,"Drama, Crime, History",2015-09-17,53000000,98837872,261023
The New Mutants,"Science Fiction, Horror, Action, Mystery, Adventure",2020-04-02,67000000,49169594,340102
"As Above, So Below","Horror, Thriller",2014-08-14,5000000,41900000,256274
Saw V,"Horror, Thriller, Crime",2008-10-23,10800000,113864059,11917
Mary Poppins Returns,"Fantasy, Family, Comedy",2018-12-13,130000000,348807090,400650
Transporter 3,"Action, Adventure, Thriller, Crime",2008-11-26,30000000,108979549,13387
Natural Born Killers,"Crime, Thriller, Drama",1994-08-26,34000000,50283563,241
Final Destination 5,"Horror, Mystery",2011-08-12,47000000,157887643,55779
Abraham Lincoln: Vampire Hunter,"Action, Fantasy, Horror",2012-06-20,69000000,116471580,72331
Lethal Weapon 2,"Action, Adventure, Comedy, Crime, Thriller",1989-07-07,25000000,227853986,942
Willy Wonka & the Chocolate Factory,"Family, Fantasy, Comedy",1971-06-29,3000000,4000000,252
Stargate,"Action, Adventure, Science Fiction",1994-10-28,55000000,196567262,2164
The Raid,"Action, Thriller, Crime",2012-03-23,1100000,9148519,94329
Catwoman,"Action, Fantasy, Mystery, Crime",2004-07-22,100000000,82102379,314
Cape Fear,Thriller,1991-11-13,35000000,182300000,1598
Wild Wild West,"Action, Adventure, Comedy, Science Fiction, Western",1999-06-30,170000000,222104681,8487
Planet of the Apes,"Science Fiction, Adventure, Drama, Action",1968-02-07,5800000,32589624,871
Vice,"Comedy, Drama",2018-12-25,60000000,76073488,429197
Austin Powers: International Man of Mystery,"Science Fiction, Comedy, Crime",1997-05-02,16500000,67711748,816
Mechanic: Resurrection,"Action, Crime, Thriller",2016-08-25,40000000,125729635,278924
Wild Tales,"Drama, Thriller, Comedy",2014-08-21,4000000,27007072,265195
Battle Royale,"Drama, Thriller, Action",2000-12-16,4500000,30600000,3176
A Dog's Purpose,"Adventure, Comedy, Fantasy, Family, Drama",2017-01-19,22000000,205035819,381289
Before Sunset,"Drama, Romance",2004-06-16,2700000,15992615,80
The Longest Yard,Comedy,2005-05-27,82000000,190320568,9291
The Wave,"Drama, Thriller",2008-03-11,7500000,19000000,7735
Chocolat,"Comedy, Drama, Romance",2000-12-22,25000000,152500343,392
Pompeii,"Action, Adventure, History, Romance, Drama",2014-02-18,100000000,117831631,76649
Minions: The Rise of Gru,"Animation, Comedy, Family",2022-06-29,85000000,939628210,438148
Primal Fear,"Crime, Drama, Mystery, Thriller",1996-03-06,30000000,102616183,1592
Lightyear,"Animation, Action, Adventure, Family, Science Fiction",2022-06-15,200000000,226425420,718789
Thelma & Louise,"Drama, Thriller, Crime, Adventure",1991-05-24,16000000,45361000,1541
Turbo,"Animation, Family",2013-07-11,135000000,282570682,77950
How to Be Single,"Comedy, Romance",2016-02-08,38000000,112343513,259694
Austin Powers: The Spy Who Shagged Me,"Adventure, Comedy, Crime, Science Fiction",1999-06-08,33000000,312016928,817
Machete,"Action, Comedy, Thriller",2010-09-01,20000000,45491656,23631
Eragon,"Fantasy, Action, Adventure, Family",2006-12-14,100000000,249288105,2486
Johnny English Reborn,"Crime, Action, Comedy",2011-09-15,45000000,160078586,58233
Death on the Nile,"Mystery, Crime, Thriller",2022-02-09,90000000,137307235,505026
The Great Dictator,"Comedy, War",1940-10-15,2000000,11000000,914
Horton Hears a Who!,"Animation, Comedy, Family, Adventure, Fantasy",2008-03-03,85000000,298572799,12222
Mirror Mirror,"Adventure, Comedy, Family, Fantasy",2012-03-15,85000000,183018522,62764
Little Fockers,"Comedy, Romance",2010-12-21,100000000,310650585,39451
The Artist,"Drama, Comedy, Romance",2011-10-12,15000000,133432856,74643
Brazil,"Comedy, Science Fiction",1985-02-20,15000000,9900000,68
Alexander,"War, History, Action, Adventure, Drama, Romance",2004-11-21,155000000,167298192,1966
Scent of a Woman,Drama,1992-12-23,31000000,134095253,9475
Frankenweenie,"Animation, Comedy, Family",2012-10-04,39000000,81493846,62214
The Graduate,"Comedy, Drama, Romance",1967-12-21,3000000,104945305,37247
Hitman,"Action, Thriller, Drama",2007-11-21,24000000,99965753,1620
Monster Hunter,"Action, Fantasy, Adventure",2020-12-03,60000000,42145959,458576
The Princess Diaries 2: Royal Engagement,"Comedy, Drama, Family, Romance",2004-08-06,40000000,134734481,11130
Ghost in the Shell,"Action, Animation, Science Fiction",1995-11-18,3000000,515905,9323
Big Daddy,"Comedy, Drama",1999-06-25,34200000,234801895,9032
A Cinderella Story,"Comedy, Family, Romance",2004-07-16,19000000,70067909,11247
Chef,Comedy,2014-05-08,11000000,45967935,212778
Zathura: A Space Adventure,"Science Fiction, Adventure, Family",2005-11-06,65000000,65079104,6795
Eastern Promises,"Thriller, Crime, Mystery",2007-09-14,51500000,56106607,2252
The Gift,"Thriller, Mystery, Drama",2015-07-31,5000000,58978653,328425
Scary Movie 4,Comedy,2006-04-12,45000000,178262620,4257
The Green Hornet,"Action, Crime, Comedy",2011-01-12,120000000,227817248,40805
The Walk,"Drama, Crime, Comedy, Thriller",2015-09-30,35000000,61181942,285783
The Sound of Music,"Drama, Family, Music, Romance",1965-03-29,8200000,286214286,15121
Patch Adams,"Comedy, Drama",1998-12-25,50000000,202292902,10312
The Number 23,"Thriller, Drama, Mystery",2007-02-23,30000000,77566815,3594
You've Got Mail,"Comedy, Romance",1998-12-17,65000000,250821495,9489
Red Riding Hood,"Action, Adventure, Horror, Fantasy, Thriller",2011-03-10,42000000,89162162,49730
Blue Valentine,"Drama, Romance",2010-12-16,1000000,15440333,46705
Pet Sematary,"Horror, Thriller",2019-04-04,21000000,113118226,157433
The Lost City,"Action, Adventure, Comedy",2022-03-24,74000000,192907684,752623
The Fox and the Hound,"Adventure, Animation, Drama, Family",1981-07-10,12000000,29800000,10948
The Final Destination,"Horror, Mystery",2009-08-26,40000000,186167139,19912
Daddy's Home,Comedy,2015-12-25,50000000,242786137,274167
Cruel Intentions,"Drama, Romance",1999-03-05,10500000,76347426,796
The Flash,"Action, Adventure, Science Fiction",2023-06-13,300000000,268375616,298618
Blue Velvet,"Crime, Mystery, Thriller",1986-09-19,6000000,8618766,793
Jerry Maguire,"Comedy, Drama, Romance",1996-12-13,50000000,273552592,9390
The Last Duel,"History, Drama, Action",2021-10-13,100000000,30500000,617653
The Mechanic,"Action, Thriller, Crime",2011-01-13,40000000,51070807,27582
Life As We Know It,"Comedy, Romance, Drama",2010-10-02,38000000,105734416,38408
Robin Hood: Prince of Thieves,"Action, Adventure, Drama, Romance",1991-06-14,48000000,390493908,8367
End of Watch,"Crime, Drama, Thriller",2012-09-20,7000000,48126384,77016
The Hunt for Red October,"Action, Adventure, Thriller",1990-03-02,30000000,200512643,1669
The Lincoln Lawyer,"Crime, Drama, Thriller",2011-03-17,40000000,85412898,50348
The Longest Ride,"Drama, Romance",2015-04-09,34000000,63013281,228205
Tremors,"Horror, Action, Science Fiction",1990-01-19,11000000,48572000,9362
Raw,"Drama, Horror",2016-11-11,3500000,4100000,393519
Trading Places,Comedy,1983-06-07,15000000,90404800,1621
Brooklyn,"Romance, Drama",2015-10-20,11000000,62076141,167073
Dumb and Dumber To,Comedy,2014-11-12,40000000,169837010,100042
Sister Act,"Music, Comedy",1992-05-28,31000000,231605150,2005
Surrogates,"Science Fiction, Action, Thriller",2009-09-24,80000000,122444772,19959
The Whale,Drama,2022-12-09,3000000,55101305,785084
27 Dresses,"Comedy, Romance",2008-01-10,30000000,160259319,6557
Shame,Drama,2011-10-02,6500000,3909002,76025
T2 Trainspotting,"Drama, Comedy",2017-01-27,18000000,42067430,180863
Twister,"Action, Adventure, Drama",1996-05-10,92000000,494471524,664
"Crouching Tiger, Hidden Dragon","Adventure, Drama, Action, Romance",2000-07-06,17000000,213525736,146
A History of Violence,"Drama, Thriller, Crime",2005-09-23,32000000,60740827,59
Knock Knock,Thriller,2015-06-26,2500000,6341684,263472
Rocky V,Drama,1990-11-16,42000000,119946358,1375
Self/less,"Science Fiction, Mystery, Thriller, Action",2015-07-10,26000000,31807156,238615
Rush Hour 3,"Action, Comedy, Crime",2007-08-08,140000000,258022233,5174
The Great Beauty,Drama,2013-05-21,9200000,24930592,179144
Predator 2,"Science Fiction, Action, Thriller",1990-11-21,35000000,57120318,169
Cloudy with a Chance of Meatballs 2,"Animation, Family, Comedy",2013-09-26,78000000,248384621,109451
The Bling Ring,"Drama, Crime",2013-06-12,15000000,19145732,96936
Valentine's Day,"Comedy, Romance",2010-02-10,52000000,216485654,32856
The Virgin Suicides,"Drama, Romance",1999-12-31,6000000,10409377,1443
The Taking of Pelham 1 2 3,"Crime, Thriller, Action",2009-06-10,100000000,150166126,18487
Side Effects,"Thriller, Crime, Drama",2013-02-07,30000000,63372757,109421
The Scorpion King,"Action, Adventure, Fantasy",2002-04-18,60000000,165333180,9334
Young Frankenstein,Comedy,1974-12-15,2800000,86273333,3034
Still Alice,Drama,2014-12-05,5000000,44779195,284293
The Texas Chain Saw Massacre,Horror,1974-10-01,85000,30900000,30497
Tag,"Comedy, Action",2018-05-30,28000000,75100000,455980
Rambo III,"Action, Adventure, Thriller, War",1988-05-24,63000000,189015611,1370
The Hunt,"Action, Thriller, Horror",2020-03-11,14000000,10550350,514847
Boogie Nights,Drama,1997-10-07,15000000,43101594,4995
21 Grams,"Drama, Crime, Thriller",2003-09-06,20000000,60427839,470
Resident Evil: The Final Chapter,"Action, Horror, Science Fiction",2016-12-23,40000000,312242626,173897
Carlito's Way,"Crime, Drama, Romance, Thriller",1993-11-10,30000000,63848322,6075
Crawl,"Thriller, Horror, Action",2019-07-11,13500000,91542097,511987
Brightburn,"Horror, Science Fiction, Thriller, Mystery",2019-05-09,6000000,33224654,531309
Anger Management,Comedy,2003-04-11,75000000,195745823,9506
Austin Powers in Goldmember,"Comedy, Crime, Science Fiction",2002-07-26,63000000,296938801,818
Erin Brockovich,Drama,2000-03-17,52000000,256271286,462
Bride Wars,"Comedy, Romance",2009-01-09,30000000,115375850,10521
The Tree of Life,"Drama, Fantasy",2011-05-17,32000000,54674226,8967
Step Brothers,Comedy,2008-07-25,65000000,128107642,12133
Singin' in the Rain,"Comedy, Romance",1952-04-09,2540800,7200000,872
The Pacifier,"Comedy, Family, Action",2005-03-04,56000000,198636868,10022
Master and Commander: The Far Side of the World,"Adventure, Drama, War",2003-11-14,150000000,212011111,8619
Doctor Dolittle,"Comedy, Family, Fantasy",1998-06-26,71000000,294456605,3050
Lawless,"Crime, Drama, Western",2012-08-29,26000000,53676580,82633
The Emoji Movie,"Animation, Family, Comedy",2017-07-23,50000000,216909830,378236
Army of Darkness,"Fantasy, Horror, Comedy",1992-10-31,11000000,21502976,766
What Happens in Vegas,"Comedy, Romance",2008-05-07,35000000,219375562,9029
Shakespeare in Love,"Romance, History, Comedy",1998-12-11,25000000,289317794,1934
Silence,"Drama, History",2016-12-22,46000000,23737523,68730
Saw VI,"Horror, Thriller",2009-10-22,11000000,68234154,22804
Parker,"Action, Crime",2013-01-23,35000000,46216641,119283
Underwater,"Horror, Science Fiction, Action, Adventure",2020-01-08,50000000,40882928,443791
Last Night in Soho,"Mystery, Thriller, Horror",2021-10-21,43000000,22957625,576845
Hitman: Agent 47,"Action, Crime, Thriller",2015-08-20,35000000,81967450,249070
Charlie's Angels: Full Throttle,"Action, Adventure, Comedy",2003-06-27,120000000,259175788,9471
The Tomorrow War,"Action, Science Fiction, Adventure",2021-09-03,200000000,14400000,588228
Escape from New York,"Science Fiction, Action",1981-05-23,6000000,50244700,1103
Nanny McPhee,"Fantasy, Comedy, Family",2005-10-21,25000000,123276807,11283
Tomorrow Never Dies,"Adventure, Action, Thriller",1997-12-11,110000000,333011068,714
Fantasia,"Animation, Family",1940-11-13,2280000,76411819,756
The Reader,"Drama, Romance",2008-12-10,32000000,108902486,8055
The Secret Life of Pets 2,"Adventure, Animation, Comedy, Family",2019-05-24,80000000,155152550,412117
Memoirs of a Geisha,"Drama, Romance, History",2005-12-06,85000000,162242962,1904
A Knight's Tale,"Adventure, Drama, Romance, Action",2001-05-11,65000000,117487473,9476
Elvis,"Drama, Music, History",2022-06-22,85000000,288670284,614934
"Honey, I Shrunk the Kids","Adventure, Comedy, Family, Science Fiction",1989-06-23,18000000,222724172,9354
Another Round,"Comedy, Drama",2020-09-24,5150000,21700000,580175
The Father,Drama,2020-12-23,6000000,21029340,600354
Magic Mike,"Drama, Comedy",2012-06-28,7000000,167221571,77930
The Last of the Mohicans,"Action, Adventure, Drama, History, Romance, War",1992-08-26,40000000,75505856,9361
The Trial of the Chicago 7,"Drama, History",2020-09-25,35000000,107423,556984
Evil Dead II,"Horror, Comedy, Fantasy",1987-03-13,3500000,10900000,765
Robin Hood,"Adventure, Action, Thriller",2018-11-21,100000000,86493046,375588
House of Gucci,"Drama, History, Crime",2021-11-24,75000000,153235995,644495
She's the Man,"Comedy, Romance",2006-03-17,20000000,33889159,9655
House of Wax,"Horror, Thriller",2005-05-05,40000000,68766121,10066
American Assassin,"Action, Thriller",2017-09-14,33000000,67200000,415842
Body of Lies,"Action, Drama, Thriller",2008-10-09,70000000,113280098,12113
Home Alone 3,"Comedy, Family",1997-12-12,32000000,79082515,9714
Money Monster,"Thriller, Drama",2016-05-12,27000000,93282604,303858
Charlie's Angels,"Action, Adventure, Comedy",2019-11-14,48000000,73279888,458897
Hustlers,"Drama, Comedy, Crime",2019-09-12,20000000,157600000,540901
Bombshell,Drama,2019-12-13,32000000,61404394,525661
Bridget Jones's Baby,"Comedy, Romance",2016-09-14,35000000,211952420,95610
Deep Impact,"Action, Drama, Science Fiction",1998-05-08,75000000,349464664,8656
Abduction,"Thriller, Action, Mystery",2011-09-22,35000000,82087155,59965
Scream,"Horror, Mystery, Thriller",2022-01-12,24000000,140041405,646385
The Family,"Crime, Comedy, Action",2013-09-13,30000000,36894225,112205
"10,000 BC","Adventure, Action, Drama, Fantasy",2008-03-04,105000000,269784201,7840
The Girl with the Dragon Tattoo,"Drama, Thriller, Crime, Mystery",2009-02-27,13000000,109421911,15472
The Call,"Crime, Thriller",2013-03-14,13000000,68572378,158011
Carnage,"Comedy, Drama",2011-09-16,25000000,30722632,72113
The Butler,Drama,2013-08-16,25000000,115922175,132363
Letters to Juliet,"Comedy, Drama, Romance",2010-05-13,30000000,82148538,37056
Tower Heist,"Action, Comedy",2011-11-02,75000000,152930623,59108
Hocus Pocus,"Fantasy, Comedy, Family",1993-07-16,28000000,45395069,10439
The Master,Drama,2012-09-07,32000000,28258060,68722
The Hills Have Eyes,"Horror, Thriller",2006-03-10,15000000,69623713,9792
The Ninth Gate,"Mystery, Thriller, Horror",1999-08-25,38000000,58401898,622
Jeepers Creepers,"Horror, Thriller, Mystery",2001-07-01,10000000,59217789,8922
Mr. Popper's Penguins,"Comedy, Family",2011-06-17,55000000,187361754,58224
The SpongeBob Movie: Sponge on the Run,"Family, Animation, Fantasy, Adventure, Comedy",2020-08-14,60000000,4700000,400160
Next,"Action, Science Fiction, Thriller",2007-04-25,70000000,76066841,1738
Oculus,Horror,2013-09-08,5000000,44459951,157547
The Name of the Rose,"Drama, Thriller, Mystery",1986-09-24,18000000,77200000,192
Beautiful Creatures,"Fantasy, Drama, Romance",2013-02-13,60000000,60052138,109491
Dragon Ball Super: Broly,"Action, Science Fiction, Animation",2018-12-14,1000000,125002821,503314
The Spectacular Now,"Comedy, Drama, Romance",2013-08-02,2500000,6854611,157386
The Grudge,"Horror, Mystery, Thriller",2004-10-22,10000000,183474602,1970
The Thin Red Line,"Drama, History, War",1998-12-25,52000000,98126565,8741
The Nutty Professor,"Fantasy, Comedy, Romance, Science Fiction",1996-06-28,54000000,128769345,9327
RocknRolla,"Action, Crime, Thriller",2008-09-04,18000000,25740863,13809
Big Trouble in Little China,"Comedy, Action, Adventure, Fantasy",1986-05-30,25000000,11000000,6978
Addams Family Values,"Comedy, Family, Fantasy",1993-11-19,47000000,48919043,2758
They Live,"Science Fiction, Action",1988-11-23,4000000,13008928,8337
From Russia with Love,"Action, Thriller, Adventure",1963-10-10,2500000,78900000,657
Arthur and the Invisibles,"Adventure, Fantasy, Animation, Family",2006-12-13,86000000,107944236,9992
Lawrence of Arabia,"Adventure, Drama, History, War",1962-12-11,15000000,69995385,947
Alvin and the Chipmunks: The Squeakquel,"Comedy, Family, Animation, Fantasy, Music",2009-12-21,75000000,443140005,23398
Poltergeist,Horror,1982-06-04,10700000,122200000,609
The Ritual,"Horror, Thriller, Mystery",2017-10-11,1000000,1786396,433808
Shallow Hal,"Comedy, Romance",2001-11-01,40000000,141069860,9889
Palm Springs,"Comedy, Romance, Science Fiction",2020-07-10,5000000,164000,587792
Insidious: The Last Key,"Horror, Mystery, Thriller",2018-01-03,10000000,167885588,406563
Let the Right One In,"Horror, Drama",2008-10-24,4000000,10785801,13310
Nomadland,Drama,2021-01-29,5000000,14784114,581734
Air Force One,"Action, Thriller",1997-07-25,85000000,315156409,9772
The Bodyguard,"Thriller, Action, Drama, Music, Romance",1992-11-25,25000000,411006740,619
Instant Family,Comedy,2018-11-16,48000000,120989656,491418
Dog Day Afternoon,"Crime, Drama, Thriller",1975-09-21,1800000,46665856,968
Spaceballs,"Comedy, Science Fiction",1987-06-24,22700000,38119483,957
Jack Ryan: Shadow Recruit,"Action, Drama, Thriller",2014-01-15,60000000,135511030,137094
The Orphanage,"Horror, Drama, Thriller",2007-05-20,3400000,78638987,6537
Saw 3D,"Horror, Crime",2010-10-22,20000000,136151680,41439
The Thing,"Horror, Science Fiction, Mystery, Thriller",2011-10-12,35000000,31505287,60935
The Wind Rises,"Drama, Animation, War",2013-07-20,30000000,117932401,149870
The Bounty Hunter,"Comedy, Action, Romance",2010-03-16,40000000,136333522,27573
The Legend of Zorro,"Action, Adventure, Western",2005-10-24,75000000,142400065,1656
Babe,"Fantasy, Drama, Comedy, Family",1995-07-18,30000000,254134910,9598
Office Space,Comedy,1999-02-19,10000000,12827813,1542
Flipped,"Romance, Drama",2010-08-06,14000000,1755212,43949
The Best Offer,"Drama, Romance, Crime",2013-01-01,13500000,19255873,152742
Devil,"Horror, Mystery, Thriller",2010-09-16,10000000,33583175,44040
Ferdinand,"Animation, Family, Adventure, Comedy",2017-12-09,111000000,295038508,364689
Moonfall,"Science Fiction, Adventure, Action",2022-02-03,146000000,67295363,406759
The World Is Not Enough,"Adventure, Action, Thriller",1999-11-17,135000000,361832400,36643
The Next Three Days,"Romance, Drama, Thriller, Crime",2010-11-18,30000000,67448651,43539
Along Came Polly,"Comedy, Romance",2004-01-16,42000000,178311729,5966
Child's Play,Horror,1988-11-09,9000000,44196684,10585
Beastly,"Drama, Fantasy, Romance",2011-01-21,17000000,43202283,38117
Bedtime Stories,"Fantasy, Comedy, Family, Romance",2008-12-24,80000000,212874864,10202
Date Night,"Comedy, Action, Adventure",2010-04-08,55000000,152263880,35056
Run All Night,"Action, Crime, Thriller",2015-03-11,50000000,71561644,241554
A Walk Among the Tombstones,"Crime, Drama, Mystery, Thriller",2014-09-18,28000000,58834384,169917
12 Strong,"War, Drama, Action, History",2018-01-18,35000000,67450815,429351
The Lost City of Z,"Adventure, Drama, History",2017-03-15,30000000,8574339,314095
Eagle Eye,"Mystery, Thriller, Action",2008-09-25,80000000,178800000,13027
Walk the Line,"Drama, Music, Romance",2005-09-13,28000000,186797986,69
Lethal Weapon 3,"Adventure, Action, Comedy, Thriller, Crime",1992-05-15,35000000,321731527,943
The Dreamers,"Drama, Romance",2003-09-01,15000000,15121165,1278
Coach Carter,"Drama, History",2005-01-14,30000000,76669806,7214
Hotel Rwanda,"Drama, History, War",2004-03-04,17500000,38000000,205
Overlord,"Horror, War, Science Fiction",2018-11-01,38000000,41657844,438799
The Life Aquatic with Steve Zissou,"Adventure, Comedy, Drama",2004-12-10,50000000,34808403,421
Mr. Bean's Holiday,"Family, Comedy",2007-03-22,25000000,232225908,1268
The SpongeBob SquarePants Movie,"Family, Animation, Comedy, Fantasy, Adventure",2004-11-14,30000000,140161792,11836
Jarhead,"Drama, War",2005-11-04,72000000,97076152,25
The Darkest Minds,"Action, Adventure, Drama",2018-07-25,34000000,41142379,445651
Den of Thieves,"Action, Thriller, Crime",2018-01-18,30000000,80509622,449443
Beowulf,"Adventure, Action, Animation",2007-11-05,70000000,195735876,2310
Scary Movie 5,Comedy,2013-04-11,20000000,78378744,4258
American Ultra,"Comedy, Action",2015-08-19,28000000,27139524,261392
Pan,"Fantasy, Adventure, Family, Action",2015-09-24,150000000,128388320,266647
The Little Prince,"Adventure, Animation, Fantasy, Family",2015-07-29,64000000,97571250,309809
The Abyss,"Adventure, Action, Thriller, Science Fiction",1989-08-09,70000000,90000098,2756
Desperado,"Thriller, Action, Crime",1995-08-25,7000000,25405445,8068
Dune,"Action, Science Fiction, Adventure",1984-12-14,40000000,30925690,841
Friday the 13th,Horror,1980-05-09,550000,59754601,4488
Cheaper by the Dozen,"Comedy, Family",2003-12-24,40000000,190212113,11007
Seven Years in Tibet,"Adventure, Drama, History",1997-09-12,70000000,131457682,978
Crank: High Voltage,"Action, Thriller, Crime",2009-04-16,20000000,34560577,15092
Let's Be Cops,Comedy,2014-08-13,17000000,136621271,193893
Buried,"Drama, Thriller, Mystery",2010-09-24,1987650,19152480,26388
Irreversible,"Drama, Thriller, Crime",2002-05-22,3500000,6500000,979
Aliens vs Predator: Requiem,"Fantasy, Action, Science Fiction, Thriller, Horror",2007-12-25,40000000,130290885,440
Meet the Robinsons,"Animation, Comedy, Family",2007-03-23,150000000,169332978,1267
We Need to Talk About Kevin,"Drama, Thriller",2011-09-28,7000000,10765283,71859
The Punisher,"Action, Crime, Drama",2004-04-15,33000000,54700105,7220
Spies in Disguise,"Animation, Action, Adventure, Comedy, Family",2019-12-04,100000000,171616764,431693
The Rocky Horror Picture Show,"Comedy, Science Fiction, Fantasy, Horror",1975-08-14,1200000,112892319,36685
Bridget Jones: The Edge of Reason,"Comedy, Romance",2004-11-10,40000000,262500000,9801
From Hell,"Horror, Mystery, Thriller",2001-02-08,35000000,74558115,768
47 Meters Down,"Thriller, Adventure, Horror",2017-05-25,5500000,62198461,403119
Going in Style,"Crime, Comedy",2017-04-06,25000000,84618541,353070
Mud,Drama,2013-04-26,10000000,32613173,103731
Coherence,"Thriller, Science Fiction",2013-09-19,50000,139745,220289
Idiocracy,"Comedy, Science Fiction, Adventure",2006-09-01,30000000,495303,7512
The Secret World of Arrietty,"Fantasy, Animation, Family",2010-07-16,23000000,149480483,51739
The Imaginarium of Doctor Parnassus,"Adventure, Fantasy, Mystery",2009-10-01,30000000,64352607,8054
LOL,"Drama, Comedy, Romance",2012-02-10,11000000,10500000,80271
The Descendants,"Comedy, Drama",2011-09-09,20000000,177243185,65057
The Change-Up,Comedy,2011-08-05,52000000,75450437,49520
Mad Max Beyond Thunderdome,"Action, Adventure, Science Fiction",1985-06-29,10000000,36230219,9355
The Brothers Grimm,"Adventure, Fantasy, Action, Comedy, Thriller",2005-08-26,88000000,105316267,4442
The Exorcism of Emily Rose,"Crime, Drama, Horror, Thriller",2005-09-09,19000000,145166804,8643
Café Society,"Comedy, Drama, Romance",2016-05-11,30000000,43763247,339397
Epic,"Animation, Adventure, Family, Fantasy",2013-05-15,100000000,268426634,116711
Barry Lyndon,"Drama, Romance, War",1975-12-18,11000000,198992,3175
Mommy,Drama,2014-09-19,4900000,3494070,265177
Nightmare Alley,"Thriller, Crime, Drama",2021-12-02,60000000,39629195,597208
Escape from Alcatraz,"Drama, Thriller",1979-06-22,8000000,43004381,10734
Christopher Robin,"Adventure, Comedy, Family, Fantasy",2018-08-02,75000000,99138899,420814
The Fountain,"Drama, Adventure, Science Fiction, Romance",2006-11-22,35000000,15304890,1381
Open Season,"Animation, Family, Adventure, Comedy",2006-09-27,85000000,197309027,7484
Commando,"Action, Adventure, Thriller",1985-10-03,10000000,57500000,10999
August Rush,"Family, Drama, Music",2007-11-21,25000000,66122026,5123
I Know What You Did Last Summer,"Horror, Thriller, Mystery",1997-10-17,17000000,125586134,3597
Get Hard,Comedy,2015-03-26,40000000,111811453,257091
The Host,"Horror, Drama, Science Fiction",2006-07-27,11000000,88489643,1255
Mortdecai,"Comedy, Adventure",2015-01-21,60000000,47318560,210860
Event Horizon,"Horror, Science Fiction, Mystery",1997-08-15,60000000,26673242,8413
Dark City,"Mystery, Science Fiction",1998-02-27,27000000,27200316,2666
That Awkward Moment,"Comedy, Romance",2014-01-29,8000000,45640143,225565
30 Days of Night,"Horror, Thriller",2007-10-17,30000000,75505973,4513
Ouija,Horror,2014-10-24,5000000,103590271,242512
The Florida Project,Drama,2017-10-06,2000000,11303040,394117
The Break-Up,"Romance, Comedy",2006-06-01,52000000,205668210,9767
The Lake House,"Drama, Mystery, Romance",2006-06-16,40000000,114830111,2044
Kung Fu Hustle,"Action, Comedy, Crime, Fantasy",2004-02-10,20000000,102034104,9470
We Bought a Zoo,"Drama, Comedy, Family",2011-12-08,50000000,120081841,74465
Scooby-Doo 2: Monsters Unleashed,"Mystery, Fantasy, Adventure, Comedy",2004-03-24,80000000,181466833,11024
Tucker and Dale vs. Evil,"Comedy, Horror",2010-01-22,5000000,5224938,46838
A Nightmare on Elm Street,"Horror, Mystery, Thriller",2010-04-30,35000000,115664037,23437
Inside Llewyn Davis,"Drama, Music",2013-10-13,11000000,32935319,86829
King Arthur,"Adventure, War, History, Action",2004-07-07,120000000,203567857,9477
Locke,"Drama, Thriller",2014-04-10,2000000,4635300,210479
The Three Musketeers,"Adventure, Action, Thriller",2011-08-31,75000000,132274484,52451
Marie Antoinette,"Drama, History",2006-05-24,40000000,60917189,1887
Confessions of a Shopaholic,"Comedy, Romance",2009-02-05,40000000,108332743,20048
Elemental,"Animation, Comedy, Family, Fantasy, Romance",2023-06-14,200000000,486797988,976573
Ben-Hur,"Action, Drama, History, Adventure",1959-11-18,15000000,164000000,665
"South Park: Bigger, Longer & Uncut","Animation, Comedy",1999-06-30,21000000,83137603,9473
Almost Famous,"Drama, Music",2000-09-15,60000000,47386287,786
Peter Pan,"Adventure, Fantasy, Family",2003-12-18,100000000,121975011,10601
Kiss Kiss Bang Bang,"Comedy, Crime, Mystery, Thriller",2005-09-05,15000000,15785148,5236
Fences,Drama,2016-12-16,24000000,64414761,393457
Last Action Hero,"Adventure, Fantasy, Action, Comedy, Family",1993-06-18,85000000,137300000,9593
True Romance,"Action, Crime, Romance",1993-09-09,12500000,12600000,319
Green Room,"Horror, Crime, Thriller",2016-04-15,5000000,3769214,313922
Adrift,"Thriller, Romance, Adventure",2018-05-31,35000000,59945012,429300
Trainwreck,"Comedy, Romance",2015-07-17,35000000,140795793,271718
Four Weddings and a Funeral,"Comedy, Drama, Romance",1994-03-09,4400000,245700832,712
The Book of Life,"Animation, Adventure, Comedy, Family, Fantasy",2014-10-01,50000000,97437106,228326
Swordfish,"Action, Crime, Thriller",2001-06-08,102000000,147080413,9705
The House That Jack Built,"Drama, Horror, Crime, Thriller",2018-10-04,9800000,5566776,398173
Wallace & Gromit: The Curse of the Were-Rabbit,"Adventure, Animation, Comedy, Family",2005-09-04,30000000,192610372,533
Four Rooms,Comedy,1995-12-09,4000000,4257354,5
"Good Morning, Vietnam","Comedy, Drama, War",1987-12-23,13000000,123922370,801
Metropolis,"Drama, Science Fiction",1927-02-06,1300000,650422,19
The Spiderwick Chronicles,"Family, Adventure, Fantasy",2008-02-14,90000000,164170327,8204
The Best of Me,"Drama, Romance",2014-10-15,26000000,35926213,239571
Wrong Turn,"Horror, Thriller",2003-05-30,12600000,28650575,9902
Scary Stories to Tell in the Dark,"Horror, Thriller",2019-08-08,25000000,104545505,417384
Shazam! Fury of the Gods,"Comedy, Action, Fantasy",2023-03-15,125000000,133437105,594767
Remember the Titans,Drama,2000-09-29,30000000,136706683,10637
Man on a Ledge,"Action, Thriller, Crime",2012-01-13,42000000,46221189,49527
Police Academy,"Comedy, Crime",1984-03-22,4500000,81198894,9336
Anna,"Thriller, Action",2019-06-19,34000000,31626978,484641
The Texas Chainsaw Massacre,Horror,2003-05-21,9500000,107363905,9373
Martyrs,"Horror, Drama, Thriller",2008-09-03,6500000,1100000,9539
Patriots Day,"Action, Crime, Drama, History, Thriller",2016-12-12,45000000,50548152,388399
My Best Friend's Wedding,"Comedy, Romance",1997-06-19,38000000,299288605,8874
Happy Gilmore,Comedy,1996-02-16,12000000,41205099,9614
Water for Elephants,"Drama, Romance",2011-04-15,38000000,117094902,55787
Project Almanac,"Science Fiction, Thriller, Drama",2015-01-28,12000000,33213241,227719
Alpha,"Adventure, Drama",2018-08-17,51000000,35808437,399360
Tinker Tailor Soldier Spy,"Drama, Thriller, Mystery",2011-09-16,30000000,80630608,49517
Lethal Weapon 4,"Action, Adventure, Comedy, Crime, Thriller",1998-07-10,140000000,285444603,944
Rope,"Thriller, Crime, Drama",1948-03-11,1500000,2200000,1580
The Foreigner,"Action, Thriller",2017-09-28,35000000,145374099,379149
Legion,"Horror, Action, Fantasy",2010-01-21,26000000,67918658,22894
Concussion,"Drama, History",2015-11-12,35000000,50363790,321741
Booksmart,Comedy,2019-05-24,6000000,24849029,505600
Flightplan,"Thriller, Drama, Mystery",2005-09-22,55000000,223387299,9315
Immortals,"Fantasy, Action, Drama",2011-11-10,75000000,226904017,37958
The Invitation,"Thriller, Horror",2015-07-03,1000000,354835,306947
Chicago,"Comedy, Crime, Drama",2002-12-10,45000000,306776732,1574
Rings,Horror,2017-02-01,25000000,83080890,14564
Halloween Kills,"Horror, Thriller",2021-10-14,20000000,133423964,610253
Colombiana,"Action, Thriller, Crime, Drama",2011-07-27,40000000,71508440,62835
Death Wish,"Action, Crime, Drama, Thriller",2018-03-02,30000000,34017028,395990
To Kill a Mockingbird,Drama,1962-12-20,2000000,13129846,595
Friday the 13th,Horror,2009-02-11,19000000,91509154,13207
Munich,"Drama, Action, History, Thriller",2005-12-23,70000000,130982129,612
Antichrist,"Drama, Horror, Thriller",2009-05-20,11000000,791867,17609
Cold Pursuit,"Action, Crime, Thriller",2019-02-07,60000000,76419755,438650
Seventh Son,"Adventure, Fantasy",2014-12-12,95000000,114178613,68737
Death Becomes Her,"Comedy, Fantasy, Horror",1992-07-30,55000000,149022650,9374
Jingle All the Way,"Family, Comedy, Adventure",1996-11-21,60000000,129832389,9279
Hairspray,"Comedy, Romance, Drama",2007-07-19,50000000,90450008,2976
Smile,"Horror, Mystery, Thriller",2022-09-23,17000000,216135048,882598
The Land Before Time,"Family, Animation, Adventure",1988-11-18,12500000,84460846,12144
Hard Candy,"Drama, Thriller",2005-01-14,950000,7022209,2652
Highlander,"Adventure, Action, Fantasy",1986-03-07,16000000,12885193,8009
Anchorman 2: The Legend Continues,Comedy,2013-12-18,50000000,173649015,109443
Daddy's Home 2,Comedy,2017-11-09,69000000,180613180,419680
No Escape,Thriller,2015-08-26,5000000,54418872,192141
Mike and Dave Need Wedding Dates,Comedy,2016-07-07,33000000,77068246,316023
Upside Down,"Romance, Science Fiction, Drama, Fantasy",2012-09-27,60000000,22187813,58244
Lost Highway,"Drama, Thriller, Mystery",1997-01-15,15000000,3756869,638
Dial M for Murder,"Thriller, Crime",1954-05-29,1400000,3000000,521
The Sting,"Comedy, Crime, Drama",1973-12-25,5500000,159616327,9277
Amores Perros,"Drama, Thriller",2000-06-16,2000000,20908467,55
Incendies,"Drama, War, Mystery",2010-09-04,6800000,6788659,46738
In the Mood for Love,"Drama, Romance",2000-09-29,150000,14204632,843
Dungeons & Dragons: Honor Among Thieves,"Adventure, Fantasy, Comedy",2023-03-23,151000000,208177026,493529
ParaNorman,"Family, Animation, Adventure, Comedy",2012-08-03,60000000,107139399,77174
The Hustle,"Comedy, Crime, Action",2019-05-09,21000000,97409779,449562
Legends of the Fall,"Adventure, Drama, Romance, War, Western",1994-12-16,30000000,160638883,4476
Sunset Boulevard,Drama,1950-08-10,1752000,5000000,599
Freddy vs. Jason,Horror,2003-08-15,30000000,116643421,6466
The Space Between Us,"Romance, Adventure, Science Fiction, Drama",2017-01-26,30000000,14793385,365942
Inherent Vice,"Drama, Mystery, Comedy",2014-12-12,20000000,14710975,171274
After We Fell,"Romance, Drama",2021-09-01,14000000,21500000,744275
Hollow Man,"Action, Science Fiction, Thriller",2000-08-04,95000000,190213455,9383
S.W.A.T.,"Action, Thriller, Crime",2003-08-08,80000000,116643346,9257
Triangle,Horror,2009-10-16,12000000,1594955,26466
The Secret in Their Eyes,"Crime, Mystery, Thriller, Romance, Drama",2009-08-13,2000000,33965843,25376
Jobs,"Drama, History",2013-08-16,12000000,42100000,115782
Shanghai Noon,"Adventure, Action, Comedy, Western",2000-05-26,55000000,99274467,8584
You're Next,"Horror, Thriller, Mystery",2013-08-22,1000000,14347000,83899
The Rescuers,"Fantasy, Family, Animation, Adventure",1977-06-22,1200000,71215869,11319
Wild,Drama,2014-01-16,15000000,52501541,228970
Gremlins 2: The New Batch,"Comedy, Horror, Fantasy",1990-06-15,50000000,41482207,928
Dinosaur,"Family, Animation",2000-05-19,127500000,354248063,10567
Paul Blart: Mall Cop,"Action, Adventure, Comedy, Family",2009-01-15,26000000,183293131,14560
EuroTrip,Comedy,2004-02-20,25000000,20796847,9352
Evil Dead Rise,"Thriller, Horror",2023-04-12,15000000,146733054,713704
Bronson,"Drama, Action, Crime",2008-10-09,230000,2260712,18533
Tom & Jerry,"Comedy, Family, Animation",2021-02-10,50000000,136536687,587807
Dogma,"Fantasy, Comedy, Adventure",1999-11-12,10000000,31429330,1832
Loving Vincent,"Animation, Drama, Mystery, History",2017-06-22,5500000,42187665,339877
Around the World in 80 Days,"Action, Adventure, Comedy",2004-06-16,110000000,72178895,10204
Ouija: Origin of Evil,Horror,2016-10-20,9000000,81705746,335796
The Time Traveler's Wife,"Drama, Romance, Fantasy",2009-08-14,39000000,101344412,24420
Suspiria,"Drama, Horror, Mystery, Fantasy",2018-10-11,20000000,6348889,361292
Richard Jewell,"Drama, Crime",2019-12-13,45000000,33904605,292011
The Great Escape,"Adventure, Drama, History, Thriller, War",1963-07-03,4000000,11744471,5925
Welcome to the Sticks,"Comedy, Drama, Romance",2008-02-20,11000000,245144417,8265
The Boss Baby: Family Business,"Animation, Comedy, Adventure, Family",2021-07-01,82000000,146745280,459151
The Assassination of Jesse James by the Coward Robert Ford,"Action, Drama, Western",2007-09-20,30000000,14711793,4512
Eat Pray Love,"Drama, Romance",2010-08-12,60000000,204594016,38167
Awakenings,Drama,1990-12-04,31000000,52096475,11005
Anaconda,"Adventure, Horror, Thriller",1997-04-11,45000000,136885767,9360
Johnny English Strikes Again,"Action, Adventure, Comedy",2018-09-13,25000000,158972499,463272
Clerks,Comedy,1994-10-19,27575,3151130,2292
Kindergarten Cop,Comedy,1990-12-21,15000000,201957688,951
J. Edgar,"Drama, Crime, History",2011-11-09,35000000,84606030,88794
Surf's Up,"Animation, Comedy, Family",2007-06-08,85000000,149044513,9408
The Ides of March,Drama,2011-09-24,12500000,76338111,10316
Paranormal Activity 2,"Horror, Mystery",2010-10-20,3000000,177512032,41436
Hot Tub Time Machine,"Science Fiction, Comedy, Adventure",2010-03-26,36000000,64780213,23048
Only God Forgives,"Drama, Thriller, Crime",2013-05-30,4800000,10337387,77987
Irrational Man,"Drama, Comedy, Crime",2015-07-17,11000000,27391084,282984
Season of the Witch,"Adventure, Fantasy, Action",2011-01-07,40000000,91627228,23047
Midway,"Action, Drama, War, History, Adventure",2019-11-06,100000000,127420861,522162
The Flintstones,"Fantasy, Comedy, Family",1994-05-26,46000000,341631208,888
Rushmore,"Comedy, Drama",1998-12-11,9000000,17096053,11545
A Time to Kill,"Crime, Drama, Thriller",1996-07-24,40000000,152266007,1645
Hellraiser,"Horror, Thriller",1987-09-11,1000000,14575193,9003
Conan the Barbarian,"Adventure, Fantasy, Action",1982-04-02,20000000,79114085,9387
The Big Sick,"Comedy, Drama, Romance",2017-03-30,5000000,56303596,416477
Don't Breathe 2,"Thriller, Horror",2021-08-12,10000000,53785551,482373
Fantasy Island,"Horror, Fantasy, Adventure, Mystery",2020-02-12,7000000,49447308,539537
Babylon,"Drama, Comedy",2022-12-22,78000000,63363579,615777
Adaptation.,"Comedy, Crime, Drama",2002-12-06,19000000,32801173,2757
Beautiful Boy,Drama,2018-10-12,25000000,7649973,451915
Run,"Thriller, Horror, Drama",2020-11-20,1700000,5184368,546121
Love,"Drama, Romance",2015-07-06,3000000,249083,292431
X,Horror,2022-03-17,10000000,14779858,760104
Safe,"Action, Crime, Thriller",2012-04-16,30000000,40346186,72387
Elektra,"Action, Fantasy, Science Fiction",2005-01-13,43000000,56681566,9947
The Curse of La Llorona,"Horror, Mystery, Thriller",2019-04-17,9000000,122033739,480414
Stuart Little 2,"Family, Adventure, Animation, Comedy",2002-07-19,120000000,169956806,10996
Deep Blue Sea,"Action, Horror, Science Fiction",1999-07-28,60000000,164648142,8914
Taxi,"Comedy, Action, Crime, Adventure",1998-04-08,8700000,44500000,2330
The French Dispatch,"Drama, Comedy",2021-10-21,25000000,46333545,542178
Return to Never Land,"Adventure, Fantasy, Animation, Family",2002-02-14,20000000,109862682,16690
Bean,"Comedy, Family, Adventure",1997-07-03,18000000,251212670,1281
Snitch,"Thriller, Drama, Action",2013-02-21,35000000,42930462,134411
Gulliver's Travels,"Family, Comedy, Adventure, Fantasy",2010-12-23,112000000,237382724,38745
The Forever Purge,"Horror, Action, Thriller",2021-06-30,18000000,76994245,602223
Fun with Dick and Jane,Comedy,2005-12-21,100000000,202026112,7552
Hardcore Henry,"Action, Adventure, Science Fiction",2015-09-12,2000000,14333790,325348
"Good Bye, Lenin!","Comedy, Drama",2003-02-13,4800000,79384880,338
It's Kind of a Funny Story,"Comedy, Drama",2010-10-08,8000000,6491240,43923
Dirty Harry,"Action, Crime, Thriller",1971-12-22,4000000,35976000,984
Gamer,"Action, Thriller, Science Fiction",2009-09-03,50000000,40828540,18501
Jackie,Drama,2016-12-02,9000000,13960394,376866
Dogville,"Crime, Drama, Thriller",2003-05-19,10000000,16680836,553
Safe Haven,"Romance, Thriller",2013-02-07,28000000,97594140,112949
The Strangers,"Horror, Mystery, Thriller",2008-05-29,9000000,82391145,10665
Mr. Peabody & Sherman,"Animation, Adventure, Family",2014-02-07,145000000,272912430,82703
Zack and Miri Make a Porno,Comedy,2008-09-18,24000000,42105111,10358
Eraserhead,Horror,1977-03-19,100000,7000000,985
Portrait of a Lady on Fire,"Drama, Romance",2019-06-17,5740000,9923127,531428
The Mountain Between Us,"Drama, Adventure, Romance",2017-10-05,35000000,62832209,290512
The Boondock Saints,"Action, Thriller, Crime",1999-01-22,6000000,50000000,8374
What's Your Number?,"Comedy, Romance",2011-09-30,20000000,30426096,63492
Judge Dredd,Science Fiction,1995-06-30,90000000,113493481,9482
John Q,"Drama, Thriller, Crime",2002-02-15,36000000,102244770,8470
The Cable Guy,"Comedy, Drama, Thriller",1996-06-10,47000000,102825796,9894
Flubber,"Comedy, Family, Science Fiction",1997-11-26,80000000,177977226,9574
Resident Evil: Welcome to Raccoon City,"Horror, Science Fiction, Action",2021-11-24,25000000,41914915,460458
Perfect Blue,"Animation, Thriller",1998-02-28,830000,112536,10494
Night of the Living Dead,Horror,1968-10-04,114000,30000000,10331
The SpongeBob Movie: Sponge Out of Water,"Family, Adventure, Comedy, Fantasy, Animation",2015-01-28,74000000,311594032,228165
We Are Your Friends,"Drama, Music, Romance, Comedy",2015-08-26,6000000,11122090,301351
Ghost Ship,"Horror, Mystery, Thriller",2002-10-25,35000000,68349884,9645
K-PAX,"Science Fiction, Drama, Mystery",2001-10-22,48000000,50315140,167
It Comes at Night,"Drama, Horror, Mystery",2017-06-09,5000000,19280931,418078
Labyrinth,"Adventure, Family, Fantasy",1986-06-27,25000000,12729917,13597
Peninsula,"Horror, Adventure, Action, Thriller",2020-07-15,17000000,42698327,581392
Pandorum,"Action, Horror, Mystery, Science Fiction, Thriller",2009-09-08,33000000,20648328,19898
Step Up 2: The Streets,"Music, Drama, Romance",2008-02-14,23000000,150816700,8328
Just Like Heaven,"Drama, Comedy, Romance, Fantasy",2005-09-16,58000000,102854431,9007
Ghosts of Girlfriends Past,"Fantasy, Comedy, Romance",2009-05-01,37500000,102223269,12556
The Little Things,"Crime, Drama, Thriller",2021-01-28,30000000,29942746,602269
Before Midnight,"Romance, Drama",2013-04-05,3000000,11176469,132344
Storks,"Adventure, Animation, Comedy, Family",2016-09-22,70000000,182379278,332210
25th Hour,"Crime, Drama",2002-12-19,5000000,23932055,1429
3 Idiots,"Drama, Comedy",2009-12-23,9000000,70000000,20453
Elite Squad,"Drama, Action, Crime",2007-10-12,4000000,14759148,7347
Beverly Hills Cop II,"Action, Comedy, Crime",1987-05-18,28000000,299965036,96
The Little Mermaid,"Adventure, Family, Fantasy, Romance",2023-05-18,250000000,569244557,447277
Flatliners,"Drama, Horror, Thriller",2017-09-28,19000000,45158254,400710
Bicycle Thieves,Drama,1948-11-24,133000,436655,5156
Movie 43,Comedy,2013-01-24,6000000,32438988,87818
Never Back Down,"Drama, Action",2008-03-04,20000000,41627431,8456
Manhattan,"Comedy, Drama, Romance",1979-04-25,9000000,40194067,696
A Bronx Tale,"Drama, Crime",1993-09-14,10000000,17287898,1607
Legend of the Guardians: The Owls of Ga'Hoole,"Animation, Adventure, Family, Fantasy",2010-07-10,80000000,140073390,41216
Widows,"Crime, Thriller",2018-11-06,42000000,73866088,401469
Last Christmas,"Comedy, Romance",2019-11-07,30000000,121550750,549053
The Watch,"Comedy, Action, Science Fiction",2012-07-26,68000000,68267862,80035
Look Who's Talking,"Comedy, Romance",1989-10-12,7500000,296999813,9494
Halloween,Horror,2007-08-31,15000000,80460948,2082
I Now Pronounce You Chuck & Larry,"Comedy, Romance",2007-07-12,85000000,187134117,3563
Cliffhanger,"Action, Adventure, Thriller",1993-05-28,70000000,255000211,9350
Grimsby,"Action, Comedy",2016-02-24,35000000,27979040,267193
Poltergeist,Horror,2015-05-20,35000000,95437994,243688
An American Werewolf in London,"Comedy, Horror",1981-08-21,10000000,31973249,814
Ronin,"Action, Thriller, Crime",1998-09-25,55000000,70692101,8195
Foxcatcher,"Drama, Thriller",2014-11-14,24000000,12096300,87492
Australia,"Adventure, Drama, Romance",2008-11-18,130000000,211787511,6972
The Raid 2,"Action, Crime, Thriller",2014-03-27,4500000,6566916,180299
Sky High,"Adventure, Comedy, Family",2005-07-29,35000000,86369815,11459
Point Break,"Action, Adventure, Crime, Thriller",2015-12-03,105000000,133718711,257088
Big Momma's House,"Crime, Comedy",2000-05-31,30000000,173959438,9600
The Addams Family,"Family, Animation, Comedy, Fantasy",2019-10-10,40000000,204394183,481084
A Ghost Story,"Fantasy, Drama",2017-04-24,100000,1929659,428449
Sleepless in Seattle,"Comedy, Drama, Romance",1993-06-24,21000000,227799884,858
Herbie Fully Loaded,"Comedy, Family, Adventure, Fantasy, Romance",2005-06-22,50000000,144146816,11451
What Dreams May Come,"Drama, Fantasy, Romance",1998-10-02,85000000,71485043,12159
Starsky & Hutch,"Comedy, Crime",2004-03-05,60000000,170268750,9384
Ed Wood,"Comedy, Drama, History",1994-09-27,18000000,5887457,522
Every Day,"Fantasy, Romance",2018-02-22,4900000,10421847,465136
Never Let Me Go,"Drama, Romance, Science Fiction",2010-03-18,15000000,9918093,42188
Sing Street,"Comedy, Romance, Drama, Music",2016-03-11,4000000,13624522,369557
Push,"Science Fiction, Action, Adventure, Thriller",2009-02-04,38000000,49678401,13455
Gandhi,"Drama, History",1982-11-30,22000000,77737889,783
Monster,"Crime, Drama",2003-12-24,8000000,60378584,504
Burlesque,"Drama, Romance",2010-11-23,55000000,89519773,42297
The Ring Two,"Drama, Horror, Thriller",2005-03-10,50000000,161451538,10320
I Am Sam,Drama,2001-12-28,22000000,92542418,10950
All the Money in the World,"Crime, History, Thriller",2017-12-21,50000000,56996304,446791
Ride Along,"Action, Comedy",2014-01-07,25000000,153997819,168530
Norbit,Comedy,2007-02-08,10000000,159313561,9757
Gothika,"Horror, Thriller",2003-11-21,40000000,141591324,4970
Hostiles,"Western, Drama, History",2017-12-22,55000000,36976336,384680
Paddington 2,"Adventure, Comedy, Family",2017-11-09,40000000,227300000,346648
Stranger Than Fiction,"Comedy, Drama, Fantasy, Romance",2006-09-09,30000000,53653224,1262
The Snowman,"Crime, Thriller",2017-10-12,35000000,43203413,372343
Chaos Walking,"Fantasy, Science Fiction, Adventure",2021-02-24,125000000,26508132,412656
The Running Man,"Action, Science Fiction, Thriller",1987-11-13,27000000,38122105,865
Case 39,"Horror, Mystery, Thriller",2009-08-13,27000000,29000000,28355
Selma,"History, Drama",2014-12-25,20000000,66787908,273895
Zoolander 2,"Comedy, Adventure, Action",2016-02-06,50000000,56722693,329833
National Lampoon's Christmas Vacation,Comedy,1989-11-30,27000000,71319546,5825
The Spy Who Dumped Me,"Action, Comedy",2018-08-02,40000000,33562069,454992
The Legend of 1900,"Drama, Music, Romance",1998-10-28,9000000,21057208,10376
Punch-Drunk Love,"Romance, Drama, Comedy",2002-10-25,25000000,24665649,8051
Pete's Dragon,"Adventure, Family, Fantasy",2016-08-10,65000000,143695338,294272
The Banshees of Inisherin,"Drama, Comedy, History",2022-10-20,20000000,49262687,674324
The Bank Job,"Thriller, Crime, Drama",2008-02-28,20000000,64828421,8848
Stoker,"Drama, Horror, Thriller",2013-02-28,12000000,12077441,86825
Thunderball,"Adventure, Action, Thriller",1965-12-11,5500000,141195658,660
Ri¢hie Ri¢h,"Comedy, Family",1994-12-19,40000000,38087756,11011
King Richard,"Drama, History",2021-11-18,50000000,39429285,614917
A Rainy Day in New York,"Comedy, Romance",2019-07-26,25000000,23800000,475303
Shanghai Knights,"Action, Adventure, Comedy, Western",2003-02-06,50000000,88323487,6038
Tears of the Sun,"War, Action, Drama",2003-03-07,75000000,86468162,9567
Mortal Kombat,"Action, Fantasy",1995-08-18,18000000,122195920,9312
Priest,"Action, Fantasy, Horror, Thriller",2011-05-05,60000000,78309131,38321
Superman II,"Science Fiction, Action, Adventure",1980-12-04,54000000,190458706,8536
Tron,"Science Fiction, Action, Adventure",1982-07-09,17000000,33000000,97
Men of Honor,Drama,2000-09-13,32000000,82343495,11978
Mr. Deeds,"Comedy, Romance",2002-06-28,50000000,171269535,2022
Killers,"Action, Comedy, Thriller, Romance",2010-06-04,75000000,98159963,37821
Ip Man 2,"Action, History, Drama",2010-04-29,12902809,36000000,37472
Charlie St. Cloud,"Drama, Romance",2010-07-30,44000000,48190704,37950
About a Boy,"Drama, Comedy, Romance",2002-04-26,27000000,129000000,245
I Spit on Your Grave,"Thriller, Crime, Horror",2010-06-17,2000000,572809,43947
Outbreak,"Action, Drama, Science Fiction, Thriller",1995-03-10,50000000,189859560,6950
The Time Machine,"Science Fiction, Adventure, Action",2002-03-04,80000000,123729176,2135
Reign of Fire,"Adventure, Action, Fantasy",2002-07-09,60000000,82150183,6278
Dead Silence,Horror,2007-03-16,20000000,22217407,14001
The Perfect Storm,"Action, Adventure, Drama, Thriller",2000-06-29,120000000,325756637,2133
The Smurfs 2,"Fantasy, Family, Comedy, Animation",2013-07-30,105000000,347434178,77931
Twins,Comedy,1988-12-08,15000000,216614388,9493
Doom,"Action, Horror, Science Fiction",2005-10-20,60000000,58072119,8814
Just Mercy,"Drama, Crime, History",2019-12-25,25000000,50401502,522212
Trance,"Thriller, Crime, Drama, Mystery",2013-03-27,20000000,24261569,68727
Meg 2: The Trench,"Action, Science Fiction, Horror",2023-08-02,129000000,384056482,615656
Spy Kids 3-D: Game Over,"Action, Adventure, Comedy, Family, Science Fiction",2003-07-25,38000000,197011982,12279
The Men Who Stare at Goats,"Comedy, War",2009-10-17,24000000,68729358,10313
Æon Flux,"Science Fiction, Action, Thriller",2005-11-30,62000000,53321673,8202
Hero,"Drama, Adventure, Action, History",2002-07-22,31000000,177394432,79
Paranormal Activity 3,"Horror, Mystery",2011-10-19,5000000,207039844,72571
The Ghost Writer,"Thriller, Mystery",2010-02-12,45000000,60331447,11439
Pride and Prejudice and Zombies,"Romance, Horror, Comedy, Thriller",2016-02-04,28000000,16457494,58431
Milk,"History, Drama",2008-11-05,20000000,54589558,10139
Ma,"Horror, Thriller",2019-05-29,5000000,51749995,502416
Kramer vs. Kramer,Drama,1979-12-07,8000000,106260000,12102
Evolution,"Comedy, Science Fiction, Action",2001-06-08,80000000,98376292,9397
Mile 22,"Action, Thriller",2018-08-16,35000000,66308758,347375
Wayne's World,"Comedy, Music",1992-02-14,20000000,183097323,8872
Pi,"Mystery, Drama, Thriller",1998-07-10,60000,3221152,473
Green Zone,"War, Action, Adventure, Drama, Thriller",2010-03-11,100000000,94882889,22972
The Amityville Horror,Horror,2005-04-14,19000000,108047131,10065
Hannibal Rising,"Crime, Drama, Thriller, Horror",2007-02-06,50000000,82169884,1248
The Apartment,"Comedy, Drama, Romance",1960-06-21,3000000,25000000,284
Where Am I Going?,Comedy,2016-01-01,11089000,75173000,374416
The Beguiled,Drama,2017-06-23,10500000,27397655,399019
The King of Comedy,"Drama, Comedy",1982-12-18,19000000,2536000,262
Unhinged,"Action, Thriller",2020-07-16,33000000,39238300,625568
Savages,"Crime, Drama, Thriller",2012-07-06,45000000,82966152,82525
This Is 40,Comedy,2012-12-20,35000000,88215156,89492
The House with a Clock in Its Walls,"Fantasy, Family, Comedy",2018-09-15,42000000,131523093,463821
Run Lola Run,"Action, Drama, Thriller",1998-03-03,1530000,7267585,104
Freedom Writers,"Crime, Drama",2007-01-05,21000000,43095175,1646
Alvin and the Chipmunks: Chipwrecked,"Comedy, Fantasy, Family, Music, Animation",2011-12-14,75000000,342695435,55301
Only Lovers Left Alive,"Drama, Romance",2013-12-12,7000000,7600000,152603
Spy Kids 2: The Island of Lost Dreams,"Action, Adventure, Family, Comedy, Science Fiction",2002-08-07,38000000,119723358,9488
Adventureland,"Comedy, Drama",2009-04-03,9800000,17164820,16614
Piranha 3D,"Comedy, Horror",2010-08-20,24000000,83188165,43593
New Year's Eve,"Comedy, Romance",2011-12-08,56000000,142044638,62838
Malignant,"Horror, Mystery, Thriller",2021-09-01,40000000,34891791,619778
3 Days to Kill,"Action, Drama, Thriller",2014-02-14,28000000,53260230,192102
Last Vegas,Comedy,2013-10-31,28000000,134402450,137093
Shaolin Soccer,"Action, Comedy",2001-07-05,10000005,42776760,11770
The Nutcracker and the Four Realms,"Fantasy, Adventure, Family",2018-10-26,120000000,59522646,426543
Galaxy Quest,"Comedy, Science Fiction, Adventure",1999-12-25,45000000,90683916,926
Das Boot,"Drama, History, War",1981-09-17,14000000,85000000,387
Cinderella Man,"Romance, Drama, History",2005-06-02,88000000,108539911,921
The Drop,"Drama, Crime",2014-09-12,12600000,19054534,154400
Creed III,"Drama, Action",2023-03-01,75000000,275248615,677179
Victor Frankenstein,"Drama, Science Fiction, Thriller",2015-11-10,40000000,34227298,228066
The Naked Gun 2½: The Smell of Fear,"Comedy, Crime",1991-06-28,23000000,86930411,37137
Monte Carlo,"Adventure, Comedy, Romance",2011-07-01,20000000,39782683,59860
Once Upon a Time in Mexico,"Action, Drama, Mystery",2003-09-11,29000000,98185582,1428
The Unholy,"Horror, Mystery",2021-03-31,10000000,30833138,632357
Garfield: A Tail of Two Kitties,"Animation, Comedy, Family, Adventure",2006-06-15,60000000,141702264,9513
The Hate U Give,"Crime, Drama",2018-10-19,23000000,34934009,470044
The Human Centipede (First Sequence),Horror,2009-10-31,2011799,252207,37169
Sex and the City,"Comedy, Drama, Romance",2008-05-12,65000000,418765519,4564
Sinister 2,Horror,2015-08-19,10000000,53329150,283445
Inkheart,"Adventure, Family, Fantasy",2008-12-11,60000000,62803180,2309
The Karate Kid Part II,"Adventure, Drama, Action, Romance, Family",1986-06-18,13000000,115103979,8856
Killing Them Softly,"Crime, Thriller",2012-07-30,15000000,37930465,64689
Butch Cassidy and the Sundance Kid,Western,1969-01-15,6000000,102308889,642
The Pope's Exorcist,"Horror, Thriller",2023-04-05,18000000,70204828,758323
Triple 9,"Action, Crime, Adventure, Thriller",2016-02-19,20000000,12639297,146198
Demolition,"Comedy, Drama",2015-04-08,10000000,4366460,303991
Magic in the Moonlight,"Comedy, Drama, Romance",2014-07-25,16800000,51029361,229297
The Lego Movie 2: The Second Part,"Action, Adventure, Animation, Comedy, Family",2019-02-06,99000000,199603202,280217
Eddie the Eagle,"Comedy, Drama, History, Adventure",2016-02-25,23000000,46152411,319888
Poseidon,"Adventure, Action, Drama, Thriller",2006-05-10,160000000,181674817,503
Daddy Day Care,"Comedy, Family",2003-05-09,60000000,164433867,10708
The Shack,"Drama, Fantasy",2017-03-03,20000000,96942115,345938
Thank You for Smoking,"Comedy, Drama",2005-09-09,6500000,24793509,9388
My Big Fat Greek Wedding,"Comedy, Drama, Romance",2002-04-19,5000000,368744044,8346
You Only Live Twice,"Action, Thriller, Adventure",1967-06-13,9500000,111584787,667
The Boat That Rocked,"Drama, Comedy",2009-04-01,50000000,36348784,18947
Primer,"Science Fiction, Drama, Thriller",2004-10-08,7000,545436,14337
Hitman's Wife's Bodyguard,"Action, Comedy, Crime, Thriller",2021-06-14,70000000,70060492,522931
City Lights,"Comedy, Romance, Drama",1931-02-01,1500000,4250000,901
Rashomon,"Crime, Drama, Mystery",1950-08-26,250000,96568,548
Hunter Killer,"Action, Thriller",2018-10-19,40000000,31672678,399402
The Boy Next Door,Thriller,2015-01-23,4000000,52425855,241251
My Sister's Keeper,Drama,2009-06-26,30000000,95714875,10024
Premium Rush,"Crime, Action, Thriller",2012-08-24,35000000,31083599,49526
Killer Elite,"Action, Adventure, Thriller",2011-09-22,66000000,57777106,49021
Julie & Julia,"Romance, Drama",2009-08-06,40000000,129540499,24803
Small Soldiers,"Comedy, Adventure, Fantasy, Science Fiction, Action",1998-07-10,40000000,54682547,11551
Dogtooth,Drama,2009-06-01,275576,110197,38810
Hot Shots!,"Action, Comedy, War",1991-07-31,26000000,181096164,9595
She's Out of My League,"Romance, Comedy",2010-03-11,20000000,49779728,34016
Pet Sematary,"Horror, Drama",1989-04-21,11500000,57469467,8913
City of Angels,"Romance, Drama, Fantasy",1998-04-10,55000000,198685114,795
Videodrome,"Horror, Mystery, Science Fiction",1983-02-04,5952000,2120439,837
Jack and Jill,Comedy,2011-11-11,79000000,149673788,71880
Contraband,"Thriller, Action, Drama, Crime",2012-01-12,25000000,96262212,77866
Step Up Revolution,"Music, Drama, Romance",2012-07-26,33000000,140470746,85446
I Feel Pretty,"Comedy, Romance",2018-04-19,32000000,94539426,460668
A Fish Called Wanda,"Comedy, Crime",1988-07-15,7500000,62493712,623
The English Patient,"Drama, Romance, War",1996-11-14,27000000,231976425,409
The Bridges of Madison County,"Drama, Romance",1995-06-02,24000000,182016617,688
Spartacus,"History, War, Drama, Adventure",1960-10-13,12000000,60000000,967
George of the Jungle,"Adventure, Comedy, Family, Romance",1997-07-15,55000000,174463257,10603
Traffic,"Thriller, Drama, Crime",2000-03-23,48000000,207515725,1900
Sixteen Candles,"Comedy, Romance",1984-05-04,6500000,23686027,15144
The Rite,"Drama, Thriller, Horror",2011-01-28,37000000,96047633,48171
Beauty and the Beast,"Fantasy, Romance",2014-02-12,33000000,49100000,197796
A Bad Moms Christmas,Comedy,2017-08-04,28000000,130560428,431530
Licorice Pizza,"Drama, Comedy",2021-11-26,40000000,27423319,718032
The Warriors,"Action, Thriller",1979-02-09,4000000,22490039,11474
CODA,"Drama, Music, Romance",2021-08-11,10000000,1600000,776503
She's All That,"Comedy, Romance",1999-01-29,10000000,103166989,10314
Trolls World Tour,"Family, Animation, Comedy, Fantasy, Adventure, Music",2020-03-11,90000000,49276818,446893
Bad Santa,"Drama, Comedy, Crime",2003-11-26,23000000,76490720,10147
Countdown,"Horror, Thriller",2019-10-24,6500000,48021766,599975
Don't Worry Darling,"Thriller, Mystery, Drama",2022-09-21,35000000,86669039,619730
Youth,"Comedy, Drama",2015-05-20,13360000,2000000,310593
The Last King of Scotland,Drama,2006-01-12,6000000,48618191,1523
Hannah Montana: The Movie,"Comedy, Drama, Family, Music, Romance",2009-04-10,35000000,155545279,18126
Dragonball Evolution,"Action, Adventure, Fantasy, Science Fiction, Thriller",2009-03-12,30000000,58228460,14164
Max Payne,"Crime, Action, Drama, Thriller",2008-10-15,35000000,85416905,13051
Office Christmas Party,Comedy,2016-11-25,45000000,114501299,384682
The Skeleton Key,"Drama, Horror, Mystery, Thriller",2005-07-29,43000000,93983911,9913
Frida,"Drama, Romance",2002-08-29,12000000,56298474,1360
Aloha,"Drama, Comedy, Romance",2015-05-29,37000000,26250020,222936
Coyote Ugly,"Comedy, Drama, Music, Romance",2000-07-30,45000000,113916474,6282
Deliver Us from Evil,"Thriller, Crime, Horror",2014-07-01,30000000,87937815,184346
A Dangerous Method,"Drama, Thriller",2011-09-30,15000000,27462041,48231
Four Brothers,"Action, Crime",2005-08-11,45000000,92374674,8292
The Invention of Lying,"Comedy, Fantasy, Romance",2009-10-02,18500000,32406507,23082
Leap Year,"Romance, Comedy",2010-01-08,19000000,32686500,25195
My Girl,"Comedy, Drama",1991-11-27,17000000,59490000,4032
Attack the Block,"Action, Comedy, Science Fiction",2011-05-12,14350531,3964682,59678
A Serious Man,"Comedy, Drama",2009-09-30,7000000,31430334,12573
Two Weeks Notice,"Comedy, Romance",2002-12-19,60000000,199043242,2642
The Other Boleyn Girl,"Drama, Romance, History",2008-02-28,35000000,78269970,12184
Into the Storm,"Action, Thriller",2014-08-06,50000000,160602194,216282
Rough Night,"Drama, Comedy",2017-06-15,20000000,45056771,397422
To Rome with Love,"Comedy, Romance",2012-04-20,17000000,73244881,81836
Planet 51,"Animation, Family, Comedy, Science Fiction, Adventure",2009-11-19,70000000,104945765,16866
Thir13en Ghosts,"Horror, Thriller",2001-10-26,42000000,68467960,9378
Balto,"Family, Animation, Adventure",1995-12-22,31000000,11348324,21032
Blackhat,"Crime, Thriller, Action",2015-01-13,70000000,17752940,201088
Seeking a Friend for the End of the World,"Comedy, Drama, Romance, Adventure",2012-06-22,10000000,9636289,88005
Peppermint,"Action, Thriller",2018-09-06,25000000,53918723,458594
Extremely Loud & Incredibly Close,Drama,2011-12-25,40000000,55247881,64685
Krampus,"Horror, Comedy, Fantasy",2015-11-26,15000000,61788393,287903
Not Another Teen Movie,Comedy,2001-12-07,16000000,66468332,11397
Mean Streets,"Drama, Crime",1973-10-14,500000,3000000,203
Vantage Point,"Drama, Action, Thriller, Crime",2008-02-01,40000000,151161491,7461
Diamonds Are Forever,"Adventure, Action, Thriller",1971-12-14,7200000,116019547,681
Keeping Up with the Joneses,"Action, Comedy",2016-10-20,40000000,29918745,331313
Three Kings,"Action, Comedy, War",1999-09-27,75000000,108000000,6415
Abominable,"Family, Animation, Adventure, Comedy",2019-09-19,75000000,190304772,431580
Harold & Kumar Go to White Castle,"Comedy, Adventure",2004-05-30,9000000,23936908,11282
Tombstone,"Western, Action",1993-12-25,25000000,56505065,11969
Sinbad: Legend of the Seven Seas,"Family, Animation, Adventure, Comedy, Fantasy, Action",2003-07-02,60000000,80767884,14411
The Kid,"Comedy, Drama",1921-01-21,250000,2500000,10098
Spy Game,"Action, Crime, Thriller",2001-11-18,115000000,143049560,1535
The Game Plan,"Comedy, Family",2007-09-28,22000000,147880543,13680
Robin Hood: Men in Tights,Comedy,1993-07-28,20000000,35739755,8005
The Negotiator,"Action, Crime, Drama, Thriller",1998-07-29,50000000,44547681,9631
JFK,"Drama, Thriller, History",1991-12-20,40000000,205405498,820
Before I Go to Sleep,"Thriller, Mystery",2014-09-03,22000000,15447154,204922
Dawn of the Dead,Horror,1978-09-02,650000,55000000,923
Layer Cake,"Drama, Thriller, Crime",2004-09-30,6500000,11850214,4836
The Crazies,"Mystery, Horror, Action",2010-02-26,20000000,54956140,29427
Home on the Range,"Animation, Family",2004-04-02,110000000,145358062,13700
Cheaper by the Dozen 2,"Comedy, Family, Adventure",2005-12-21,60000000,129181830,9641
Raising Arizona,"Comedy, Crime",1987-03-01,6000000,29180280,378
Exam,"Thriller, Mystery",2009-06-19,600000,394717,29917
Let Me In,"Drama, Horror, Mystery",2010-10-01,20000000,24145613,41402
Funny Games,"Drama, Thriller, Horror",2008-03-14,15000000,7938872,8461
Dark Waters,"Drama, Thriller",2019-11-22,20000000,13601384,552178
Blockers,Comedy,2018-03-14,21000000,94017294,437557
Climax,Horror,2018-09-19,2940457,1088907,507076
The Bridge on the River Kwai,"Drama, History, War",1957-10-11,3000000,44908000,826
Letters from Iwo Jima,"Action, Drama, War",2006-12-19,19000000,68673228,1251
Babylon A.D.,"Action, Adventure, Science Fiction, Thriller",2008-08-20,70000000,72109200,9381
The Return of the Living Dead,"Horror, Comedy",1985-04-25,4000000,14237880,10925
A Man Called Otto,"Comedy, Drama",2022-12-28,50000000,108961677,937278
Lolita,"Drama, Comedy, Romance",1962-06-13,2000000,9250000,802
Hunt for the Wilderpeople,"Adventure, Comedy, Drama",2016-03-31,2500000,23915910,371645
We Were Soldiers,"Action, History, War",2002-03-01,75000000,114660784,10590
The Life of David Gale,"Drama, Thriller, Crime",2003-02-21,50000000,38955598,11615
Tooth Fairy,"Comedy, Family, Fantasy",2010-01-14,48000000,112462508,23023
Wall Street,"Crime, Drama",1987-12-10,15000000,43848069,10673
The Haunted Mansion,"Thriller, Fantasy, Comedy, Family, Mystery",2003-11-26,90000000,182290266,10756
Dazed and Confused,Comedy,1993-09-24,69000000,7993039,9571
Cool Runnings,"Comedy, Adventure, Drama",1993-10-01,14000000,154856263,864
Unleashed,"Action, Crime",2005-02-02,45000000,50871113,10027
The 6th Day,"Science Fiction, Action, Mystery",2000-11-17,82000000,96085477,8452
Step Up All In,"Romance, Drama, Music",2014-07-16,45000000,86165646,243683
Slender Man,"Horror, Mystery, Thriller",2018-08-10,10000000,11817275,439015
What If,"Drama, Comedy, Romance",2013-09-07,11000000,7847000,212716
Scream VI,"Horror, Crime, Thriller",2023-03-08,35000000,168961389,934433
Hostel: Part II,Horror,2007-06-08,10200000,35728183,1691
The Santa Clause,"Fantasy, Drama, Comedy, Family",1994-11-11,22000000,189833357,11395
Naked Gun 33⅓: The Final Insult,"Comedy, Crime",1994-03-18,30000000,51132598,36593
Knock at the Cabin,"Thriller, Mystery, Horror",2023-02-01,20000000,54708659,631842
Footloose,"Drama, Romance",1984-02-17,8200000,80035402,1788
Roman Holiday,"Romance, Comedy, Drama",1953-08-26,1500000,12000000,804
Star Wars: The Clone Wars,"Animation, Action, Science Fiction, Adventure",2008-08-05,8500000,68282844,12180
Live and Let Die,"Adventure, Action, Thriller",1973-06-27,7000000,126377836,253
Hall Pass,"Comedy, Romance",2011-02-25,36000000,83200000,48988
From Paris with Love,"Action, Crime, Thriller",2010-02-04,52000000,52844496,26389
DragonHeart,"Fantasy, Action, Adventure, Drama",1996-05-31,57000000,115267375,8840
Entrapment,"Romance, Drama, Mystery",1999-04-29,66000000,212404396,1844
The Man with the Golden Gun,"Adventure, Action, Thriller",1974-12-01,7000000,97572000,682
Couples Retreat,"Comedy, Romance",2009-09-19,70000000,171844840,19899
The Omen,"Horror, Thriller",1976-06-25,2800000,60922980,794
Oldboy,"Drama, Thriller, Mystery, Action",2013-11-14,30000000,5186767,87516
The Wolf's Call,"Thriller, Action",2019-02-20,22400000,12652790,484468
Colonia,"Drama, History",2015-06-24,14000000,3621046,318781
The Rundown,"Adventure, Action, Comedy, Thriller",2003-09-26,85000000,80916492,10159
Runaway Bride,"Comedy, Romance",1999-07-30,70000000,309457509,4806
Daybreakers,"Action, Fantasy, Science Fiction",2009-10-01,20000000,51417188,19901
Babysitting,Comedy,2014-04-16,3400000,20258904,262551
[REC]²,"Thriller, Horror",2009-09-15,5600000,18469680,10664
Gnomeo & Juliet,"Animation, Family",2011-01-13,36000000,189712432,45772
Astérix at the Olympic Games,"Fantasy, Adventure, Comedy, Family",2008-01-30,97250400,132900000,2395
Halloween II,Horror,1981-10-30,2500000,25533818,11281
The Firm,"Drama, Mystery, Thriller",1993-06-30,42000000,270248367,37233
Step Up 3D,"Drama, Romance",2010-08-04,30000000,159291809,41233
Vivarium,"Science Fiction, Thriller, Mystery, Horror",2019-09-07,3947600,487625,458305
The Lost Boys,"Horror, Comedy, Thriller",1987-07-31,8500000,32222567,1547
Easy Rider,"Adventure, Drama",1969-06-26,400000,60000000,624
16 Blocks,"Action, Adventure, Crime, Thriller",2006-03-01,55000000,65664721,2207
8MM,"Thriller, Crime, Mystery",1999-02-26,40000000,96618699,8224
Fright Night,"Horror, Comedy",2011-08-18,30000000,41002607,58151
Out of the Furnace,"Thriller, Drama, Crime",2013-11-09,22000000,15400000,164457
The Pink Panther,"Comedy, Mystery, Crime, Adventure, Family",2006-02-10,65000000,158851357,12096
Blair Witch,"Thriller, Horror",2016-09-15,5000000,45172994,351211
The House Bunny,"Romance, Comedy",2008-08-22,25000000,70442940,12620
High Fidelity,"Drama, Comedy, Romance, Music",2000-03-17,30000000,47126295,243
Ray,"Drama, Music",2004-10-29,40000000,124731534,1677
A View to a Kill,"Adventure, Action, Thriller",1985-05-24,30000000,152427960,707
21 Bridges,"Crime, Action, Drama",2019-10-24,33000000,49939757,535292
Red Eye,"Thriller, Mystery",2005-08-19,26000000,57891803,11460
Mary and Max,"Animation, Comedy, Drama",2009-02-09,8240000,1740429,24238
Moonraker,"Action, Adventure, Thriller, Science Fiction",1979-06-26,34000000,210308099,698
The Choice,"Drama, Romance",2016-02-04,10000000,18730891,330483
The Sisters Brothers,"Drama, Western",2018-09-19,38000000,13143056,440161
The Faculty,"Horror, Science Fiction, Mystery",1998-12-25,15000000,40283321,9276
Repo Men,"Action, Science Fiction, Thriller, Crime",2010-03-18,32000000,18409891,31867
The Basketball Diaries,"Drama, Crime",1995-04-21,2000000,2381087,10474
State of Play,Thriller,2009-04-17,60000000,87812371,16995
Boyz n the Hood,"Crime, Drama",1991-07-12,6500000,57504069,650
Ip Man 4: The Finale,"Action, Drama, History",2019-12-19,52000000,176345966,449924
The Spy Who Loved Me,"Adventure, Action, Thriller",1977-07-07,13000000,185438673,691
The Tuxedo,"Thriller, Action, Comedy, Science Fiction",2002-09-27,60000000,104391623,10771
Road Trip,"Comedy, Adventure",2000-05-19,16000000,119754278,9285
Midnight Special,"Adventure, Drama, Science Fiction",2016-02-12,18000000,6740647,245703
Octopussy,"Adventure, Action, Thriller",1983-06-05,27500000,187500000,700
Just My Luck,"Comedy, Drama, Family, Fantasy, Romance",2006-05-12,28000000,38159905,10025
Machete Kills,"Action, Crime, Thriller",2013-09-12,12000000,15008161,106747
"I, Frankenstein","Horror, Thriller",2014-01-22,65000000,76801179,100241
Wild Child,"Comedy, Drama, Romance",2008-08-15,20000000,21972336,13971
The Guest,"Mystery, Thriller, Action",2014-09-05,5000000,2700051,241848
Christine,Horror,1983-12-09,9700000,21200000,8769
Army of Thieves,"Action, Thriller, Crime, Comedy",2021-10-27,30000000,46900000,796499
Maid in Manhattan,"Comedy, Drama, Romance",2002-12-13,55000000,154906693,7303
Willow,"Action, Adventure, Fantasy",1988-05-20,35000000,57269863,847
The Fabelmans,Drama,2022-11-11,40000000,45598614,804095
Plane,"Action, Adventure, Thriller",2023-01-12,25000000,51000000,646389
Bend It Like Beckham,"Comedy, Drama, Romance",2002-04-11,3500159,76578641,455
Ballerina,"Animation, Adventure, Comedy, Family",2016-12-14,30000000,2351359,342473
Child's Play,"Horror, Thriller, Science Fiction",2019-06-19,10000000,44902237,533642
The Dinner Game,Comedy,1998-04-15,12500000,78599508,9421
Indiana Jones and the Dial of Destiny,"Adventure, Action",2023-06-28,294700000,382891104,335977
La Femme Nikita,"Action, Thriller",1990-02-21,8538703,5000000,9322
Faster,"Crime, Drama, Action, Thriller",2010-11-23,24000000,23081726,41283
Escape Room: Tournament of Champions,"Horror, Thriller, Mystery",2021-07-01,15000000,65774490,585216
American Pie Presents: Beta House,Comedy,2007-12-26,10000000,18610260,8277
Cellular,"Action, Thriller",2004-09-06,25000000,57678321,9759
Saturday Night Fever,"Music, Drama",1977-12-16,3500000,237113184,11009
Serendipity,"Comedy, Romance, Drama",2001-10-05,28000000,77516304,9778
The Switch,"Comedy, Romance, Drama",2010-05-11,19000000,49830607,41210
Empire of the Sun,"Drama, History, War",1987-12-09,35000000,66700000,10110
Two Night Stand,"Romance, Comedy",2014-09-26,1645000,868081,286554
Paranormal Activity 4,Horror,2012-10-17,5000000,142802657,82990
G-Force,"Animation, Family, Fantasy, Action, Adventure, Comedy",2009-07-24,150000000,292817841,19585
Star Trek II: The Wrath of Khan,"Action, Adventure, Science Fiction, Thriller",1982-06-04,12000000,96800000,154
Scouts Guide to the Zombie Apocalypse,"Comedy, Horror",2015-10-23,15000000,14860766,273477
Mr. Holmes,"Drama, Crime",2015-06-19,11000000,29355203,280996
The Family Man,"Comedy, Drama, Romance, Fantasy",2000-12-12,60000000,124700000,5994
Battle of the Sexes,"Comedy, Drama, History",2017-09-22,25000000,12638526,369192
Conan the Barbarian,"Adventure, Fantasy, Action",2011-08-17,90000000,63523283,37430
Halloween 4: The Return of Michael Myers,"Horror, Thriller",1988-10-21,5000000,17800000,11357
That's My Boy,Comedy,2012-06-14,70000000,58058367,87428
Elephant,"Crime, Drama",2003-09-20,3000000,10012022,1807
Twin Peaks: Fire Walk with Me,"Drama, Mystery, Horror",1992-06-03,10000000,4184990,1923
Licence to Kill,"Adventure, Action, Thriller",1989-06-13,32000000,156167015,709
Year One,"Comedy, Adventure",2009-06-18,60000000,62357900,17610
St. Vincent,Comedy,2014-10-09,13000000,54837234,239563
Role Models,Comedy,2008-11-07,28000000,92380927,15373
The Woman King,"Action, Drama, History",2022-09-16,50000000,97250903,724495
Paterson,"Drama, Romance, Comedy",2016-11-17,5000000,2152738,370755
Welcome to the South,Comedy,2010-10-01,4000000,65584679,48415
I Can Quit Whenever I Want,Comedy,2014-02-06,2000000,54606,250219
eXistenZ,"Action, Thriller, Science Fiction",1999-04-14,15000000,2856712,1946
Papillon,"Crime, Drama",1973-12-13,12000000,53267000,5924
Serpico,"Crime, Drama, History",1973-12-18,3000000,29800000,9040
Crocodile Dundee,"Adventure, Comedy",1986-09-26,5000000,328203506,9671
Shoot 'Em Up,"Action, Thriller, Comedy, Crime",2007-07-26,39000000,26820641,4141
The Counselor,"Thriller, Crime, Drama",2013-10-25,25000000,71009334,109091
Elle,"Drama, Thriller",2016-05-25,9804690,2341534,337674
West Side Story,"Crime, Drama, Romance",1961-12-13,6000000,43656822,1725
The Last: Naruto the Movie,"Action, Romance, Animation",2014-12-06,903852,19840000,317442
Ambulance,"Thriller, Action",2022-03-16,40000000,51783040,763285
Barbarian,"Horror, Mystery, Thriller",2022-09-08,4500000,45352337,913290
Tango & Cash,"Action, Adventure, Comedy, Thriller",1989-12-22,55000000,63408614,9618
Jaws 2,"Horror, Thriller",1978-06-16,20000000,187884007,579
All About My Mother,"Comedy, Drama",1999-04-16,8272296,67872296,99
"Dude, Where's My Car?","Comedy, Science Fiction",2000-12-15,13000000,73180723,8859
Dragon Ball Z: Resurrection 'F',"Action, Animation, Science Fiction",2015-04-18,5000000,61768190,303857
A Haunted House,"Comedy, Horror",2013-01-11,2500000,60141683,139038
Mandy,"Horror, Action, Thriller, Fantasy",2018-09-13,6000000,1214525,460885
Nanny McPhee and the Big Bang,"Comedy, Fantasy, Family",2010-03-26,35000000,93251121,35019
A Wrinkle in Time,"Adventure, Science Fiction, Family, Fantasy",2018-03-08,103000000,132675864,407451
Where the Wild Things Are,"Family, Fantasy, Drama, Adventure",2009-10-16,100000000,100140916,16523
Lockout,"Action, Thriller, Science Fiction",2012-04-12,20000000,32948113,81796
Along Came a Spider,"Crime, Mystery, Thriller, Action",2001-04-06,60000000,105178561,2043
What to Expect When You're Expecting,"Romance, Comedy, Drama",2012-05-17,40000000,79700000,76494
"Planes, Trains and Automobiles",Comedy,1987-11-26,15000000,49500000,2609
Ella Enchanted,"Family, Fantasy, Comedy",2004-04-09,31000000,27388767,14442
Analyze This,"Comedy, Crime",1999-03-05,80000000,176885658,9535
Terrifier,"Horror, Thriller",2018-01-25,100000,416322,420634
Bedazzled,"Fantasy, Comedy, Romance",2000-10-19,48000000,90383208,1636
Regression,"Horror, Mystery, Thriller",2015-10-01,20000000,17671101,241257
xXx: State of the Union,"Action, Adventure, Crime, Mystery, Thriller",2005-04-27,60000000,71073932,11679
Bride of Chucky,"Comedy, Horror",1998-10-16,25000000,50671850,11932
The Jackal,"Action, Thriller, Adventure, Crime",1997-11-14,60000000,159330280,4824
Drive Angry,"Fantasy, Thriller, Action, Crime",2011-02-24,50000000,40909909,47327
Dante's Peak,"Action, Adventure, Drama, Thriller",1997-02-07,116000000,178127760,9619
Monty Python's The Meaning of Life,Comedy,1983-03-31,9000000,14949697,4543
Mirrors,"Horror, Mystery, Thriller, Drama, Fantasy",2008-08-15,35000000,72436439,13515
Enter the Dragon,Action,1973-08-17,10000000,21485066,9461
Team America: World Police,"Adventure, Action, Comedy",2004-10-10,32000000,50907422,3989
Magic Mike XXL,"Comedy, Drama",2015-07-01,14800000,117813057,264999
The Whole Nine Yards,"Comedy, Crime",2000-02-18,41300000,106371651,2069
End of Days,"Action, Fantasy, Horror, Mystery",1999-11-24,100000000,211989043,9946
On Her Majesty's Secret Service,"Adventure, Action, Thriller",1969-12-18,6000000,64574493,668
House at the End of the Street,"Horror, Thriller",2012-09-21,6900000,44287131,82505
Hot Shots! Part Deux,"Action, Comedy, War",1993-05-21,25000000,133752825,9255
The Craft,"Horror, Drama, Fantasy",1996-05-03,15000000,24819936,9100
Free Willy,"Family, Adventure, Drama",1993-07-16,20000000,153698625,1634
The Core,"Action, Thriller, Adventure, Science Fiction",2003-03-28,60000000,74208267,9341
Batman: The Killing Joke,"Action, Animation, Crime, Drama",2016-07-24,3500000,3775000,382322
Good Boys,Comedy,2019-08-14,20000000,111037232,521777
Mary Queen of Scots,"Drama, History",2018-12-07,25000000,37807625,457136
District B13,"Action, Thriller, Science Fiction",2004-11-09,12000000,9584131,10045
National Lampoon's Van Wilder,"Comedy, Romance",2002-03-29,6000000,39241323,11452
The Last Boy Scout,"Action, Thriller",1991-12-13,29000000,59509925,9319
Napoleon Dynamite,Comedy,2004-06-11,400000,46118097,8193
Garden State,"Comedy, Drama, Romance",2004-07-28,2500000,26781723,401
The Losers,"Action, Adventure, Crime, Mystery, Thriller",2010-04-23,25000000,23580000,34813
The Blue Lagoon,"Romance, Adventure",1980-07-05,4500000,58853106,5689
RoboCop 2,"Action, Adventure, Crime, Science Fiction, Thriller",1990-06-22,35000000,45681173,5549
Flags of Our Fathers,"War, Drama, History",2006-10-18,90000000,65900249,3683
The Bad Guys,"Animation, Action, Adventure, Crime, Comedy, Family",2022-03-17,80000000,250162278,629542
Dark Skies,"Science Fiction, Thriller, Horror",2013-02-21,3500000,25174316,145135
For Your Eyes Only,"Adventure, Action, Thriller",1981-06-24,28000000,187412802,699
Ransom,"Action, Thriller",1996-11-08,80000000,309492681,3595
The Death of Stalin,"Comedy, Drama, History",2017-10-20,13000000,24640027,402897
Spiral: From the Book of Saw,"Horror, Crime, Mystery",2021-05-12,20000000,40618920,602734
The 13th Warrior,"Adventure, History, Action",1999-08-13,160000000,61698899,1911
Blazing Saddles,"Western, Comedy",1974-02-07,2600000,119500000,11072
Little Nicky,"Comedy, Fantasy",2000-11-10,85000000,58292295,9678
Vampire Academy,"Comedy, Action, Fantasy",2014-02-07,30000000,15391979,203739
A Nightmare on Elm Street Part 2: Freddy's Revenge,Horror,1985-11-01,3000000,30000000,10014
42,Drama,2013-04-12,40000000,95020213,109410
Sister Act 2: Back in the Habit,"Music, Comedy",1993-12-09,38000000,57319029,6279
What Lies Beneath,"Drama, Horror, Mystery, Thriller",2000-07-21,100000000,291420351,2655
65,"Science Fiction, Action, Adventure",2023-03-02,45000000,55000000,700391
Dinner for Schmucks,Comedy,2010-07-30,69000000,86387857,38778
Guy Ritchie's The Covenant,"War, Action, Thriller",2023-04-19,55000000,20000000,882569
Look Who's Back,Comedy,2015-10-08,3196621,25513752,318917
Pain and Glory,Drama,2019-03-22,10769016,37359689,519010
Paycheck,"Action, Adventure, Mystery, Science Fiction, Thriller",2003-12-25,60000000,95427515,9620
Eraser,"Action, Drama, Mystery, Thriller",1996-06-21,100000000,242295562,9268
WarGames,"Thriller, Science Fiction, Drama",1983-06-03,12000000,124600000,860
The Waterboy,Comedy,1998-11-06,23000000,185991646,10663
Superhero Movie,"Comedy, Action, Science Fiction",2008-03-28,35000000,25871834,11918
Bill & Ted's Excellent Adventure,"Adventure, Comedy, Science Fiction",1989-02-17,10000000,40485039,1648
Romancing the Stone,"Adventure, Romance, Comedy, Action",1984-03-30,10000000,86572238,9326
Old School,Comedy,2003-02-21,24000000,87135520,11635
Winchester,"Horror, Thriller",2018-02-02,3500000,44019588,416234
Bloodsport,"Action, Drama",1988-02-26,1500000,65000000,11690
The Forest,"Horror, Thriller, Mystery",2016-01-07,10000000,37608299,329440
Peter Rabbit,"Animation, Adventure, Family",2018-02-07,50000000,351266433,381719
Pay It Forward,Drama,2000-10-20,40000000,55707411,10647
The Insider,"Drama, Thriller",1999-10-28,90000000,60289912,9008
Triangle of Sadness,"Comedy, Drama",2022-09-18,15600000,24733572,497828
The French Connection,"Action, Crime, Thriller",1971-10-09,1800000,41158757,1051
Miss Sloane,"Drama, Crime",2016-11-25,13000000,9101546,376290
The Box,"Thriller, Science Fiction",2009-10-29,30000000,33333531,22825
Rat Race,"Adventure, Comedy",2001-08-17,48000000,85498534,9896
The Way Way Back,"Comedy, Drama",2013-06-06,4600000,23198652,147773
Winter's Bone,"Drama, Mystery",2010-06-11,2000000,13831503,39013
All the President's Men,"Drama, History, Mystery, Thriller",1976-04-09,8500000,70600000,891
Payback,"Crime, Action, Drama",1999-02-05,90000000,161626121,2112
Lars and the Real Girl,"Comedy, Drama, Romance",2007-10-12,12000000,11293663,6615
Child's Play 2,"Horror, Thriller",1990-11-09,13000000,35763605,11186
Blades of Glory,Comedy,2007-03-30,53000000,118200000,9955
American Pie Presents: The Book of Love,Comedy,2009-12-22,8000000,5021219,26123
Masterminds,"Action, Comedy, Crime",2016-09-29,25000000,29200000,213681
Clifford the Big Red Dog,"Family, Adventure, Comedy, Fantasy",2021-11-10,64000000,107347356,585245
Dancer in the Dark,"Drama, Crime",2000-06-30,12800000,40031879,16
Whatever Works,"Comedy, Romance",2009-06-19,15000000,36020534,19265
Get Him to the Greek,"Adventure, Comedy, Music",2010-06-03,40000000,90029656,32823
Hoodwinked!,"Animation, Comedy, Family, Crime",2005-12-16,15000000,51053787,10982
Snakes on a Plane,"Action, Crime, Thriller, Adventure",2006-08-17,33000000,62022014,326
City of Ember,"Adventure, Family, Fantasy",2008-10-07,55000000,17869048,13600
Enter the Void,"Fantasy, Drama",2009-06-17,13000000,754249,34647
Double Indemnity,"Crime, Thriller",1944-06-14,927262,2500000,996
Nebraska,"Drama, Adventure",2013-09-21,12000000,27682872,129670
Dreamcatcher,"Drama, Horror, Science Fiction, Thriller",2003-03-21,68000000,75700000,6171
Endless Love,"Drama, Romance",2014-02-12,20000000,34077920,226857
Cold Mountain,"Drama, War, History, Adventure, Romance",2003-12-24,79000000,173013509,2289
The Texas Chainsaw Massacre: The Beginning,"Horror, Thriller",2006-10-05,16000000,107363905,10781
The Green Knight,"Adventure, Drama, Fantasy",2021-07-29,15000000,18888418,559907
The Count of Monte Cristo,"Adventure, Drama, History",2002-01-23,35000000,75395048,11362
The Iron Lady,"History, Drama",2011-12-26,13000000,115890699,71688
The Campaign,Comedy,2012-08-09,95000000,104907746,77953
Man on the Moon,"Comedy, Drama",1999-12-22,82000000,47434430,1850
Criminal,"Action, Crime, Science Fiction",2016-04-07,31500000,14708696,302156
A Scanner Darkly,"Animation, Science Fiction, Thriller",2006-07-07,8700000,7659918,3509
Miami Vice,"Action, Crime, Thriller",2006-07-27,135000000,163794509,82
Beasts of No Nation,"Drama, War",2015-09-11,6000000,9077700,283587
Violent Night,"Action, Comedy, Crime, Thriller",2022-11-30,20000000,75734910,899112
The Last House on the Left,"Crime, Thriller, Horror, Drama",2009-03-13,15000000,32721635,18405
The Magnificent Seven,Western,1960-10-12,2000000,4905000,966
Defiance,"Action, Drama, History, War",2008-12-31,32000000,51155219,13813
Friday,Comedy,1995-04-26,3500000,28215918,10634
A Goofy Movie,"Romance, Animation, Family, Comedy, Adventure",1995-04-07,18000000,35348597,15789
Margin Call,"Thriller, Drama",2011-02-11,3500000,19504039,50839
Tootsie,"Comedy, Romance",1982-12-17,21000000,177200000,9576
Beverly Hills Cop III,"Action, Comedy, Crime",1994-05-24,50000000,119208989,306
Star Trek: First Contact,"Science Fiction, Action, Adventure, Thriller",1996-11-22,46000000,150000000,199
Frequency,"Science Fiction, Thriller",2000-04-28,31000000,68106245,10559
Suburbicon,"Thriller, Crime, Drama, Mystery",2017-10-26,25000000,12751667,395458
In the Name of the Father,Drama,1993-12-12,13000000,65796862,7984
Eight Below,"Adventure, Drama, Family",2006-02-17,40000000,120455994,9036
Taxi 2,"Action, Comedy",2000-03-25,10500000,64400000,2332
Take Shelter,"Thriller, Drama, Horror",2011-09-30,5000000,3099314,64720
Anomalisa,"Animation, Drama, Romance, Comedy",2015-12-30,8000000,5659286,291270
Race to Witch Mountain,"Adventure, Family, Fantasy, Science Fiction, Thriller, Action",2009-03-12,50000000,106303988,13836
The Living Daylights,"Action, Adventure, Thriller",1987-06-29,40000000,191185897,708
The Recruit,"Action, Thriller",2003-01-31,46000000,101191884,1647
News of the World,"Drama, Western, Adventure",2020-12-25,38000000,12668325,581032
Teenage Mutant Ninja Turtles,"Science Fiction, Action, Adventure, Comedy, Family",1990-03-30,13500000,201965915,1498
The Wedding Singer,"Romance, Comedy",1998-02-13,18000000,123306987,11003
The Duchess,"Drama, History, Romance",2008-09-05,17759769,43306325,12783
Scoob!,"Animation, Comedy, Family, Mystery",2020-07-08,90000000,28588425,385103
Dora and the Lost City of Gold,"Adventure, Comedy, Family, Fantasy",2019-08-08,49000000,120597108,499701
Ben-Hur,"Action, History, Adventure, Drama",2016-08-17,100000000,94061311,271969
War,"Action, Thriller",2007-08-24,25000000,40452643,10431
Rebecca,"Mystery, Romance, Thriller, Drama",1940-03-23,1288000,7592465,223
30 Minutes or Less,"Action, Adventure, Comedy",2011-08-11,28000000,40547440,62206
Crimson Tide,"Thriller, Action",1995-05-12,53000000,157387195,8963
The Fourth Kind,"Mystery, Science Fiction, Thriller",2009-11-06,10000000,47709193,22824
#Alive,"Horror, Action, Adventure, Thriller",2020-06-24,6300000,13416285,614696
Shaft,"Action, Crime",2019-06-14,30000000,21360215,486131
Chloe,"Drama, Thriller, Mystery",2010-02-25,14000000,13657649,28211
Eden Lake,"Horror, Thriller",2008-09-12,12850990,3984669,13510
While You Were Sleeping,"Romance, Comedy",1995-04-21,17000000,182057016,2064
A Separation,Drama,2011-02-15,5000000,24426169,60243
Death at a Funeral,"Comedy, Drama",2007-08-17,9000000,46789413,2196
Mr. Brooks,"Crime, Thriller",2007-06-01,20000000,48443734,3432
Cobra,"Action, Crime, Thriller",1986-05-22,25000000,49042224,9874
Volver,"Comedy, Drama, Romance",2006-03-17,12899867,85582407,219
Emma.,"Comedy, Romance",2020-02-13,10000000,25155355,556678
Alibi.com,Comedy,2017-02-15,7546570,29370592,398929
Suck Me Shakespeer,Comedy,2013-11-07,5000000,77676735,233063
Revenge,"Action, Thriller, Horror",2017-01-25,2900000,692079,467938
Ip Man 3,"Action, Drama, History",2015-12-24,36000000,157029618,365222
The Tale of The Princess Kaguya,"Animation, Drama, Fantasy",2013-11-23,49300000,24366656,149871
RV,"Family, Comedy",2006-04-28,50000000,87528173,9530
Do the Right Thing,Drama,1989-06-14,6500000,37300000,925
Filth,"Crime, Drama, Comedy",2013-09-23,5000000,9114264,85889
Matchstick Men,"Comedy, Drama, Crime, Thriller",2003-09-12,62000000,65565672,7270
Fighting with My Family,Comedy,2019-02-14,11000000,39055536,445629
Star Trek: The Motion Picture,"Science Fiction, Adventure, Mystery",1979-12-07,35000000,139000000,152
A Nightmare on Elm Street 3: Dream Warriors,"Horror, Thriller",1987-02-27,4000000,44800000,10072
Ride Along 2,"Action, Comedy",2016-01-14,40000000,124827316,323675
Brüno,Comedy,2009-07-08,42000000,138805831,18480
Reminiscence,"Mystery, Science Fiction",2021-08-18,68000000,18717947,579047
Ali,Drama,2001-12-10,107000000,87713825,8489
Footloose,"Drama, Music, Romance",2011-10-06,24000000,63543328,68817
Bring It On,Comedy,2000-08-25,28000000,90449929,1588
Duplex,Comedy,2003-09-26,40000000,19322135,7288
Hummingbird,"Action, Thriller",2013-05-07,20000000,8352885,136418
The Night Before,"Comedy, Adventure, Fantasy",2015-11-20,25000000,52395996,296100
The Sum of All Fears,"Thriller, Action, Drama",2002-05-31,68000000,193921372,4614
Lolita,Drama,1997-09-27,62000000,1071255,9769
Rounders,"Drama, Crime",1998-09-11,12000000,22921898,10220
The Boxtrolls,"Animation, Comedy, Family, Fantasy",2014-09-10,60000000,108255770,170687
Michael Clayton,"Drama, Thriller, Mystery, Crime",2007-09-28,25000000,92991835,4566
"I Love You, Man","Comedy, Romance",2009-03-20,41000000,91980359,16538
Dr. Dolittle 2,"Comedy, Family, Romance, Fantasy",2001-06-22,70000000,176104344,10808
Wild Things,"Mystery, Thriller, Drama",1998-03-20,20000000,67200000,617
Ong-Bak,"Action, Thriller, Crime, Adventure",2003-01-21,1100000,20112926,9316
Little Man,"Comedy, Crime",2006-08-31,64000000,101595121,9072
The Quick and the Dead,"Western, Action",1995-02-09,35000000,47000000,12106
Night School,Comedy,2018-09-27,29000000,33157615,454293
The Color Purple,"Drama, History",1985-12-18,15000000,146292000,873
One Hour Photo,"Drama, Thriller",2002-08-21,12000000,52223306,9357
Doubt,Drama,2008-02-27,20000000,50907234,14359
Superman III,"Comedy, Science Fiction, Action, Adventure",1983-06-17,39000000,75850624,9531
Tale of Tales,"Romance, Fantasy, Horror",2015-05-14,12000000,5500277,314405
Music and Lyrics,"Comedy, Music, Romance",2007-02-09,40000000,145896422,11172
"Paris, Texas",Drama,1984-08-23,1746964,2181987,655
Midnight Express,"Drama, Crime",1978-08-31,2300000,35000000,11327
The Wedding Planner,"Comedy, Romance",2001-01-26,35000000,94728529,2018
The Forbidden Kingdom,"Action, Adventure, Fantasy",2008-04-18,55000000,127906624,1729
Child 44,"Crime, Thriller",2015-03-15,50000000,3324330,181283
Planes,"Animation, Family, Adventure, Comedy",2013-08-09,50000000,219788712,151960
From Up on Poppy Hill,"Animation, Drama",2011-07-16,22000000,61037844,83389
The Infiltrator,"Crime, Drama, Thriller",2016-07-13,28000000,21011110,325789
The Signal,"Thriller, Science Fiction",2014-03-15,4000000,2665322,242095
Born on the Fourth of July,"Drama, War",1989-12-20,14000000,161001698,2604
Made of Honor,"Comedy, Romance",2008-04-30,40000000,106407672,10761
Meet the Spartans,Comedy,2008-01-24,30000000,85897593,7278
World Trade Center,"Drama, History, Thriller",2006-08-09,65000000,163247198,1852
Capernaum,Drama,2018-09-20,4000000,64978931,517814
The Hours,Drama,2002-12-27,25000000,41597830,590
Suffragette,"Drama, History",2015-10-16,14000000,16002420,245168
Detroit,"Crime, Drama, Thriller, History",2017-07-28,34000000,23355100,407448
Pleasantville,"Fantasy, Comedy, Drama",1998-09-17,60000000,49805462,2657
Sex and the City 2,"Comedy, Drama, Romance",2010-05-26,100000000,290745055,37786
Sense and Sensibility,"Drama, Romance",1995-12-13,16000000,134582776,4584
Precious,Drama,2009-11-06,10000000,47536959,25793
Network,Drama,1976-11-14,3800000,23689877,10774
Monster-in-Law,"Romance, Comedy",2005-05-13,43000000,154749918,4379
Clue,"Comedy, Thriller, Crime, Mystery",1985-12-13,15000000,14643997,15196
Grindhouse,"Thriller, Action, Horror",2007-04-06,67000000,25422088,285923
Automata,"Thriller, Science Fiction",2014-10-09,7000000,6237990,262543
Failure to Launch,"Comedy, Romance",2006-03-10,50000000,128406887,6877
Barton Fink,"Comedy, Drama",1991-08-01,9000000,6153939,290
Zookeeper,"Comedy, Romance, Family",2011-07-06,80000000,169852759,38317
Alvin and the Chipmunks: The Road Chip,"Adventure, Animation, Comedy, Family",2015-12-17,90000000,233755553,258509
The Cat in the Hat,"Comedy, Adventure, Family, Fantasy",2003-11-21,109000000,133800000,10588
The Dressmaker,"Drama, Comedy",2015-10-29,11930000,25003426,298382
Super Size Me,Documentary,2004-01-17,65000,28575078,9372
G.I. Jane,"Action, Drama",1997-08-19,50000000,48169156,4421
The Girl Who Played with Fire,"Drama, Action, Thriller, Crime, Mystery",2009-09-18,4422952,67126795,24253
Talladega Nights: The Ballad of Ricky Bobby,Comedy,2006-08-04,72500000,162966177,9718
Heathers,"Comedy, Crime",1989-03-31,3000000,1108462,2640
I Love You Phillip Morris,"Comedy, Crime, Drama, Romance",2009-01-18,13000000,20768906,8952
Hereafter,"Drama, Fantasy",2010-10-22,50000000,106956330,44603
Blitz,"Crime, Action, Thriller",2011-05-20,15774948,15800000,55846
What a Girl Wants,"Comedy, Romance, Drama, Family",2003-03-27,20000000,50732139,10735
The 15:17 to Paris,"Drama, Thriller",2018-02-07,30000000,57076286,453201
Hot Pursuit,"Action, Comedy, Crime",2015-05-08,35000000,51680201,268920
Frank,"Comedy, Drama, Mystery",2014-05-09,1000000,1897363,171372
Over the Top,"Action, Drama",1987-02-13,25000000,16057580,1825
The Conversation,"Crime, Drama, Mystery",1974-04-07,1600000,4420000,592
The Angry Birds Movie 2,"Animation, Comedy, Adventure, Family",2019-08-02,65000000,147792047,454640
The Brand New Testament,"Comedy, Fantasy",2015-09-02,8700000,15709652,330764
Philomena,Drama,2013-11-01,12000000,100129872,205220
The Wailing,"Horror, Mystery",2016-05-12,10951000,49851770,293670
Cats & Dogs,"Family, Comedy",2001-07-04,60000000,93375151,10992
Strangers on a Train,"Crime, Thriller",1951-06-27,1200000,7000000,845
Scoop,"Comedy, Mystery",2006-07-27,4000000,31584901,512
Skyline,"Science Fiction, Adventure, Action, Thriller",2010-11-11,10000000,66984888,42684
The Finest Hours,"Action, Drama, History, Thriller",2016-01-27,80000000,52099090,300673
The Great Mouse Detective,"Animation, Family, Adventure, Mystery",1986-07-02,14000000,38625550,9994
Any Given Sunday,Drama,1999-12-22,55000000,100230832,9563
The Unbearable Weight of Massive Talent,"Action, Comedy, Crime",2022-04-20,30000000,29116320,648579
The Maltese Falcon,"Mystery, Crime, Thriller",1941-10-18,375000,1772000,963
Maggie,"Horror, Drama, Mystery",2015-05-08,4000000,187112,287424
Texas Chainsaw 3D,"Horror, Thriller",2013-01-03,10000000,47340586,76617
The Last Emperor,"Drama, History",1987-10-04,23000000,43984230,746
Ruby Sparks,"Comedy, Romance, Fantasy, Drama",2012-07-25,8000000,9128263,103332
Billy Madison,Comedy,1995-02-10,10000000,26488734,11017
Another Earth,"Drama, Science Fiction",2011-07-22,100000,1938783,55420
Speed 2: Cruise Control,"Action, Adventure, Thriller",1997-06-13,160000000,164508066,1639
All Is Lost,"Action, Adventure, Drama",2013-08-23,9000000,6108720,152747
The Wedding Ringer,Comedy,2015-01-16,23000000,79799880,252838
Smokin' Aces,"Action, Comedy, Crime, Thriller",2006-12-09,17000000,57103895,7516
Gold,"Adventure, Drama, Thriller",2016-02-03,20000000,14880939,334524
Malcolm X,"Drama, History",1992-11-18,34000000,48169908,1883
The Heartbreak Kid,"Comedy, Romance",2007-10-05,60000000,127766650,9038
Hostage,"Action, Thriller, Crime",2005-03-10,52000000,77944725,2026
Miller's Crossing,"Drama, Thriller, Crime",1990-09-21,14000000,5080409,379
Amour,"Drama, Romance",2012-09-20,8900000,29844753,86837
The Possession,"Horror, Thriller",2012-08-30,14000000,85446075,77883
A Perfect World,"Drama, Crime",1993-11-24,30000000,135130999,9559
The Score,"Action, Crime, Thriller, Mystery",2001-07-13,68000000,113579918,11371
Spencer,Drama,2021-11-04,18000000,14000000,716612
La Vie en Rose,"Music, Drama",2007-02-14,25000000,86274793,1407
Trumbo,Drama,2015-10-27,15000000,8235661,294016
The Kingdom,"Thriller, Action, Drama",2007-08-22,70000000,86658558,4349
Halloween H20: 20 Years Later,"Horror, Thriller",1998-08-05,17000000,75000000,11675
The Full Monty,Comedy,1997-08-13,3500000,257850122,9427
Rebel Without a Cause,Drama,1955-10-27,1500000,4500000,221
Sideways,"Comedy, Drama, Romance",2004-10-22,16000000,109502303,9675
The Peanuts Movie,"Comedy, Animation, Family",2015-11-05,99000000,246233113,227973
Happy Feet Two,"Animation, Comedy, Family",2011-11-17,130000000,150406466,65759
Mississippi Burning,"Drama, Crime",1988-12-08,15000000,34604000,1632
Witness,"Crime, Drama, Romance, Thriller",1985-02-08,12000000,68706993,9281
The Phantom of the Opera,"Thriller, Drama, Romance",2004-12-08,70000000,154648887,9833
Big Momma's House 2,"Comedy, Crime",2006-01-26,40000000,138259062,11565
In the Mouth of Madness,"Horror, Thriller, Mystery",1995-02-03,8000000,8946600,2654
Iron Sky,"Action, Comedy, Science Fiction",2012-04-04,7500000,10109659,10679
Jeepers Creepers 2,Horror,2003-08-08,17000000,63102666,11351
Chernobyl Diaries,"Horror, Thriller",2012-05-24,1000000,38390020,93856
The Ladykillers,"Comedy, Crime, Thriller",2004-03-25,35000000,76700000,5516
Sphere,"Science Fiction, Mystery, Thriller",1998-02-13,80000000,37020277,10153
Little White Lies,"Comedy, Drama",2010-10-20,25000000,48531470,48034
Braindead,"Horror, Comedy",1992-08-13,3000000,242623,763
Species,"Science Fiction, Horror, Action",1995-07-07,35000000,113374103,9348
House of Flying Daggers,"Adventure, Drama, Action",2004-05-19,15000000,92863945,9550
The Dead Zone,"Thriller, Horror, Science Fiction",1983-10-21,10000000,20766616,11336
Friday the 13th Part 2,Horror,1981-05-01,1250000,21722776,9725
Wild at Heart,"Crime, Thriller, Romance",1990-08-17,9500000,14560247,483
Silent Hill: Revelation 3D,"Thriller, Horror, Mystery",2012-10-10,20000000,55362705,61012
Taking Lives,"Crime, Thriller",2004-03-19,45000000,65470529,11081
Red Dawn,"Action, Thriller",2012-03-15,65000000,44806783,60747
Jackass Presents: Bad Grandpa,Comedy,2013-10-22,15000000,151831537,208134
Jacob's Ladder,"Drama, Mystery, Horror",1990-11-02,25000000,26118851,2291
The X Files,"Mystery, Science Fiction, Thriller",1998-06-19,66000000,189198313,846
Secretary,"Comedy, Drama, Romance",2002-09-20,4000000,9304609,11013
Patriot Games,"Drama, Action, Thriller, Crime",1992-06-04,45000000,178051587,9869
Hide and Seek,"Horror, Mystery",2005-01-27,30000000,127369981,11096
Mank,"Drama, History",2020-11-13,25000000,122252,614560
Something's Gotta Give,"Drama, Comedy, Romance",2003-12-12,80000000,266728738,6964
Cocaine Bear,"Thriller, Comedy, Crime",2023-02-22,32500000,87649532,804150
Infernal Affairs,"Drama, Action, Thriller, Crime, Mystery",2002-12-12,125000,8708932,10775
A Beautiful Day in the Neighborhood,"Drama, History",2019-09-07,25000000,67925733,501907
House of 1000 Corpses,"Horror, Crime",2003-04-11,7000000,17949758,2662
Accepted,Comedy,2006-08-18,23000000,38505009,9788
Maverick,"Action, Adventure, Comedy, Drama, Western",1994-05-20,75000000,183031272,9359
Paul Blart: Mall Cop 2,"Action, Comedy, Family",2015-04-16,38000000,107597242,256961
Bonnie and Clyde,"Crime, Drama",1967-08-14,2500000,50700000,475
Oliver & Company,"Animation, Comedy, Family",1988-11-18,31000000,74151346,12233
Race,"Drama, History",2016-02-19,5000000,24804129,323677
Bewitched,"Comedy, Fantasy, Romance",2005-06-21,85000000,131426169,9722
Ultraviolet,"Science Fiction, Action, Thriller",2006-03-03,30000000,31070211,9920
A Single Man,"Drama, Romance",2009-10-19,7000000,24964890,34653
Diary of a Wimpy Kid,"Comedy, Family",2010-03-19,15000000,76196538,33217
Anon,Science Fiction,2018-05-03,20000000,1197741,396806
Glory,"Drama, History, War",1989-12-15,18000000,26828365,9665
Troll Hunter,"Fantasy, Horror",2010-10-29,3500000,4159678,46146
The Karate Kid Part III,"Action, Family, Drama, Adventure",1989-06-16,12500000,38956288,10495
Eye in the Sky,"Drama, Thriller, War",2015-09-07,13000000,18704595,333352
Jackass: The Movie,"Comedy, Documentary",2002-10-25,5000000,64282312,9012
Brick Mansions,"Action, Crime, Drama",2014-04-22,28000000,71416730,254473
The Muppets,"Comedy, Music",2011-11-22,45000000,165184237,64328
Seed of Chucky,"Comedy, Horror, Thriller",2004-11-12,12000000,24829644,11249
21 & Over,Comedy,2013-03-01,13000000,48065672,107811
Tenacious D in The Pick of Destiny,"Comedy, Music",2006-11-22,22000000,13405595,2179
The Gold Rush,"Adventure, Comedy, Drama",1925-07-12,923000,4000000,962
"Legally Blonde 2: Red, White & Blonde","Comedy, Romance",2003-07-02,45000000,124914842,10327
Candyman,"Drama, Horror, Thriller",1992-10-16,6000000,25792310,9529
mid90s,"Drama, Comedy",2018-10-19,258158,6897446,437586
Nacho Libre,"Comedy, Family",2006-06-16,35000000,99255460,9353
Land of the Dead,"Horror, Science Fiction",2005-06-18,15000000,47074133,11683
The One,"Action, Science Fiction, Thriller",2001-11-02,49000000,72689126,10796
U.S. Marshals,"Thriller, Crime, Action",1998-03-06,60000000,102367405,11808
Driving Miss Daisy,Drama,1989-12-13,7500000,145793296,403
Blood Father,"Action, Thriller, Drama",2016-08-11,13000000,6903033,309886
Hotel Artemis,"Thriller, Science Fiction, Action",2018-06-07,15000000,12371132,406761
Pinocchio,"Drama, Family, Fantasy",2019-12-19,12400000,17133446,413518
Notorious,"Thriller, Romance, Mystery",1946-08-21,2000000,24500000,303
Deliverance,"Drama, Adventure, Thriller",1972-08-18,2000000,46122355,10669
Trouble with the Curve,"Drama, Romance",2012-09-21,60000000,49000000,87825
The Marksman,Action,2021-01-15,23000000,23076711,634528
Epic Movie,"Comedy, Action, Adventure",2007-01-25,20000000,86865564,9760
Serenity,"Thriller, Mystery, Drama",2019-01-24,25000000,14454622,452832
Girls Trip,Comedy,2017-07-21,19000000,140376621,417870
Monsters,"Drama, Thriller, Science Fiction",2010-06-18,500000,5639730,43933
Premonition,"Thriller, Drama, Mystery",2007-02-08,20000000,84297309,9963
Edge of Darkness,"Crime, Drama, Mystery, Thriller",2010-01-28,80000000,81126522,12201
Dead Man,"Drama, Fantasy, Western",1995-12-23,9000000,103800000,922
The Zookeeper's Wife,"Drama, History, War",2017-03-24,20000000,26152835,289222
Smallfoot,"Family, Animation, Adventure, Fantasy",2018-09-20,80000000,214115531,446894
Halloween Ends,"Horror, Thriller",2022-10-12,20000000,104361355,616820
Cry-Baby,"Comedy, Romance",1990-04-06,11000000,8266343,9768
Following,"Drama, Thriller",1999-04-02,6000,48482,11660
Curse of Chucky,"Horror, Thriller",2013-10-08,5000000,3800000,167032
Only the Brave,"Drama, Action, History",2017-09-22,38000000,25754775,395991
Freaky,"Comedy, Fantasy, Horror, Thriller",2020-11-12,5000000,15104310,551804
The Cell,"Horror, Science Fiction, Thriller",2000-08-17,33000000,104155843,8843
Unsane,"Horror, Thriller",2018-02-21,1500000,14293601,467660
Burning,"Mystery, Drama, Thriller",2018-05-17,7280000,6591038,491584
Unfriended: Dark Web,"Horror, Thriller, Mystery",2018-07-19,1000000,16024987,505058
Speed Racer,"Family, Action, Adventure, Comedy",2008-05-07,120000000,93945766,7459
Assassins,"Action, Adventure, Crime, Thriller",1995-10-06,50000000,30303072,9691
On the Waterfront,"Crime, Drama",1954-06-22,910000,9600000,654
Jay and Silent Bob Strike Back,Comedy,2001-08-22,22000000,33788161,2294
Bowling for Columbine,"Documentary, Drama",2002-10-09,4000000,35564473,1430
Hitchcock,Drama,2012-11-22,15700000,23570541,112336
Minari,Drama,2021-02-12,2000000,12886100,615643
The Way Back,"Drama, Adventure, History",2010-11-22,30000000,24172201,49009
Mercury Rising,"Action, Crime, Drama, Thriller",1998-04-03,60000000,93107289,8838
No Hard Feelings,"Comedy, Romance",2023-06-15,45000000,82995526,884605
The Ten Commandments,"Drama, History",1956-10-05,13000000,122700000,6844
Daylight,"Action, Adventure, Thriller",1996-12-06,80000000,159212469,11228
Cop Land,"Crime, Drama, Mystery",1997-08-15,15000000,44862187,2142
Super,"Comedy, Action, Drama",2010-11-26,2500000,324138,45132
Snake Eyes: G.I. Joe Origins,"Action, Adventure",2021-07-22,88000000,36964325,568620
Child's Play 3,"Horror, Thriller",1991-08-30,13000000,20560255,11187
Looney Tunes: Back in Action,"Animation, Comedy, Family",2003-11-14,80000000,68514844,10715
Aquamarine,"Fantasy, Romance, Family, Comedy",2006-03-03,12000000,23006849,14191
The Manchurian Candidate,"Drama, Thriller, Mystery",2004-07-30,80000000,96105964,14462
An Officer and a Spy,"History, Drama, Thriller",2019-09-30,25300000,18878646,399121
Sorry to Bother You,"Fantasy, Science Fiction, Comedy",2018-07-06,3200000,18200000,424781
Terrifier 2,"Horror, Thriller",2022-10-06,250000,15065239,663712
Wall Street: Money Never Sleeps,"Drama, Crime",2010-09-20,70000000,134748021,33909
The Pelican Brief,Thriller,1993-09-17,45000000,195268056,9944
Cop Out,"Action, Comedy, Crime",2010-02-26,30000000,55583804,23742
Sweet Home Alabama,"Comedy, Romance",2002-09-26,30000000,180622424,11529
Astro Boy,"Animation, Action, Family, Science Fiction",2009-10-15,10000000,19551067,16577
All About Eve,Drama,1950-10-06,1400000,8400000,705
Flatliners,"Drama, Science Fiction, Horror",1990-08-10,26000000,61489265,1551
Animal House,Comedy,1978-07-27,2700000,141000000,8469
Those Who Wish Me Dead,"Thriller, Action",2021-05-05,20000000,23384502,578701
In the Line of Fire,"Action, Drama, Thriller, Crime, Mystery",1993-07-08,40000000,176997168,9386
Eighth Grade,"Comedy, Drama",2018-01-19,2000000,13539709,489925
Frankenstein,"Drama, Horror, Science Fiction",1931-11-21,291000,12000000,3035
Air,"Drama, History",2023-04-05,90000000,87078875,964980
Dope,"Crime, Drama, Comedy",2015-06-19,7000000,17986781,308639
A Prophet,"Crime, Drama",2009-08-26,13000000,17873691,21575
National Lampoon's Vacation,"Comedy, Adventure",1983-07-29,15000000,61399552,11153
Candyman,"Horror, Mystery, Thriller",2021-08-25,25000000,77411570,565028
Under Siege,"Action, Thriller",1992-10-08,35000000,156563139,8845
Florence Foster Jenkins,"Comedy, Drama",2016-05-06,29000000,48902953,315664
August: Osage County,"Comedy, Drama",2013-12-26,25000000,74188937,152737
Slither,"Horror, Science Fiction, Comedy",2006-03-31,15000000,12834936,9035
Into the Blue,"Action, Thriller, Adventure, Crime",2005-09-30,50000000,46117696,11968
Taxi 3,"Action, Comedy",2003-01-29,14500000,65497208,2334
The Transporter Refueled,"Action, Thriller, Crime",2015-09-02,25000000,72629670,287948
Stronger,Drama,2017-09-22,30000000,8484418,395993
Delivery Man,Comedy,2013-10-10,26000000,51164106,146239
Police Academy 2: Their First Assignment,"Comedy, Crime",1985-03-28,7600000,55600000,10157
The Cabinet of Dr. Caligari,"Drama, Horror, Thriller, Crime",1920-02-27,18000,8811,234
Ninja Assassin,"Action, Adventure, Thriller",2009-09-29,40000000,61601280,22832
Unfaithful,"Thriller, Drama",2002-05-10,50000000,119137784,2251
Good Luck Chuck,"Comedy, Romance",2007-09-21,25000000,59192128,10030
The Frighteners,"Horror, Comedy",1996-07-18,30000000,29359216,10779
The Adventures of Sharkboy and Lavagirl,"Adventure, Family, Science Fiction",2005-06-10,50000000,71992655,14199
Volcano,"Science Fiction, Action, Drama, Thriller",1997-04-25,90000000,122823468,10357
Cold War,"Drama, Romance, War, Music",2018-06-08,4954500,18754051,440298
Never Been Kissed,"Romance, Comedy, Drama",1999-04-09,25000000,84565230,11355
Junior,"Comedy, Family, Romance",1994-11-22,60000000,108431355,6280
My Cousin Vinny,Comedy,1992-03-13,11000000,64088552,10377
A Good Year,"Comedy, Drama, Romance",2006-09-09,35000000,42064105,9726
Morgan,"Horror, Science Fiction, Thriller",2016-09-01,8000000,8810591,377264
The Invasion,"Science Fiction, Thriller, Mystery, Horror",2007-08-17,80000000,40170558,4858
Macbeth,"Drama, War",2015-08-16,15000000,16322067,225728
Brotherhood of the Wolf,"Adventure, Horror, Action, History",2001-01-31,29000000,70752904,6312
Walking Tall,"Adventure, Drama, Action, Thriller",2004-04-02,46000000,57223888,11358
Morning Glory,"Drama, Comedy, Romance",2010-11-10,40000000,60040976,38357
The Kids Are All Right,"Comedy, Drama",2010-07-09,3500000,34705850,39781
Fool's Gold,"Adventure, Romance, Comedy",2008-02-07,70000000,111231041,8676
Boss Level,"Action, Science Fiction, Thriller",2021-02-19,45000000,2000000,513310
The November Man,"Crime, Action, Thriller",2014-08-27,15000000,32556119,254904
Kiss the Girls,"Thriller, Crime, Mystery, Drama",1997-09-29,27000000,60527873,9437
The Guardian,"Action, Adventure, Drama",2006-09-28,10000000,94973540,4643
Broken City,"Thriller, Crime, Drama",2013-01-18,56000000,34737199,98357
Ran,"Action, Drama, History",1985-06-01,11500005,11859533,11645
Free State of Jones,"Action, Drama, History, War",2016-06-24,50000000,25035950,316152
The Straight Story,Drama,1999-10-15,10000000,6203044,404
The Jacket,"Thriller, Mystery, Drama, Science Fiction, Fantasy",2005-03-04,29000000,21733230,9667
To Catch a Thief,"Mystery, Thriller, Romance, Comedy, Crime",1955-08-03,2500000,8750000,381
Goosebumps 2: Haunted Halloween,"Adventure, Comedy, Fantasy, Family, Horror",2018-10-11,35000000,93320380,442062
A Dog's Journey,"Family, Adventure, Drama",2019-05-03,16000000,78871079,522518
Intolerable Cruelty,"Comedy, Romance",2003-09-02,60000000,119940815,11775
Broken Arrow,"Action, Thriller, Adventure",1996-02-09,50000000,150270147,9208
The Loft,Thriller,2014-10-14,14000000,10076790,72784
Audition,"Horror, Drama",1999-10-06,250000,359853,11075
Conan the Destroyer,"Adventure, Fantasy, Action",1984-06-29,18000000,31042035,9610
C'est la vie!,Comedy,2017-10-04,17200000,23800000,432068
I Still Know What You Did Last Summer,"Horror, Mystery, Thriller",1998-11-13,65000000,40002112,3600
The Piano,"Drama, Romance",1993-05-19,7000000,40185556,713
The X Files: I Want to Believe,"Drama, Mystery, Science Fiction, Thriller",2008-07-24,30000000,69363381,8836
The Fog,Horror,1980-02-08,1000000,21448830,790
United 93,"Drama, History, Crime, Thriller, Action",2006-04-28,15000000,76286096,9829
Angel Heart,"Horror, Mystery",1987-03-06,17000000,17186348,635
Pink Floyd: The Wall,"Music, Drama",1982-07-14,12000000,22244207,12104
Final Fantasy: The Spirits Within,"Adventure, Action, Fantasy, Science Fiction, Thriller, Romance, Animation",2001-07-02,137000000,85131830,2114
Blue Streak,"Action, Comedy, Crime",1999-09-17,65000000,117758500,11001
Y Tu Mamá También,"Drama, Romance",2001-06-08,5000000,33616692,1391
Judas and the Black Messiah,"Drama, History",2021-02-12,26000000,6416063,583406
The Constant Gardener,"Drama, Mystery, Thriller",2005-08-31,25000000,82468097,1985
Before the Devil Knows You're Dead,"Crime, Drama, Thriller",2007-09-26,18000000,25005257,7972
Dennis the Menace,"Family, Comedy",1993-06-24,35000000,117270765,12139
The Frozen Ground,"Thriller, Crime",2013-07-11,27220000,5496951,199373
The Darkest Hour,"Horror, Action, Thriller, Science Fiction",2011-12-22,30000000,64626786,71469
Sahara,"Action, Adventure, Comedy, Drama, Mystery",2005-04-06,130000000,119269486,7364
DC League of Super-Pets,"Animation, Action, Family, Comedy, Science Fiction",2022-07-27,90000000,203000000,539681
Scrooged,"Fantasy, Comedy, Drama",1988-11-22,32000000,60328558,9647
Clear and Present Danger,"Action, Drama, Thriller",1994-08-03,62000000,215887717,9331
[REC]³ Genesis,Horror,2012-03-30,6400000,11019975,80280
Blue Ruin,"Crime, Thriller",2014-04-25,420000,993313,188166
West Side Story,"Drama, Romance, Crime",2021-12-08,100000000,74530532,511809
Harold & Kumar Escape from Guantanamo Bay,"Comedy, Adventure",2008-04-25,12000000,43493123,13335
Pokémon: The First Movie,"Animation, Family, Adventure, Fantasy, Action",1998-07-18,30000000,163644662,10228
EverAfter,"Drama, Romance, Comedy",1998-07-31,26000000,65705772,9454
The Hundred-Foot Journey,"Drama, Comedy",2014-08-06,22000000,89514453,228194
Paranormal Activity: The Marked Ones,"Horror, Thriller",2014-01-01,5000000,90894962,227348
Street Kings,"Action, Crime, Drama, Thriller",2008-04-10,20000000,66476363,1266
Star Trek IV: The Voyage Home,"Science Fiction, Adventure",1986-11-26,24000000,133000000,168
King Kong,"Adventure, Fantasy, Horror",1933-03-15,672000,10000000,244
Practical Magic,"Romance, Comedy, Fantasy",1998-10-16,75000000,46733235,6435
Short Circuit,"Comedy, Family, Science Fiction",1986-05-09,10000000,40697761,2605
Jonah Hex,"Action, Western, Drama, Fantasy, Thriller",2010-06-18,47000000,10539000,20533
Here Comes the Boom,"Comedy, Action",2012-10-11,42000000,73100000,87826
The Hills Have Eyes 2,"Horror, Thriller",2007-03-22,15000000,37697773,9793
Charlie Wilson's War,"Comedy, Drama, History",2007-12-19,75000000,119483446,6538
The Collector,"Horror, Thriller",2009-07-09,3400000,114000000,21407
Street Fighter,"Action, Adventure, Comedy, Thriller",1994-12-23,35000000,99423521,11667
Smurfs: The Lost Village,"Family, Adventure, Animation, Comedy",2017-03-23,60000000,197183546,137116
Six Days Seven Nights,"Adventure, Action, Comedy, Romance",1998-06-12,70000000,164839294,6068
Sisu,"Action, War",2023-01-27,6200000,13009289,840326
Marrowbone,"Thriller, Horror, Drama, Mystery",2017-10-27,8000000,12294931,399366
The Incredible Burt Wonderstone,Comedy,2013-03-14,30000000,27437881,124459
Where the Crawdads Sing,"Drama, Mystery, Romance",2022-07-14,24000000,144353965,682507
The Belko Experiment,"Horror, Thriller",2016-03-17,5000000,10166820,341006
Days of Thunder,"Adventure, Action, Drama",1990-06-27,60000000,157920733,2119
The Interpreter,"Crime, Thriller",2005-04-08,80000000,162944923,179
Behind Enemy Lines,"Action, Drama, Thriller, War",2001-11-30,40000000,91753202,8007
48 Hrs.,"Thriller, Action, Comedy, Crime, Drama",1982-12-07,12000000,78868508,150
Vacancy,"Horror, Thriller",2007-04-20,19000000,35300645,10294
Conspiracy Theory,"Action, Drama, Mystery, Thriller",1997-08-08,75000000,136982834,8834
Stepmom,"Drama, Romance, Comedy",1998-12-25,50000000,159710793,9441
What Men Want,"Comedy, Romance",2019-02-08,20000000,69766483,487297
The Lazarus Effect,"Horror, Thriller, Mystery, Science Fiction",2015-01-29,3300000,64110728,243940
Field of Dreams,"Drama, Fantasy",1989-04-21,15000000,84431625,2323
Red Heat,"Action, Crime",1988-06-17,29000000,34994648,9604
The Back-Up Plan,"Comedy, Romance",2010-04-23,35000000,77477008,34806
Safety Not Guaranteed,"Comedy, Romance, Science Fiction",2012-06-08,750000,4424699,84332
Re-Animator,"Science Fiction, Comedy, Horror",1985-10-18,900000,2023414,1694
Flashdance,"Drama, Romance",1983-04-14,7000000,201500000,535
Escape Plan 2: Hades,"Action, Thriller, Mystery",2018-06-05,20000000,17500000,440471
Motherless Brooklyn,"Drama, Thriller",2019-10-31,26000000,18377736,504562
Meet Dave,"Comedy, Science Fiction, Adventure, Family",2008-07-08,60000000,50650079,11260
Cocktail,"Romance, Drama, Comedy",1988-07-29,20000000,171504781,7520
A Most Violent Year,"Crime, Drama, Thriller",2014-12-31,20000000,12007070,241239
The Messenger: The Story of Joan of Arc,"Adventure, Drama, Action, History, War",1999-10-27,85000000,66976317,10047
The Art of Racing in the Rain,"Drama, Romance, Comedy, Family",2019-08-08,18000000,33766787,522924
Mother,"Crime, Drama, Mystery, Thriller",2009-05-28,5000000,17112713,30018
Fahrenheit 9/11,Documentary,2004-06-25,6000000,222446882,1777
Penelope,"Fantasy, Comedy, Romance",2006-03-01,15000000,21156270,7985
The Mexican,"Action, Comedy, Crime, Romance",2001-03-01,57000000,147845033,6073
Capote,"Crime, Drama",2005-09-30,7000000,49327405,398
Fatal Attraction,"Drama, Thriller",1987-09-18,14000000,320145693,10998
Agora,"Adventure, Drama, History",2009-05-17,70000000,39457342,26428
Sabotage,"Action, Drama, Thriller, Crime",2014-03-28,35000000,22126842,144336
Equals,"Drama, Romance, Science Fiction",2015-07-15,16000000,2084628,301875
The Old Man & the Gun,"Comedy, Crime, Drama",2018-09-27,15800000,11277120,429203
Sisters,Comedy,2015-12-18,30000000,105011053,266294
Woman in Gold,Drama,2015-03-20,11000000,61619773,304357
John Tucker Must Die,"Comedy, Romance",2006-07-27,18000000,68844775,9293
Dog,"Drama, Comedy",2022-02-17,20000000,84774243,626735
Memory,"Action, Thriller, Crime",2022-04-28,30000000,13897255,818397
The Awakening,"Horror, Thriller, Mystery",2011-08-17,4798235,209696,77949
Escape from L.A.,"Action, Adventure, Science Fiction, Thriller",1996-08-09,50000000,42277365,10061
Touch of Evil,"Crime, Thriller, Mystery",1958-03-30,829000,2247500,1480
Little Shop of Horrors,"Horror, Comedy",1986-12-19,25000000,38748395,10776
Alive,"Adventure, Drama, Thriller",1993-01-15,32000000,36733909,7305
A Street Cat Named Bob,"Family, Drama",2016-11-04,8000000,17900000,404378
Never Say Never Again,"Adventure, Action, Thriller",1983-10-07,36000000,160000000,36670
Mission to Mars,"Science Fiction, Adventure, Mystery",2000-03-10,90000000,60874615,2067
Star Trek: Nemesis,"Science Fiction, Action, Adventure, Thriller",2002-12-13,60000000,67312826,201
"Synecdoche, New York",Drama,2008-10-24,20000000,4383538,4960
The Green Inferno,"Horror, Thriller, Adventure",2013-09-08,5000000,12666449,171424
Overboard,"Romance, Comedy",2018-04-13,12000000,91244913,454619
47 Meters Down: Uncaged,"Horror, Drama, Adventure",2019-08-15,12000000,47582563,480105
Mustang,Drama,2015-06-17,1300000,5274664,336804
Delicatessen,"Comedy, Science Fiction, Fantasy",1991-04-17,4000000,1794187,892
A Haunted House 2,"Comedy, Horror",2014-04-17,4000000,25343661,184345
Paranormal Activity: The Ghost Dimension,"Horror, Thriller",2015-10-21,10000000,78903124,146301
The Unborn,"Horror, Thriller, Mystery",2009-01-09,16000000,76514050,13788
It's Complicated,"Comedy, Romance",2009-12-23,85000000,219103655,22897
Gretel & Hansel,"Fantasy, Horror, Mystery",2020-01-30,5000000,22304357,542224
Killer Joe,"Crime, Comedy, Thriller",2011-09-10,10000000,4633668,73567
The Room,"Comedy, Drama, Romance",2003-06-27,6000000,1752988,17473
Centurion,"Adventure, Action, Drama",2010-02-15,12000000,6890432,23759
Rust and Bone,"Drama, Romance",2012-05-17,15400000,25762027,97365
The Light Between Oceans,"Drama, Romance",2016-09-02,20000000,25975621,283552
The Devil's Rejects,"Drama, Horror, Crime",2005-07-22,7000000,20901859,1696
Leaving Las Vegas,"Drama, Romance",1995-10-27,3600000,49800000,451
High Noon,"Western, Drama",1952-06-09,730000,8000000,288
Solomon Kane,"Adventure, Fantasy, Action",2009-09-16,45000000,19652185,32985
Elizabeth,"Drama, History",1998-09-13,30000000,82150642,4518
Tolkien,"War, Drama, Romance",2019-05-03,20000000,8654322,468224
The Farewell,"Comedy, Drama",2019-07-12,250300,23076657,565310
Charlotte's Web,"Comedy, Family, Fantasy",2006-12-07,85000000,144000000,9986
American Graffiti,"Comedy, Drama",1973-08-01,777000,140000000,838
Color Out of Space,"Horror, Science Fiction, Mystery, Thriller",2019-09-07,6000000,1023510,548473
BPM (Beats per Minute),Drama,2017-08-23,6600000,7632420,451945
Deuce Bigalow: Male Gigolo,Comedy,1999-12-10,17000000,65535067,10402
Dream House,"Mystery, Drama, Thriller",2011-09-29,50000000,38502340,69668
After Hours,"Comedy, Thriller, Drama",1985-08-16,4500000,10609321,10843
The Ant Bully,"Fantasy, Adventure, Animation, Comedy, Family",2006-07-28,50000000,55181129,9906
This Is Spinal Tap,"Music, Comedy",1984-05-04,2500000,4736202,11031
Ghost World,"Comedy, Drama",2001-07-20,7000000,8800000,1548
Sympathy for Mr. Vengeance,"Action, Drama, Thriller",2002-03-29,4000000,1954937,4689
The Doors,"Music, Drama, History",1991-03-01,38000000,34416893,10537
The Mission,"Adventure, Drama, Action, History",1986-09-29,24500000,17218023,11416
Murder on the Orient Express,"Drama, Thriller, Mystery",1974-11-22,1400000,35700000,4176
Backdraft,"Crime, Drama, Thriller, Action",1991-05-24,75000000,152368585,2924
Winter's Tale,"Drama, Fantasy, Mystery, Romance",2014-02-13,60000000,30800231,137321
The Hurricane,Drama,1999-09-17,50000000,73956241,10400
Halloween II,Horror,2009-08-28,10000000,39421467,24150
Cool Hand Luke,"Crime, Drama",1967-11-01,3200000,16217773,903
Jackass 3D,"Comedy, Documentary, Action",2010-10-15,20000000,117224271,16290
Babysitting 2,Comedy,2015-12-02,9458736,24563629,331836
Alpha Dog,"Crime, Drama, Thriller",2006-01-27,9500000,32400000,7457
Awake,"Thriller, Crime, Mystery",2007-11-28,86000000,14373825,13483
Lady in the Water,"Drama, Fantasy, Mystery",2006-07-20,70000000,72785169,9697
Fifty Shades of Black,"Romance, Comedy",2016-01-28,20000000,21164799,351819
Collateral Damage,"Action, Thriller, Drama",2002-02-06,85000000,78382433,9884
A League of Their Own,"Comedy, Drama",1992-07-01,40000000,132440069,11287
Secret in Their Eyes,"Thriller, Mystery, Drama, Crime",2015-10-14,19500000,34854990,290751
Fallen,"Crime, Drama, Thriller",1998-01-16,46000000,25232289,9411
Indecent Proposal,"Romance, Drama",1993-04-07,38000000,266614059,4478
The Boss,Comedy,2016-04-07,29000000,78636257,323676
Heartbreaker,"Romance, Comedy",2010-03-17,8700000,47355187,41211
The Witches of Eastwick,"Comedy, Fantasy",1987-06-12,22000000,63766510,6069
Shaun the Sheep Movie,"Family, Animation, Comedy, Adventure",2015-02-05,25000000,106209378,263109
Chasing Amy,"Comedy, Drama, Romance",1997-04-04,250000,12021272,2255
Out of Africa,"History, Romance, Drama",1985-12-20,31000000,227514205,606
"Alexander and the Terrible, Horrible, No Good, Very Bad Day","Family, Comedy",2014-10-08,28000000,100654149,218778
The Gambler,"Thriller, Crime, Drama",2014-12-25,25000000,39171130,284536
Welcome to the North,Comedy,2012-01-18,6000000,35000000,85038
102 Dalmatians,"Family, Comedy",2000-10-07,85000000,183611771,10481
Just Married,"Comedy, Romance",2003-01-08,18000000,101564935,12090
Ali G Indahouse,Comedy,2002-03-21,7000000,25900000,9298
Blow Out,"Thriller, Mystery, Crime",1981-07-24,18000000,12000000,11644
Kickboxer,"Action, Thriller, Drama",1989-04-20,1500000,14697005,10222
The Haunting,"Horror, Thriller, Fantasy, Mystery",1999-07-23,80000000,177311151,11618
Weird Science,"Comedy, Fantasy, Science Fiction",1985-08-01,7500000,38934048,11814
Wonder Wheel,"Drama, Romance",2017-12-01,25000000,15366466,429189
Ring,"Horror, Thriller",1998-01-30,1200000,19400000,2671
Haywire,"Action, Drama, Thriller",2011-11-01,23000000,33372606,70435
Across the Universe,"Drama, Romance, Fantasy",2007-09-14,45000000,29625761,4688
The Five-Year Engagement,"Comedy, Romance",2012-04-27,30000000,54169363,72207
Blood Simple,"Crime, Drama, Thriller",1984-09-07,1500000,4229114,11368
"You, Me and Dupree","Comedy, Romance",2006-07-13,54000000,130628903,1819
Tusk,"Comedy, Horror",2014-09-19,3000000,1882074,246403
The Girl Who Kicked the Hornet's Nest,"Action, Thriller, Crime, Mystery",2009-11-27,4000000,43498108,33613
A Streetcar Named Desire,Drama,1951-09-19,1800000,8000000,702
The Raven,"Crime, Thriller, Mystery, Horror",2012-03-09,26000000,29657751,70436
Bastille Day,Action,2016-04-22,20000000,14397593,333669
A Nightmare on Elm Street 4: The Dream Master,"Horror, Thriller",1988-08-19,13000000,49400000,10131
LOL (Laughing Out Loud),Comedy,2009-02-04,10900000,31451622,21861
Space Cowboys,"Action, Adventure, Thriller",2000-08-04,65000000,128884132,5551
Arachnophobia,"Comedy, Horror",1990-07-20,31000000,53208180,6488
We Own the Night,"Drama, Crime, Thriller",2007-10-12,21000000,55033767,2001
Holes,"Adventure, Family, Drama, Comedy",2003-04-18,20000000,71406573,8326
Syriana,"Drama, Thriller",2005-11-23,50000000,93974620,231
The Man Who Knew Too Much,"Thriller, Mystery",1956-05-16,1200000,11300000,574
Be Kind Rewind,"Drama, Comedy",2008-01-20,20000000,30600000,4953
The Legend of Hercules,"Action, Adventure",2014-01-10,70000000,61279452,188207
Mr. Right,"Comedy, Action, Romance, Crime",2016-02-29,8000000,34694,333385
A Perfect Murder,"Crime, Thriller, Drama",1998-06-05,60000000,128038368,1965
Kate & Leopold,"Romance, Fantasy, Comedy",2001-12-25,48000000,76019048,11232
Revolver,"Drama, Thriller, Crime, Mystery",2005-09-11,27000000,7164778,10851
Belfast,Drama,2021-11-12,11000000,49158343,777270
A Most Wanted Man,Thriller,2014-07-25,15000000,31554855,157849
Charade,"Comedy, Mystery, Romance",1963-12-05,4000000,13475000,4808
The American,"Crime, Drama, Thriller",2010-08-31,20000000,67876281,27579
The Best Exotic Marigold Hotel,"Drama, Comedy",2012-02-23,10000000,136836156,74534
Halloween III: Season of the Witch,"Horror, Mystery, Science Fiction",1982-10-22,2500000,14400000,10676
A Thousand Words,"Drama, Comedy",2012-03-07,40000000,22044277,72358
Star Trek III: The Search for Spock,"Science Fiction, Action, Adventure, Thriller",1984-06-01,18000000,87000000,157
New Nightmare,"Horror, Mystery, Fantasy",1994-10-13,8000000,57000000,11596
The Bar,"Horror, Thriller, Comedy",2017-02-15,6045750,3662671,420648
Dead Man Walking,Drama,1995-12-29,11000000,39363635,687
Father of the Bride,"Comedy, Romance",1991-12-20,20000000,89325780,11846
Friday the 13th Part III,Horror,1982-08-13,4000000,36690067,9728
Johnny Mnemonic,"Science Fiction, Thriller, Adventure, Action",1995-05-26,25000000,19075720,9886
Asterix: The Mansions of the Gods,"Animation, Comedy, Adventure, Family",2014-11-26,30000000,42830578,170522
Sex Drive,"Comedy, Adventure, Romance",2008-10-16,19000000,18755936,13523
Spawn,"Action, Adventure, Fantasy, Horror, Science Fiction, Thriller",1997-07-31,40000000,87840042,10336
Your Highness,"Comedy, Fantasy, Adventure, Action",2011-04-08,49900000,28013733,38319
The Girl in the Spider's Web,Thriller,2018-10-25,43000000,35164920,446807
The Strangers: Prey at Night,"Horror, Thriller",2018-03-07,12500000,31039126,371608
The Book of Henry,"Drama, Crime, Thriller",2017-06-16,10000000,4596705,382614
Annie,"Comedy, Drama, Family",2014-12-19,65000000,133821816,196867
Live by Night,"Crime, Drama, Thriller",2016-12-25,108000000,22678555,259695
Wish Upon,"Horror, Thriller, Fantasy",2017-07-07,12000000,14301505,440597
Witness for the Prosecution,"Drama, Mystery, Crime",1957-12-17,3000000,9000000,37257
Kidnap,"Drama, Thriller",2017-06-16,21000000,30718107,293768
An Education,"Drama, Romance",2009-10-29,7500000,26096852,24684
An American Tail,"Drama, Family, Animation, Adventure",1986-11-21,9000000,84542002,4978
First Reformed,Drama,2018-05-18,3500000,2525738,458737
The Sisterhood of the Traveling Pants,"Drama, Comedy",2005-06-01,25000000,39053061,9779
Replicas,"Science Fiction, Thriller, Drama",2018-10-25,30000000,8100000,300681
My Life as a Zucchini,"Animation, Comedy, Drama, Family, Romance",2016-09-22,8000000,5873256,393559
The Possession of Hannah Grace,"Horror, Drama",2018-11-29,9500000,43016528,434555
Fright Night,"Comedy, Horror",1985-08-02,9000000,24922237,11797
The Stepford Wives,"Comedy, Science Fiction, Horror",2004-06-10,90000000,102000000,9890
Under the Silver Lake,"Crime, Drama, Mystery",2018-06-21,8500000,2053469,396461
Splash,"Comedy, Fantasy, Romance",1984-03-09,8000000,69821334,2619
Midnight Cowboy,Drama,1969-05-25,3600000,44785053,3116
My Week with Marilyn,"Drama, Romance",2011-11-23,6400000,35057696,75900
Snake Eyes,"Thriller, Crime, Mystery",1998-08-07,73000000,103891409,8688
The Fisher King,"Comedy, Drama",1991-09-20,24000000,41895491,177
Larry Crowne,"Comedy, Romance, Drama",2011-06-30,30000000,75055070,59861
The Net,"Crime, Drama, Mystery, Thriller, Action",1995-07-28,22000000,110627965,1642
This Is Where I Leave You,"Drama, Comedy",2014-09-10,19800000,41296320,239678
Fried Green Tomatoes,"Drama, Comedy",1991-12-27,11000000,119418501,1633
Land of the Lost,"Adventure, Comedy, Science Fiction",2009-06-05,100000000,68688831,18162
Broken Flowers,"Comedy, Drama, Mystery, Romance",2005-08-05,10000000,46720491,308
Jason X,"Horror, Science Fiction",2001-11-09,11000000,16951798,11470
Boys Don't Cry,"Crime, Drama",1999-09-02,2000000,11540607,226
Once,"Drama, Music, Romance",2007-03-23,160000,20710513,5723
Tales from Earthsea,"Animation, Fantasy, Adventure",2006-07-29,22000000,68625104,37933
The Color of Money,Drama,1986-10-17,13800000,52293982,11873
The Wicker Man,"Horror, Mystery, Thriller",2006-08-31,40000000,38805380,9708
Sliding Doors,"Comedy, Drama, Fantasy, Romance",1998-04-23,6000000,58809149,10215
Mother's Day,"Comedy, Drama, Romance",2016-04-28,25000000,48782670,353069
James and the Giant Peach,"Adventure, Animation, Family, Fantasy",1996-04-12,38000000,28946127,10539
My Name Is Khan,"Drama, Romance",2010-02-10,12000000,42345360,26022
The Spy Next Door,"Action, Comedy, Family",2010-01-15,28000000,66166000,23172
White Men Can't Jump,"Comedy, Drama",1992-03-27,31000000,90753806,10158
Nutty Professor II: The Klumps,"Fantasy, Comedy, Romance, Science Fiction",2000-07-27,84000000,123307945,12107
Universal Soldier: The Return,"Action, Science Fiction",1999-08-05,45000000,10667893,10366
Star Trek: Generations,"Science Fiction, Action, Adventure, Thriller",1994-11-18,38000000,120000000,193
The Siege,"Drama, Action, Thriller, Crime",1998-11-06,70000000,116672912,9882
Short Term 12,Drama,2013-08-23,1000000,1645164,169813
Baby's Day Out,"Family, Comedy, Adventure, Crime, Drama",1994-07-01,50000000,16671505,11212
Titane,"Drama, Thriller, Horror",2021-07-14,6600000,5115725,630240
Darkman,"Action, Science Fiction, Thriller",1990-08-24,16000000,48878502,9556
A Lot Like Love,"Comedy, Drama, Romance",2005-04-21,30000000,42886719,8976
Clerks II,Comedy,2006-07-21,5000000,26888376,2295
Left Behind,"Thriller, Action, Science Fiction",2014-10-03,16000000,19682924,218043
The Queen,"Drama, History",2006-09-15,15000000,123384128,1165
The Outsiders,"Crime, Drama",1983-03-25,10000000,33697647,227
Dark Places,"Thriller, Mystery, Drama, Crime",2015-04-08,20000000,5090852,182560
Sweet November,"Drama, Romance",2001-02-16,40000000,65754228,1921
Save the Last Dance,"Drama, Family, Romance, Music",2001-01-12,13000000,131706809,9816
Super Mario Bros.,"Adventure, Fantasy, Comedy, Family",1993-05-28,48000000,20915465,9607
Strange Days,"Crime, Drama, Science Fiction, Thriller",1995-10-13,42000000,7959291,281
CHiPS,"Action, Comedy, Crime",2017-03-23,25000000,26800152,417644
Grudge Match,Comedy,2013-12-25,40000000,44907260,64807
The Lizzie McGuire Movie,"Family, Comedy",2003-05-02,17000000,55534455,18736
Funny People,"Comedy, Drama",2009-07-30,75000000,71585235,20829
The Wave,"Thriller, Drama, Mystery",2015-08-28,5904067,12975143,336882
Spanglish,Comedy,2004-12-17,80000000,55041367,2539
Solaris,"Drama, Science Fiction, Mystery",2002-11-27,47000000,30002758,2103
Amistad,"Drama, History, Mystery",1997-12-10,36000000,44229441,11831
Serial (Bad) Weddings 2,Comedy,2019-01-30,18500000,87761857,505436
The Eagle,"Adventure, Drama",2011-02-08,25000000,27122040,49494
Glengarry Glen Ross,"Crime, Drama, Mystery",1992-09-15,12500000,10725228,9504
Stuber,"Action, Comedy",2019-07-11,16000000,32400000,513045
The Extraordinary Adventures of Adèle Blanc-Sec,"Fantasy, Adventure, Action, Mystery",2010-04-09,25000000,34604339,35552
Asterix & Obelix: God Save Britannia,"Family, Adventure, Comedy",2012-10-17,61000000,61319383,99770
Fruitvale Station,Drama,2013-07-26,900000,17549645,157354
Friend Request,"Horror, Thriller",2016-01-07,9900000,10975390,368031
Urban Legend,"Horror, Thriller",1998-09-25,14000000,72527595,9877
Cabin Fever,Horror,2003-08-15,1500000,30553395,11547
You Again,"Comedy, Romance",2010-09-23,20000000,32054369,38303
The Santa Clause 2,"Fantasy, Comedy, Family",2002-10-31,65000000,172842355,9021
Doomsday,"Action, Thriller, Science Fiction",2008-03-14,30000000,22472631,13460
See You Up There,"Drama, Crime, War",2017-10-25,23000000,15100000,430424
Turner & Hooch,"Action, Comedy, Thriller, Crime, Family",1989-07-28,13000000,71079915,6951
Blindness,"Drama, Mystery, Science Fiction, Thriller",2008-05-14,25000000,19844979,8338
The Remains of the Day,"Drama, Romance",1993-11-05,11500000,23237911,1245
Mission: Impossible - Dead Reckoning Part One,"Action, Thriller",2023-07-08,291000000,563148955,575264
Sleepless,"Action, Crime, Thriller",2017-01-12,30000000,32540674,324542
Freddy's Dead: The Final Nightmare,"Horror, Thriller",1991-09-05,11000000,34900000,11284
Stay,"Mystery, Thriller, Drama",2005-09-24,50000000,8342132,8066
Rock of Ages,"Comedy, Drama, Music, Romance",2012-06-13,75000000,59418613,80585
Fist Fight,Comedy,2017-02-16,22000000,41087017,345922
Manhunter,"Crime, Horror, Thriller",1986-08-14,15000000,8620929,11454
Vampires Suck,"Horror, Comedy",2010-08-18,20000000,80547866,40264
A Monster in Paris,"Adventure, Animation, Comedy, Family, Fantasy",2011-10-12,25000000,26611650,77459
Tolo Tolo,"Comedy, Drama, Family",2020-01-01,20000000,52186426,593402
The Man from Nowhere,"Action, Thriller, Crime",2010-08-04,1255000,43059790,51608
The Specialist,"Action, Thriller",1994-10-07,45000000,170362582,2636
Wanderlust,"Comedy, Romance",2012-02-23,35000000,24159934,50647
Bullet to the Head,"Action, Crime, Thriller",2013-01-31,55000000,9489829,70074
The Thirteenth Floor,"Thriller, Science Fiction, Mystery",1999-04-16,16000000,18564088,1090
Fantasia 2000,"Animation, Family, Music",1999-12-31,80000000,60655420,49948
Shaft,"Action, Adventure, Crime, Thriller",2000-06-15,46000000,107626125,479
Insidious: The Red Door,"Horror, Mystery, Thriller",2023-07-05,16000000,185582093,614479
My Fair Lady,"Romance, Drama, Comedy",1964-10-21,17000000,72661442,11113
Westworld,"Adventure, Science Fiction, Western",1973-08-15,1200000,10000000,2362
Friday the 13th: The Final Chapter,Horror,1984-04-13,2600000,32980880,9730
Runner Runner,"Crime, Thriller, Drama",2013-09-24,30000000,62616646,146238
Takers,"Action, Crime, Drama, Thriller",2010-08-26,32000000,80205382,22907
"Roman J. Israel, Esq.","Drama, Crime, Thriller",2017-11-17,22000000,13025860,413362
Amsterdam,"Mystery, History, Thriller",2022-09-27,80000000,31245810,664469
Cocoon,"Comedy, Drama, Science Fiction",1985-06-21,17500000,85313124,10328
Outlander,"Science Fiction, Action",2008-04-24,50000000,7033683,10529
Sky Captain and the World of Tomorrow,"Mystery, Action, Thriller, Science Fiction, Adventure",2004-09-17,70000000,57958696,5137
Risky Business,"Romance, Comedy, Drama",1983-08-05,6200000,63541777,9346
Don't Be a Menace to South Central While Drinking Your Juice in the Hood,Comedy,1996-01-12,3800000,20109115,10607
Quarantine,"Horror, Science Fiction, Thriller",2008-10-10,12000000,40855419,13812
The Rescuers Down Under,"Animation, Adventure, Family, Fantasy",1990-11-16,37931000,47431461,11135
Brahms: The Boy II,"Horror, Mystery, Thriller",2020-02-20,10000000,20311536,555974
Double Jeopardy,"Thriller, Crime, Mystery, Drama",1999-09-24,70000000,177841558,10398
The Bye Bye Man,"Horror, Thriller",2017-01-12,7400000,26667197,292280
The Fall,"Adventure, Fantasy, Drama",2006-09-09,30000000,3669465,14784
Selena,"Drama, Music, History",1997-03-21,20000000,60000000,16052
Jaws 3-D,"Thriller, Horror",1983-07-22,20500000,87987055,17692
Cult of Chucky,"Horror, Thriller",2017-10-12,6500000,2200000,393345
No Reservations,"Comedy, Romance, Drama",2007-06-15,28000000,92601050,3638
A Perfect Getaway,"Thriller, Mystery, Adventure",2009-06-08,14000000,22852638,12403
Jack,"Comedy, Family, Drama",1996-08-09,45000000,58620973,7095
Bound by Honor,"Crime, Action, Drama, Thriller",1993-02-05,35000000,4496583,9702
Popstar: Never Stop Never Stopping,"Comedy, Music",2016-06-03,20000000,9496130,341012
The Rainmaker,"Drama, Crime, Thriller",1997-11-18,40000000,45916769,11975
The Brice Man,Comedy,2005-03-30,4289601,33026616,17350
Star Trek VI: The Undiscovered Country,"Science Fiction, Action, Adventure, Thriller",1991-12-06,27000000,96900000,174
The Water Diviner,"War, Drama",2014-12-25,22500000,15520023,256917
Wasabi,"Drama, Action, Comedy",2001-10-31,15300000,10366360,2110
Hackers,"Action, Crime, Thriller, Drama",1995-09-14,20000000,7563728,10428
PAW Patrol: The Movie,"Animation, Family, Adventure, Comedy",2021-08-09,26000000,144327371,675445
Cosmopolis,Drama,2012-05-25,20500000,6063556,49014
Windtalkers,"War, Drama, Action, History",2002-06-14,115000000,77628265,12100
Cell 211,"Action, Thriller, Drama",2009-11-06,5700000,19300483,33273
Red Lights,Thriller,2012-03-02,14000000,13551174,75638
Tammy,Comedy,2014-07-02,20000000,100525432,226486
Bachelorette,"Comedy, Romance",2012-01-23,3000000,11947954,84174
Wings of Desire,"Drama, Fantasy, Romance",1987-05-17,2500000,3210139,144
MouseHunt,"Comedy, Family",1997-12-19,38000000,122417389,6283
"Big Mommas: Like Father, Like Son","Crime, Comedy, Action",2011-02-16,32000000,83615414,38322
When in Rome,"Comedy, Fantasy, Romance",2010-01-29,55000000,43042835,13477
Young Adult,"Comedy, Drama",2011-11-11,12000000,22939027,57157
Young & Beautiful,Drama,2013-08-21,4645437,9757417,184314
Elizabeth: The Golden Age,"Drama, History, Romance",2007-09-09,55000000,74237563,4517
This Must Be the Place,Drama,2011-08-24,25000000,11790979,53487
Runaway Jury,"Drama, Thriller",2003-01-16,60000000,80154140,11329
Timecrimes,"Science Fiction, Thriller",2007-10-05,2600000,553198,14139
The Black Cauldron,"Animation, Adventure, Family, Fantasy",1985-07-24,25000000,21288692,10957
The Animal,Comedy,2001-06-01,22000000,84772742,11090
Righteous Kill,"Action, Crime, Drama, Thriller",2008-09-11,60000000,79498846,13389
Forever My Girl,"Romance, Drama, Music",2018-01-26,3500000,16367326,417261
This Is England,"Drama, Crime",2006-09-12,2380000,8176544,11798
Innerspace,"Action, Comedy, Science Fiction",1987-07-01,27000000,25893810,2614
Halloween: Resurrection,"Horror, Thriller",2002-07-01,13000000,37664855,11442
Taxi 4,"Action, Comedy",2007-02-10,17500000,65125001,2335
The Upside,"Comedy, Drama",2019-01-10,37500000,125000000,440472
Personal Shopper,"Drama, Mystery, Thriller",2016-10-19,6000000,1305195,340676
Babe: Pig in the City,"Adventure, Comedy, Drama, Family, Fantasy",1998-11-25,90000000,69131860,9447
Home Again,"Comedy, Drama, Romance",2017-09-07,12000000,27020284,427900
Out of Sight,"Romance, Comedy, Crime",1998-06-26,48000000,77745966,1389
Sabrina,"Comedy, Romance",1954-09-10,2239000,10000000,6620
Mallrats,"Romance, Comedy",1995-10-20,6000000,2122561,2293
Second Act,"Romance, Comedy",2018-11-22,16000000,72282227,503616
The Last Castle,"Action, Drama, Thriller",2001-10-19,72000000,27642707,2100
Superman IV: The Quest for Peace,"Action, Adventure, Science Fiction",1987-07-24,17000000,19300000,11411
The Rum Diary,"Comedy, Drama",2011-10-13,45000000,24000000,23514
Hop,"Animation, Comedy, Family",2011-03-30,63000000,183953723,50359
Beneath the Planet of the Apes,"Adventure, Science Fiction, Mystery",1970-04-23,3000000,18999718,1685
Domino,"Action, Crime",2005-10-14,50000000,22944502,9923
Lost in Space,"Science Fiction, Adventure",1998-04-03,80000000,136159423,2157
RoboCop 3,"Action, Adventure, Crime, Science Fiction, Thriller",1993-05-28,22000000,10696210,5550
The Ward,"Horror, Mystery",2010-09-13,10000000,5343820,45657
Rescue Dawn,"Adventure, Drama, War",2006-09-09,10000000,7177143,9952
Soul Surfer,"Family, Drama",2011-04-08,18000000,47088990,43959
Analyze That,"Comedy, Crime",2002-12-06,60000000,55003135,9932
Little Women,"Drama, Romance",1994-12-21,18000000,50083616,9587
Shall We Dance?,"Drama, Romance, Comedy",2004-10-15,50000000,170128460,4380
The International,"Action, Thriller, Drama, Crime",2009-02-03,50000000,60161391,4959
October Sky,"Drama, Family",1999-02-19,25000000,34698685,13466
Vampires,"Action, Fantasy, Horror",1998-10-30,20000000,20308772,9945
A Christmas Story,"Comedy, Family",1983-11-18,3300000,20653717,850
Brick,"Drama, Mystery",2006-03-31,475000,3919254,9270
Eight Legged Freaks,"Action, Comedy, Horror, Thriller",2002-07-17,30000000,45867333,8869
Valhalla Rising,"Adventure, Drama, Action, Fantasy",2009-09-04,5641880,30638,37861
All Eyez on Me,"History, Drama, Music",2017-06-12,40000000,44922302,402529
Nick and Norah's Infinite Playlist,"Comedy, Music, Drama",2008-10-03,9000000,33556631,12182
Mary Shelley's Frankenstein,"Drama, Horror, Science Fiction, Romance",1994-11-04,45000000,112006296,3036
Miracles from Heaven,"Family, Drama",2016-03-17,16000000,73983359,339984
Inspector Gadget,"Action, Adventure, Comedy, Family",1999-07-23,75000000,134400000,332
A Nightmare on Elm Street: The Dream Child,"Horror, Thriller",1989-08-11,6000000,22168359,10160
Captain Underpants: The First Epic Movie,"Action, Animation, Comedy, Family",2017-06-01,38000000,125427681,268531
Fast Times at Ridgemont High,Comedy,1982-08-13,4500000,27092880,13342
About Schmidt,"Drama, Comedy",2002-12-12,30000000,105834556,2755
Last Tango in Paris,"Drama, Romance",1972-10-14,1250000,36182181,1643
The Zero Theorem,"Drama, Fantasy, Science Fiction",2013-09-20,8500000,770706,157834
Showgirls,Drama,1995-09-22,45000000,20350754,10802
Police Academy 3: Back in Training,"Comedy, Crime",1986-03-20,12000000,107600000,12118
Honey,"Music, Drama, Romance",2003-11-24,18000000,62646763,10028
Return to the Blue Lagoon,"Adventure, Drama",1991-08-02,11000000,2807854,13888
The Odd Life of Timothy Green,"Fantasy, Drama, Comedy, Family",2012-08-15,25000000,56012642,71864
Judy,"Drama, History, Music",2019-09-27,10000000,38981322,491283
Far and Away,"Adventure, Drama, Romance, Western",1992-05-22,60000000,137783840,11259
Oliver Twist,"Crime, Drama, Family",2005-09-23,50000000,42580321,257
Dan in Real Life,"Comedy, Romance, Drama",2007-10-26,25000000,68474305,7211
Becoming Jane,"Romance, Drama",2007-03-02,16500000,37311672,2977
Legend,"Adventure, Fantasy",1985-08-28,24500000,15502112,11976
The Devil's Backbone,"Fantasy, Drama, Horror, Thriller",2001-04-20,4500000,6582065,1433
The Ruins,Horror,2008-04-02,8000000,22818256,11152
Day of the Dead,"Horror, Drama, Mystery",1985-07-03,3500000,34000000,8408
The 'Burbs,"Comedy, Horror, Thriller",1989-02-17,18000000,49101993,11974
Arctic,Drama,2018-11-21,2000000,4100000,453755
The Grudge,"Horror, Mystery",2019-12-31,10000000,42800000,465086
I Still Believe,"Music, Drama, Romance",2020-03-12,12000000,16069730,585244
U-571,"War, Drama, Action, Thriller",2000-04-20,62000000,127666415,3536
Stir of Echoes,"Horror, Mystery, Thriller",1999-09-10,12000000,21133087,11601
The Wedding Date,"Comedy, Romance",2005-02-04,15000000,47175038,6961
The Words,"Drama, Thriller",2012-09-07,6000000,13231461,83686
It Happened One Night,"Comedy, Romance",1934-02-22,325000,4500000,3078
The General,"Comedy, War, Adventure, Action",1926-12-25,750000,1000000,961
Star Trek: Insurrection,"Science Fiction, Action, Adventure, Thriller",1998-12-11,70000000,118000000,200
RRRrrrr!!!,Comedy,2004-01-28,17820000,14054361,21778
The Dirty Dozen,"Action, Adventure, War",1967-06-15,5400000,45300000,1654
Jexi,Comedy,2019-10-10,5000000,9341824,620725
The Guard,"Action, Comedy, Thriller, Crime",2011-07-07,6000000,19560274,67913
Lock Up,"Action, Crime",1989-08-04,24000000,22099847,9972
First Knight,"Action, Adventure, Drama, Romance",1995-07-07,55000000,127600435,6520
Hidalgo,"Western, Adventure, Action",2004-02-04,100000000,108103450,2023
The Big Wedding,Comedy,2013-04-25,35000000,21819348,87567
So Undercover,"Action, Comedy",2012-12-06,15000000,2500000,93837
"Honey, I Blew Up the Kid","Adventure, Comedy, Family, Science Fiction",1992-07-16,40000000,58662452,11158
Romeo Must Die,"Action, Crime, Thriller",2000-03-22,25000000,91036760,2085
Mortal Kombat: Annihilation,"Action, Fantasy, Science Fiction",1997-11-11,30000000,51376861,9823
The Devil's Own,"Crime, Thriller, Drama",1997-03-13,90000000,140807547,4477
Disclosure,"Thriller, Drama, Crime",1994-12-09,55000000,214015089,8984
Laggies,"Comedy, Drama, Romance",2014-09-25,5000000,2379154,244264
The Diving Bell and the Butterfly,"Drama, History",2007-05-23,14000020,19777647,2013
The Gift,"Horror, Drama, Thriller, Mystery",2000-03-16,10000000,12008642,2046
The Long Kiss Goodnight,"Crime, Action, Mystery, Thriller",1996-10-11,65000000,89456761,11412
RRR,"Action, Drama",2022-03-24,69000000,160000000,579974
Kiss of the Dragon,"Action, Crime, Thriller",2001-07-06,25000000,64437847,2140
Mindhunters,"Mystery, Thriller, Crime",2004-05-07,27000000,21148829,16617
Nim's Island,"Adventure, Comedy, Family, Fantasy",2008-04-03,37000000,100104565,10488
The Treasure of the Sierra Madre,"Adventure, Drama, Western",1948-01-15,3800000,4307000,3090
Star Trek V: The Final Frontier,"Science Fiction, Action, Adventure, Thriller",1989-06-09,30000000,70200000,172
Frost/Nixon,"Drama, History",2008-10-15,25000000,18593156,11499
Borg vs McEnroe,"Drama, History",2017-09-08,7500000,16657800,397538
Welcome to Marwen,"Animation, Drama, Comedy",2018-12-21,39000000,12780692,351044
The Cider House Rules,Drama,1999-12-17,24000000,88545092,1715
The Wild Bunch,Western,1969-06-19,6244087,638641,576
Halloween 5: The Revenge of Michael Myers,"Horror, Thriller",1989-10-12,3000000,11642254,11361
Big Game,"Action, Adventure, Thriller",2014-09-05,8500000,7500000,230179
The Kite Runner,Drama,2007-12-14,20000000,73276047,7979
The Jungle Book 2,"Family, Animation, Adventure",2003-02-07,20000000,135680000,14873
Trespass,Thriller,2011-10-13,36000000,9612469,70578
Strange World,"Animation, Family, Adventure, Science Fiction",2022-11-23,180000000,73621640,877269
The Dukes of Hazzard,"Comedy, Adventure, Action",2005-08-05,50000000,110803676,6519
Rumor Has It...,"Comedy, Romance",2005-12-22,70000000,88933562,2800
The Painted Veil,"Romance, Drama",2006-12-09,19400000,26910847,14202
If Beale Street Could Talk,"Romance, Drama",2018-12-14,12000000,20572691,465914
Scanners,"Science Fiction, Horror",1981-01-14,4100000,14225876,9538
The First King,"History, Drama",2019-01-31,8000000,2440478,565179
Joy Ride,"Mystery, Thriller, Drama",2001-10-05,23000000,36642838,10866
Dracula,"Horror, Drama, Fantasy",1931-02-12,355000,700000,138
The Nanny Diaries,"Comedy, Drama, Romance",2007-08-24,20000000,47817020,12435
20th Century Women,Drama,2016-12-28,7000000,5664764,342737
District 13: Ultimatum,"Action, Thriller, Crime",2009-02-18,15000000,8786375,15357
Timecop,"Thriller, Science Fiction, Action, Crime",1994-09-15,27000000,101646581,8831
The Professor and the Madman,"History, Drama, Mystery, Thriller",2019-03-07,25000000,4957273,411728
Little Nicholas,Comedy,2009-09-30,22700000,62794894,31203
Suite Française,"Drama, Romance, War",2015-03-12,15000000,9104716,271674
The Spanish Apartment,"Drama, Comedy, Romance",2002-06-19,5300000,3897799,1555
A Hologram for the King,"Comedy, Drama",2016-04-22,30000000,4212494,270010
The Thomas Crown Affair,"Drama, Crime, Romance",1999-08-06,48000000,124305181,913
The Sandlot,"Family, Comedy",1993-04-07,7000000,34348444,11528
Uncle Buck,"Comedy, Drama, Family",1989-08-16,15000000,79258538,2616
My Bloody Valentine,"Mystery, Horror",2009-01-16,15000000,102836002,14435
Police Academy 4: Citizens on Patrol,"Comedy, Crime",1987-04-02,17000000,76800000,10587
Operation Fortune: Ruse de Guerre,"Action, Thriller, Comedy",2023-01-04,50000000,37846713,739405
The Man with the Iron Fists,Action,2012-11-02,15000000,20546518,97430
Enough,"Drama, Thriller",2002-05-21,38000000,51801187,1957
Ghost Dog: The Way of the Samurai,"Crime, Drama",1999-06-02,2000000,9400000,4816
The Good Shepherd,"Drama, Thriller, History",2006-12-11,85000000,100266865,1247
The New World,"Drama, History, Romance",2005-12-25,30000000,30536013,11400
Captive State,"Science Fiction, Action, Horror, Thriller",2019-03-15,25000000,8808611,429471
Disconnect,"Drama, Thriller",2012-09-11,10000000,3428048,127517
Dangerous Liaisons,"Drama, Romance",1988-12-21,14000000,34670720,859
Dangerous Minds,Drama,1995-08-11,23000000,179519401,9909
The Forgotten,"Thriller, Drama, Mystery, Science Fiction",2004-09-24,42000000,117592831,10145
Jackass Number Two,"Action, Comedy, Documentary",2006-09-22,11000000,72778712,12094
Holy Motors,"Drama, Fantasy",2012-07-02,4000000,641100,103328
Confessions of a Dangerous Mind,"Comedy, Crime, Drama",2002-12-31,30000000,33013805,4912
The Kings of Summer,"Comedy, Drama",2013-01-19,1500000,1400000,156700
Out of Time,"Thriller, Crime, Drama",2003-10-03,50000000,55495563,2116
Caddyshack,Comedy,1980-07-25,6000000,39846344,11977
Ladyhawke,"Adventure, Comedy, Fantasy",1985-03-27,20000000,18432000,526
Like Stars on Earth,Drama,2007-12-21,2600000,28430000,7508
Punisher: War Zone,"Action, Crime",2008-12-05,20500000,10089373,13056
A Tale of Two Sisters,"Drama, Horror, Mystery",2003-06-13,15050245,1062878,4552
While We're Young,"Comedy, Drama, Mystery",2015-04-03,10000000,17287309,252512
Phenomenon,"Drama, Romance, Science Fiction",1996-07-05,32000000,152036382,9294
Wolf Creek,"Horror, Thriller",2005-09-16,1000000,30894796,9885
Frailty,"Drama, Thriller, Crime",2001-11-17,11000000,17423030,12149
Teen Titans Go! To the Movies,"Animation, Action, Comedy, Science Fiction",2018-07-27,10000000,28646544,474395
Act of Valor,"Action, Thriller, War",2012-02-24,12000000,82499399,75674
Il Divo,Drama,2008-05-28,7275000,11260366,8832
Friday the 13th Part VI: Jason Lives,"Horror, Mystery, Thriller",1986-08-01,3000000,19472057,10225
Four Lions,"Comedy, Crime, Drama",2010-05-07,967686,6149356,37495
[REC]⁴ Apocalypse,"Thriller, Horror",2014-10-31,3000000,4915757,185341
The Jewel of the Nile,"Adventure, Action, Comedy, Romance",1985-08-01,25000000,96773200,10303
The Way of the Dragon,"Action, Crime",1972-06-01,130000,27000000,9462
Black Book,"Drama, Thriller, War",2006-09-14,21000000,26768563,9075
40 Days and 40 Nights,"Comedy, Romance",2002-03-01,17000000,95146283,2752
March of the Penguins,"Documentary, Family",2005-01-26,8000000,127392693,1667
Top Secret!,Comedy,1984-06-08,9000000,20458340,8764
Labor Day,Drama,2013-12-27,18000000,20275812,130150
Tracers,Action,2015-01-15,11000000,593683,290764
Downton Abbey,"Drama, Romance, History",2019-09-12,20000000,192199131,535544
'71,"Thriller, Action, Drama, War",2014-10-10,11000000,3200000,252178
Black Knight,"Comedy, Fantasy, Adventure",2001-11-21,50000000,33422806,11469
The Saint,"Thriller, Action, Romance, Science Fiction, Adventure",1997-04-03,68000000,118063304,10003
Death Sentence,"Action, Crime, Drama, Thriller",2007-08-31,20000000,16974459,11835
Nothing to Declare,Comedy,2010-12-20,28000000,93800000,52077
Dead Snow,"Horror, Comedy",2009-01-09,800000,2166797,14451
High Plains Drifter,"Western, Drama, Mystery",1973-04-19,5500000,15700000,11901
The Gods Must Be Crazy,"Action, Comedy",1980-09-10,5000000,60000000,8393
The Outlaw Josey Wales,Western,1976-06-30,3700000,31800000,10747
Blue Beetle,"Action, Science Fiction, Adventure",2023-08-16,120000000,124818235,565770
The Worst Person in the World,"Drama, Comedy, Romance",2021-10-13,5000000,11800000,660120
Diary of a Wimpy Kid: Rodrick Rules,"Family, Comedy",2011-03-25,21000000,72526996,60307
Goal!,Drama,2005-09-29,10000000,27610873,9763
The Horse Whisperer,"Adventure, Drama, Romance",1998-02-01,60000000,186883563,547
Bones and All,"Drama, Horror, Romance",2022-11-18,18000000,14134907,791177
Stillwater,"Drama, Crime, Thriller",2021-07-29,20000000,19754272,616651
Three Days of the Condor,"Thriller, Mystery",1975-09-24,7800000,41509797,11963
The Descent: Part 2,"Adventure, Horror, Thriller",2009-10-14,6000200,7048886,34480
Lake Placid,"Horror, Comedy, Action, Science Fiction, Thriller",1999-07-15,27000000,56870414,9825
Doctor Zhivago,"Drama, Romance, War",1965-12-22,11000000,111858363,907
My Own Private Idaho,Drama,1991-02-01,2500000,6401336,468
Bandidas,"Action, Comedy, Western, Crime",2006-01-18,35000000,18381890,1969
Wolfwalkers,"Animation, Family, Adventure, Fantasy",2020-10-26,12000000,1266570,441130
The Good Liar,Crime,2019-11-08,10000000,33856058,511322
Four Christmases,"Comedy, Romance, Drama",2008-11-26,80000000,164112721,12193
The Haunting in Connecticut,"Thriller, Horror",2009-03-27,10000000,77527732,18781
Free Fire,"Action, Crime, Mystery",2017-03-31,7000000,3719383,334521
Bad Lieutenant: Port of Call - New Orleans,"Drama, Crime",2009-09-11,25000000,10589102,11699
El Mariachi,"Action, Crime, Thriller",1992-09-04,7225,2040920,9367
Teen Wolf,"Comedy, Fantasy, Romance",1985-08-23,1200000,80000000,11824
The Money Pit,"Comedy, Romance",1986-03-26,10000000,54999651,10466
Renfield,"Comedy, Horror, Fantasy",2023-04-07,65000000,26348156,649609
After.Life,"Drama, Horror, Mystery, Thriller",2009-11-07,4500000,3606395,36419
Hard Target,"Action, Adventure, Crime, Thriller",1993-04-27,18000000,74189677,2019
The Birdcage,Comedy,1996-03-08,31000000,185260553,11000
The Way Back,Drama,2020-03-05,23000000,14590514,529485
13 Assassins,"Adventure, Drama, Action",2010-09-09,6000000,17555141,58857
The War of the Roses,"Comedy, Drama",1989-12-08,26000000,160188546,249
A Dog's Way Home,"Drama, Adventure, Family",2019-01-10,18000000,17643857,508763
Everybody Wants Some!!,Comedy,2016-03-30,10000000,3400278,295699
Maps to the Stars,Drama,2014-05-21,15000000,1338365,157851
The Client,"Drama, Thriller, Crime, Mystery",1994-07-20,45000000,117615211,10731
Pretty in Pink,"Comedy, Romance, Drama",1986-02-28,9000000,40471663,11522
Agent Cody Banks,"Action, Adventure, Comedy, Family",2003-03-14,28000000,58795814,10923
TMNT,"Adventure, Animation, Comedy, Family",2007-03-23,34000000,95608995,1273
Kids,"Drama, Crime",1995-07-28,1500000,20412216,9344
Marnie,"Thriller, Mystery, Drama, Romance, Crime",1964-07-17,2135000,7000000,506
Friday the 13th: A New Beginning,"Horror, Mystery, Comedy",1985-03-22,2200000,21930418,9731
Crocodile Dundee II,"Adventure, Comedy",1988-05-19,14000000,239606210,9396
Teenage Mutant Ninja Turtles II: The Secret of the Ooze,"Science Fiction, Adventure, Action, Comedy, Family",1991-03-22,25000000,78656813,1497
The Man Who Shot Liberty Valance,Western,1962-04-15,3200000,8000000,11697
The Black Dahlia,"Crime, Thriller, Drama",2006-09-15,50000000,49111202,9676
Shin Godzilla,"Action, Science Fiction, Horror",2016-07-29,15000000,77947607,315011
Veronica Mars,"Comedy, Drama, Crime",2014-03-13,6000000,3485127,177494
Cirque du Freak: The Vampire's Assistant,"Adventure, Fantasy, Action, Thriller",2009-10-23,40000000,28169671,24418
Last Knights,"Action, Adventure",2015-04-03,40000000,3643591,308504
The Dark Crystal,"Adventure, Family, Fantasy, Animation",1982-12-17,15000000,40577001,11639
The Midnight Meat Train,"Horror, Mystery, Fantasy",2008-08-07,15000000,3533227,10185
An Officer and a Gentleman,"Drama, Romance",1982-07-28,7500000,129795554,2623
Titan A.E.,"Animation, Action, Science Fiction, Family, Adventure",2000-06-16,75000000,36754634,7450
The Aeronauts,"Adventure, Drama, Romance",2019-11-04,40000000,3485251,514921
13 Sins,"Horror, Thriller",2014-04-11,5000000,13809,155084
Elizabethtown,"Comedy, Drama, Romance",2005-10-14,57000000,52164016,9621
The Mothman Prophecies,"Drama, Horror, Mystery",2002-01-25,32000000,55305279,2637
The Sweetest Thing,"Romance, Comedy",2002-04-12,43000000,68696770,11812
Robot & Frank,"Science Fiction, Comedy, Drama, Crime",2012-08-16,2500000,3325038,84329
Stagecoach,"Western, Adventure",1939-03-03,531374,1103757,995
Striptease,"Comedy, Crime, Drama",1996-06-28,50000000,113309743,9879
The People vs. Larry Flynt,Drama,1996-12-25,36000000,20300385,1630
The Physician,"Adventure, Drama, History",2013-12-25,36000000,57284237,169881
Pearl,"Horror, Drama",2022-09-16,1000000,9423445,949423
The Day the Earth Stood Still,"Drama, Science Fiction, Thriller",1951-09-28,995000,1850000,828
One Direction: This Is Us,"Documentary, Music",2013-08-29,10000000,68500000,164558
High Life,"Science Fiction, Drama, Mystery",2018-09-26,8933400,2133033,376865
Barely Lethal,"Adventure, Comedy, Action, Romance",2015-04-23,15000000,933847,248574
Nine Lives,"Fantasy, Comedy, Family",2016-08-03,30000000,57814445,322240
Justice League: War,"Animation, Action",2014-01-21,3500000,5155325,217993
Bullitt,"Action, Crime, Thriller",1968-10-17,5500000,42300873,916
Mimic,"Fantasy, Horror, Thriller, Science Fiction",1997-08-22,30000000,25480490,4961
The Pirates! In an Adventure with Scientists!,"Animation, Adventure, Family, Comedy",2012-03-12,60000000,123054041,72197
Changing Lanes,Thriller,2002-04-07,45000000,94935764,1537
Breakthrough,Drama,2019-04-10,14000000,49231674,514439
Assault on Precinct 13,"Thriller, Action, Adventure, Crime",2005-01-19,30000000,35294470,8978
Super Troopers,"Comedy, Crime, Mystery",2001-02-15,1200000,18492362,39939
Open Water,"Drama, Thriller, Horror",2003-10-26,130000,54667954,83
88 Minutes,"Crime, Mystery, Thriller",2007-02-14,30000000,32593385,3489
Stigmata,"Horror, Thriller",1999-09-10,29000000,50041732,10307
Barnyard,"Animation, Comedy, Family",2006-08-04,51000000,116476887,9907
Gosford Park,"Drama, Mystery, Thriller",2001-11-07,19800000,87754044,5279
The Bad Batch,"Drama, Horror, Science Fiction",2017-06-23,6000000,180851,316154
Like Crazy,"Drama, Romance",2011-10-28,250000,3542353,60420
Sleep Tight,"Thriller, Horror",2011-10-14,5000000,8791590,77495
Finding Forrester,Drama,2000-12-21,43000000,80049764,711
Sydney White,Comedy,2007-09-21,16500000,13620075,10760
Ghosts of Mars,"Action, Horror, Science Fiction",2001-08-24,28000000,14010832,10016
Hellbound: Hellraiser II,"Horror, Thriller",1988-12-23,3000000,12090735,9064
The Current War,"Drama, History",2018-02-01,30000000,12217160,418879
The City of Lost Children,"Fantasy, Science Fiction, Adventure",1995-05-17,18000000,1738611,902
Caché,"Mystery, Drama, Thriller",2005-10-05,8731048,36000000,445
Beverly Hills Chihuahua,"Comedy, Family, Adventure, Romance",2008-10-03,20000000,149281606,14405
Keanu,"Action, Comedy, Crime",2016-04-21,15000000,20609977,342521
Halloween: The Curse of Michael Myers,"Horror, Thriller",1995-09-29,5000000,15116634,10987
The Golden Child,"Action, Adventure, Comedy",1986-12-12,25000000,79817939,10136
Patton,"War, Drama, History",1970-01-25,12000000,89800000,11202
Beasts of the Southern Wild,"Drama, Fantasy",2012-06-29,1800000,21107746,84175
The Wild,"Family, Animation",2006-04-06,80000000,102338515,9904
Talk to Me,"Horror, Thriller",2023-07-26,4500000,72600000,1008042
Whip It,Drama,2009-04-09,15000000,16633035,22798
Timeline,"Action, Adventure, Science Fiction",2003-11-26,80000000,43935763,9562
Don't Be Afraid of the Dark,"Fantasy, Horror, Thriller",2010-11-06,25000000,36993168,46261
Arlington Road,"Crime, Drama, Thriller, Mystery",1999-03-19,31000000,41067311,1073
The Piano Teacher,"Drama, Romance",2001-09-05,3000000,9801375,1791
Inland Empire,"Mystery, Thriller, Horror",2006-09-06,15000000,4045770,1730
Son of Saul,"War, Drama, Thriller",2015-06-11,1000000,1777043,336050
Heartbeats,"Drama, Romance",2010-10-09,464229,62985,51241
The Postman,"Science Fiction, Adventure, Action, War",1997-12-25,80000000,17626234,9922
It's a Boy Girl Thing,"Comedy, Fantasy, Romance",2006-07-15,15500000,7385434,37725
Road House,"Action, Thriller",1989-05-19,15000000,30050028,10135
Batman: Mask of the Phantasm,"Action, Animation, Crime, Mystery",1993-12-25,6000000,5617391,14919
Serena,Drama,2014-10-12,30000000,5092129,164251
"Aguirre, the Wrath of God","Adventure, Drama, History",1972-12-29,370000,37041,2000
Black Rain,"Drama, Action, Thriller",1989-09-22,30000000,134212055,4105
White Boy Rick,"Crime, Drama",2018-09-14,29000000,26000000,438808
Something Borrowed,"Comedy, Drama, Romance",2011-05-05,35000000,65090821,49022
Antlers,"Drama, Horror, Mystery",2021-10-28,17000000,18867659,516329
The Endless,"Science Fiction, Horror, Thriller",2017-11-05,1000000,956425,430231
American Animals,"Drama, Crime, Documentary",2018-06-01,3000000,2847319,489931
When a Stranger Calls,"Horror, Mystery",2006-02-03,15000000,67062123,10053
The Woman in Black 2: Angel of Death,"Thriller, Horror, Drama",2014-12-30,15000000,48854305,288158
Reign Over Me,Drama,2007-03-22,20000000,22222308,2355
Sleeping with the Enemy,"Drama, Crime, Thriller",1991-01-13,19000000,174999005,7442
Stan & Ollie,"Comedy, Drama",2018-12-28,10000000,24420923,394741
Sanctum,"Action, Thriller",2011-02-03,30000000,108609310,48340
Three Thousand Years of Longing,"Drama, Adventure, Fantasy, Romance",2022-08-24,60000000,20282422,556694
The Omen,Horror,2006-06-06,25000000,119975084,806
Manhattan Murder Mystery,"Comedy, Mystery",1993-05-02,13500000,11285588,10440
Disaster Movie,"Comedy, Science Fiction",2008-08-29,25000000,14109284,13805
The Pyramid,Horror,2014-12-04,6500000,16861137,282813
The Water Horse,"Family, Adventure, Fantasy",2007-12-25,40000000,103071443,54318
Absolute Power,"Crime, Drama, Action",1997-02-14,50000000,50068310,66
Midnight Run,"Crime, Comedy, Action, Adventure",1988-07-20,30000000,38413606,9013
Crazy Heart,"Drama, Music, Romance",2009-12-16,7000000,47405566,25196
The Santa Clause 3: The Escape Clause,"Comedy, Family, Adventure",2006-11-02,12000000,84500122,13767
Taxi,"Action, Comedy, Thriller, Crime",2004-10-06,25000000,71255003,11045
Chaplin,Drama,1992-12-17,31000000,9493259,10435
Invasion of the Body Snatchers,"Horror, Science Fiction",1956-02-05,417000,3000000,11549
Space Pirate Captain Harlock,"Animation, Science Fiction",2013-09-07,30000000,18010317,192577
Return to Oz,"Adventure, Family, Fantasy",1985-06-21,25000000,11137801,13155
Beginners,"Drama, Romance, Comedy",2010-09-16,3200000,14311701,55347
The Eye,"Drama, Horror, Thriller",2008-02-01,12000000,58010320,9030
The Age of Innocence,"Drama, Romance",1993-09-10,34000000,32255440,10436
Marathon Man,Thriller,1976-10-08,6500000,21709020,10518
Queen of the Damned,"Drama, Fantasy, Horror",2002-02-10,35000000,45479110,11979
Camp X-Ray,Drama,2014-10-17,1000000,59744,244506
Blacklight,"Action, Thriller",2022-02-10,43000000,15902207,823625
Blast from the Past,"Drama, Romance, Comedy",1999-02-12,35000000,40263020,11622
Osmosis Jones,"Adventure, Animation, Action, Comedy, Family",2001-08-10,75000000,13596911,12610
Look Who's Talking Now!,"Romance, Comedy, Family",1993-11-05,22000000,10340263,11982
Loving Pablo,"Crime, Drama",2017-10-12,4667008,17535962,425336
Open Range,"Western, Action, Drama, Adventure, Romance",2003-08-29,22000000,68296293,2055
Bottle Rocket,"Comedy, Crime, Drama",1996-02-21,7000000,1040879,13685
The To Do List,"Comedy, Romance",2013-07-24,1500000,3566225,129139
The Young Victoria,"Drama, History, Romance",2009-03-04,35000000,29196409,18320
On the Basis of Sex,"Drama, History",2018-12-25,20000000,38673750,339380
Basic,"Action, Drama, Mystery, Thriller, Crime",2003-04-18,50000000,42792561,10782
The Round Up,"Drama, History, War",2010-03-10,20000000,25346148,41411
Piranha 3DD,"Horror, Thriller, Comedy",2012-05-11,5000000,8493728,71668
Pale Rider,Western,1985-06-28,6900000,41410568,8879
Chain Reaction,"Science Fiction, Action, Drama, Thriller",1996-08-02,50000000,60209334,12123
Double Impact,"Thriller, Action, Crime, Drama",1991-07-31,15000000,30102717,9594
Jersey Girl,"Comedy, Romance, Drama",2004-03-25,35000000,35492921,9541
Braven,"Drama, Action, Thriller",2018-02-01,5000000,854319,459910
Machine Gun Preacher,"Action, Thriller, Crime",2011-09-23,30000000,2527904,45610
Harry Brown,"Thriller, Crime, Drama, Action",2009-11-11,7300000,10329747,25941
Naked Lunch,"Crime, Drama",1991-12-27,16000000,2641357,2742
Running Scared,"Action, Crime, Drama, Thriller",2006-01-06,17000000,9500000,7304
The Last Exorcism,"Horror, Thriller, Mystery",2010-08-27,1800000,69432527,38358
Vertical Limit,"Adventure, Action, Thriller",2000-12-08,75000000,215663859,11678
Stealth,Science Fiction,2005-07-27,135000000,76932943,10048
Stolen,"Action, Crime, Thriller",2012-09-06,35000000,2106557,127493
Invasion of the Body Snatchers,"Science Fiction, Horror",1978-12-20,3500000,24946533,11850
Bringing Out the Dead,Drama,1999-10-22,32000000,16800000,8649
Mr. Smith Goes to Washington,"Comedy, Drama",1939-10-19,1500000,9600000,3083
Black Box,"Mystery, Thriller, Drama",2021-09-08,10722240,9738741,663260
Drillbit Taylor,Comedy,2008-02-04,40000000,32853640,8457
Bangkok Dangerous,"Action, Crime, Thriller",2008-08-21,45000000,42487390,13184
Chaos,"Drama, Action, Crime",2005-01-17,30000000,7000000,5289
Derailed,"Drama, Thriller",2005-11-11,22000000,57479076,8999
All Dogs Go to Heaven,"Drama, Animation, Family, Comedy, Fantasy",1989-11-17,13800000,27100027,11497
A River Runs Through It,"Drama, Family",1992-10-09,12000000,43440294,293
The Happytime Murders,"Action, Comedy, Crime",2018-08-22,40000000,27506452,412988
The Hurricane Heist,"Action, Crime, Thriller",2018-02-28,35000000,32517248,430040
The Fifth Estate,"Drama, Thriller",2013-10-11,28000000,8555008,162903
Cocoon: The Return,"Comedy, Science Fiction",1988-09-13,17500000,25024919,11285
Wayne's World 2,"Comedy, Music",1993-12-10,40000000,48198019,8873
Red Planet,"Thriller, Action, Science Fiction",2000-11-10,80000000,33463969,8870
Lionheart,Action,1990-06-07,6000000,24271196,9399
The White Ribbon,"Drama, Mystery",2009-09-24,21555450,11652157,37903
Aliens in the Attic,"Adventure, Comedy, Family, Fantasy, Science Fiction",2009-07-30,45000000,57881056,20856
Life of the Party,Comedy,2018-05-10,30000000,61700416,399796
Lakeview Terrace,"Drama, Crime, Thriller",2008-09-19,20000000,27640028,13279
In the Heat of the Night,"Crime, Drama, Mystery, Thriller",1967-08-02,2000000,27379978,10633
The Grudge 2,"Horror, Thriller",2006-10-12,20000000,39143839,1975
The Last Temptation of Christ,Drama,1988-05-28,7000000,8373585,11051
Seeking Justice,"Action, Drama, Thriller",2011-09-02,17000000,14089528,74998
Beyond Skyline,"Action, Science Fiction, Adventure",2017-10-20,20000000,992181,271404
The Hudsucker Proxy,"Comedy, Drama",1994-03-11,25000000,2800000,11934
Entourage,Comedy,2015-06-03,30000000,49263404,188222
Dreamgirls,"Drama, Music",2006-12-25,70000000,154937680,1125
My Big Fat Greek Wedding 2,"Romance, Comedy",2016-03-23,18000000,90632641,302688
Election,"Comedy, Drama",1999-04-23,25000000,14902041,9451
The Lego Ninjago Movie,"Family, Animation, Action, Adventure, Comedy",2017-09-21,70000000,123081555,274862
All About Steve,Comedy,2009-08-06,15000000,40105542,23706
Taxi 5,"Comedy, Action",2018-04-07,24625000,38600000,434355
The Outpost,"War, Drama, History, Action",2020-06-24,18000000,2133452,531876
Open Your Eyes,"Drama, Thriller, Science Fiction",1997-12-19,2900000,370720,1902
Jaws: The Revenge,"Adventure, Thriller, Horror",1987-07-17,23000000,51881013,580
Murder by Numbers,"Crime, Drama, Thriller",2002-04-19,50000000,56714147,11892
M*A*S*H,"Comedy, Drama, War",1970-02-18,3500000,81600000,651
Dark Water,"Horror, Mystery",2005-07-08,30000000,68357079,9009
The Iceman,"Thriller, Crime, Drama",2012-09-01,20000000,1969193,68812
The Next Karate Kid,"Action, Drama, Family, Adventure",1994-07-18,12000000,15876353,11231
Thelma,"Drama, Mystery, Thriller",2017-09-15,5741614,1471656,401898
The Big Sleep,"Crime, Mystery, Romance",1946-08-23,1600000,4900000,910
Weekend at Bernie's,"Comedy, Crime",1989-07-05,6500000,30218387,8491
Heartbreak Ridge,"War, Drama, Comedy",1986-12-05,15000000,42724017,10015
Apollo 18,"Horror, Thriller, Science Fiction",2011-07-20,5000000,25562924,50357
My Hero Academia: Two Heroes,"Animation, Action, Adventure, Fantasy",2018-08-03,12000000,31478826,505262
The Covenant,"Fantasy, Horror, Adventure, Action",2006-09-08,20000000,37597471,9954
Space Sweepers,"Drama, Fantasy, Science Fiction",2021-02-05,21000000,24571,581389
Friday the 13th Part VIII: Jason Takes Manhattan,Horror,1989-07-28,5000000,14000000,10283
One for the Money,"Action, Comedy, Crime",2012-01-26,40000000,36893721,54054
In the Valley of Elah,"History, Drama, Thriller, Crime, Mystery",2007-09-14,23000000,29541790,6973
Howard the Duck,"Comedy, Fantasy, Science Fiction",1986-08-01,37000000,37962774,10658
Get Shorty,"Comedy, Thriller, Crime",1995-10-20,30250000,115101622,8012
Escape from the Planet of the Apes,"Action, Science Fiction",1971-05-20,2500000,12348905,1687
The Purple Rose of Cairo,"Fantasy, Comedy, Romance",1985-03-01,15000000,10631333,10849
The Invisible Boy,"Comedy, Adventure, Science Fiction, Fantasy",2014-12-18,8000000,5216102,303542
The Visitors II: The Corridors of Time,"Comedy, Fantasy",1998-02-11,23030000,66000000,10353
Wimbledon,"Comedy, Romance",2004-09-13,31000000,41512007,11823
Friday the 13th Part VII: The New Blood,Horror,1988-05-13,2800000,19170001,10281
The Ghost and the Darkness,"Adventure, Action, Thriller",1996-10-11,50000000,38619405,10586
Frantic,"Thriller, Mystery",1988-02-19,20000000,17637950,10675
Slow West,"Western, Action, Thriller, Drama",2015-05-15,2000000,229094,223485
TÁR,"Drama, Music",2022-09-23,35000000,29182623,817758
3 Men and a Baby,Comedy,1987-11-27,11000000,242780960,12154
Rumble in the Bronx,"Crime, Action, Comedy, Thriller",1995-01-21,7500000,32392047,33542
The Turning,"Horror, Thriller",2020-01-23,14000000,19428166,492611
Hannah and Her Sisters,"Comedy, Drama",1986-02-07,6400000,40084041,5143
Psycho,"Mystery, Thriller, Horror",1998-12-04,60000000,37141130,11252
The Swan Princess,"Family, Animation, Fantasy, Adventure, Comedy",1994-11-18,20000000,9771658,22586
The Prodigy,"Horror, Thriller",2019-02-06,6000000,21150265,532671
Adore,Drama,2013-04-03,16000000,1575749,111190
Spy Kids: All the Time in the World,"Family, Comedy, Action",2011-08-18,27000000,85564310,56288
Everybody Knows,"Crime, Drama, Mystery, Thriller",2018-05-09,11318430,17997350,401545
The Pledge,"Crime, Drama, Mystery, Thriller",2001-01-19,35000000,29419291,5955
Table 19,"Comedy, Drama",2017-03-03,5000000,5042014,353569
Passenger 57,"Action, Adventure, Thriller",1992-11-06,15000000,44065653,10538
Lupin the Third: The Castle of Cagliostro,"Family, Animation, Adventure, Comedy, Crime",1979-12-15,7202188,8194857,15371
Creepshow,"Horror, Comedy",1982-11-10,8000000,21028755,16281
Samba,"Drama, Comedy",2014-10-15,20000000,151530,269148
Appaloosa,"Drama, Western, Crime",2008-09-19,20000000,20211394,12690
28 Days,"Comedy, Drama",2000-04-06,43000000,6219894,10468
Cujo,"Horror, Thriller",1983-08-10,5000000,21200000,10489
K-19: The Widowmaker,"Drama, History, War, Thriller, Mystery",2002-07-19,100000000,35168966,8665
Beethoven's 2nd,"Family, Comedy",1993-12-14,15000000,118243066,10438
Rubber,"Comedy, Drama, Fantasy, Horror, Mystery",2010-11-09,500000,98017,45649
Gridiron Gang,"Crime, Drama",2006-09-15,30000000,41480851,9766
La Belle Époque,"Comedy, Drama",2019-11-06,11000000,13935410,595975
Hudson Hawk,"Action, Adventure, Comedy",1991-05-23,65000000,17218080,9292
Those Happy Days,"Comedy, Family",2006-06-28,7508646,10890811,19100
Time Bandits,"Family, Fantasy, Science Fiction, Adventure, Comedy",1981-07-13,5000000,42365581,36819
Date Movie,"Comedy, Romance",2006-02-17,20000000,48548426,10073
Did You Hear About the Morgans?,"Comedy, Drama, Romance",2009-12-17,58000000,85280250,24438
The Miseducation of Cameron Post,Drama,2018-07-18,900000,2019874,426613
The Glass House,"Drama, Thriller",2001-09-14,30000000,23619609,2176
Children of the Corn,"Horror, Thriller",1984-03-09,800000,14568989,10823
Say Anything...,"Romance, Comedy, Drama",1989-04-14,16000000,20036737,2028
Ida,Drama,2013-10-25,2159280,15298355,209274
Marshland,"Thriller, Crime, Mystery",2014-09-25,4000000,5169755,236735
Showtime,"Action, Comedy",2002-03-14,85000000,77885672,5851
Death at a Funeral,Comedy,2010-04-15,21000000,49050886,34803
How Do You Know,"Comedy, Drama, Romance",2010-12-17,120000000,48668907,42888
Cry Macho,"Drama, Western",2021-09-16,33000000,16481544,749274
The Roommate,"Thriller, Drama, Horror",2011-02-04,16000000,52545707,49950
Everybody's Fine,Drama,2009-12-04,21000000,16443609,26171
The Spirit,"Action, Comedy, Crime, Fantasy",2008-12-25,60000000,39031337,8285
Nine 1/2 Weeks,"Romance, Drama",1986-02-09,17000000,6735922,10068
Are We There Yet?,"Family, Adventure, Comedy, Romance",2005-01-20,32000000,97918663,11637
Excalibur,"Adventure, Fantasy",1981-04-10,11000000,34967437,11527
Bandits,"Comedy, Crime",2001-10-12,75000000,67631903,3172
Cats,"Fantasy, Comedy, Drama",2019-12-19,95000000,73515024,536869
Little Children,"Drama, Romance",2006-10-06,26000000,14821658,1440
The Weather Man,"Comedy, Drama",2005-10-20,20000000,12482775,6963
A Little Princess,"Drama, Family, Fantasy",1995-05-10,17000000,10015449,19101
Waltz with Bashir,"Drama, Animation, War, Documentary",2008-06-12,1500000,11179372,8885
"Good Night, and Good Luck.","Drama, History",2005-09-16,7000000,54600000,3291
Our Idiot Brother,"Comedy, Drama",2011-08-26,5000000,24816118,59968
Ghost Town,"Drama, Comedy, Fantasy",2008-09-19,20000000,27090159,12797
The Nut Job,"Animation, Comedy, Family, Adventure",2014-01-17,42000000,122529966,227783
PK,"Comedy, Drama, Adventure, Science Fiction",2014-12-18,13000000,120000000,297222
The Gallows,"Horror, Thriller",2015-07-09,100000,42964410,299245
Dracula: Dead and Loving It,"Comedy, Horror",1995-12-22,30000000,10772144,12110
Monster's Ball,"Drama, Romance",2001-06-07,4000000,44909486,1365
Operation Finale,"Drama, History, Thriller",2018-08-29,24000000,17506878,493551
Along with the Gods: The Two Worlds,"Action, Adventure, Fantasy, Thriller",2017-12-20,18300000,125983972,397567
The Peacemaker,"Action, Thriller",1997-09-26,50000000,110463140,6623
The Gunman,"Action, Drama, Crime",2015-02-16,40000000,13644292,266396
Enemy Mine,"Drama, Science Fiction",1985-12-12,40000000,12303411,11864
How High,Comedy,2001-12-21,12000000,31155435,8386
K-9,"Action, Comedy, Crime",1989-04-28,17000000,78247647,10345
The Three Musketeers,"Action, Adventure, Comedy",1993-11-11,30000000,53898845,10057
"See No Evil, Hear No Evil","Comedy, Crime",1989-05-12,18000000,46908987,11185
Trust,"Crime, Drama, Thriller",2010-09-10,9500000,120000,44945
Whiskey Tango Foxtrot,"Comedy, Drama, War",2016-03-04,35000000,23083334,279641
Diary of a Wimpy Kid: Dog Days,"Comedy, Family",2012-08-02,22000000,76196538,82650
Prince of Darkness,Horror,1987-10-23,3000000,14182492,8852
Jeepers Creepers: Reborn,"Horror, Thriller, Mystery",2022-09-15,5000000,6175213,717728
The Grapes of Wrath,Drama,1940-03-15,800000,1591000,596
The 33,"Drama, History",2015-08-06,25000000,24902723,293646
Loving,"Drama, Romance",2016-11-04,9000000,8996802,339419
The Rover,"Crime, Drama",2014-06-04,12250000,2510007,157845
Overdrive,"Thriller, Action, Mystery",2017-06-16,28210303,11247280,404733
Bedknobs and Broomsticks,"Adventure, Fantasy, Comedy, Family, Music, Animation",1971-10-07,20000000,17900000,12335
The Kid,"Fantasy, Comedy, Family",2000-07-07,65000000,110317580,4244
Crimes of the Future,"Horror, Science Fiction",2022-05-25,27000000,4400000,819876
Flash Gordon,"Science Fiction, Adventure, Action",1980-09-01,35000000,27107960,3604
The Hustler,"Drama, Romance",1961-09-25,2000000,7600000,990
Bad Education,Drama,2004-03-19,5000000,40266982,140
The Whole Ten Yards,"Comedy, Thriller, Crime",2004-04-07,40000000,26155781,2122
¡Three Amigos!,"Comedy, Western",1986-12-12,25000000,39200000,8388
I Spy,"Action, Adventure, Comedy, Thriller",2002-10-31,70000000,51386477,8427
Dragged Across Concrete,"Crime, Action, Thriller",2018-09-03,15000000,660132,438674
A Very Harold & Kumar Christmas,Comedy,2011-11-04,19000000,36192775,55465
The Brave One,"Crime, Drama, Thriller",2007-09-12,70000000,69766619,4413
Dangal,"Drama, Family, Comedy, Action",2016-12-21,10400000,311000000,360814
The Legend of Drunken Master,"Action, Comedy",1994-02-03,10000000,11555430,12207
Gunpowder Milkshake,"Action, Crime, Thriller",2021-07-14,30000000,1015760,574060
Ben Is Back,Drama,2018-12-05,13000000,12616995,492452
Ichi the Killer,"Action, Crime, Horror",2001-12-22,1400010,80631,9696
Fahrenheit 451,"Drama, Science Fiction",1966-09-07,1500000,2000000,1714
Red State,"Horror, Action, Thriller",2011-08-19,4000000,1104682,48572
Joe,Drama,2013-05-16,4000000,2365467,157847
The 355,"Action, Thriller",2022-01-05,75000000,55700000,522016
The Sitter,Comedy,2011-12-09,25000000,34942188,57431
Anatomy of a Murder,"Crime, Drama, Mystery",1959-07-01,2000000,8000000,93
The Good Son,"Thriller, Drama",1993-09-24,17000000,60613008,9272
Deconstructing Harry,"Comedy, Drama",1997-12-12,20000000,10686841,2639
Gentlemen Prefer Blondes,"Comedy, Romance",1953-07-14,2300000,5300000,759
Benedetta,"Drama, History, Romance",2021-07-09,24350000,2652725,454527
The Squid and the Whale,"Comedy, Drama",2005-10-05,1500000,11098131,10707
Human Capital,Drama,2014-01-09,6000000,5809330,244088
Jason Goes to Hell: The Final Friday,Horror,1993-08-13,3000000,15938065,10285
A Walk in the Clouds,"Drama, Romance",1995-05-27,20000000,50012507,9560
Firewall,"Action, Crime, Thriller",2006-02-08,45000000,82800000,9754
The Triplets of Belleville,"Animation, Comedy, Drama",2003-06-11,9500000,14776760,9662
Heist,"Action, Crime, Thriller",2015-11-13,8900000,4100000,336004
R.A.I.D. Special Unit,"Action, Comedy",2017-02-01,32400000,34598750,382597
THX 1138,"Science Fiction, Action, Drama",1971-03-11,777000,2437000,636
Dick Tracy,"Adventure, Comedy, Crime",1990-04-05,47000000,103738726,8592
Perfect Stranger,"Thriller, Crime, Mystery",2007-04-11,60795000,73090611,7183
See How They Run,"Mystery, Comedy, Thriller",2022-09-09,40000000,21921551,766475
Inside Job,Documentary,2010-10-08,2000000,7871522,44639
"Two Days, One Night",Drama,2014-05-21,7000000,9016922,221902
Cake,Drama,2014-09-07,7000000,2360281,284276
The African Queen,"Romance, Adventure",1952-01-07,1000000,10750000,488
The Hitcher,"Horror, Crime, Thriller",2007-01-19,10000000,25399945,8398
Pawn Sacrifice,"Thriller, Drama",2015-09-16,19000000,5578519,245698
The House,Comedy,2017-06-29,40000000,34200000,345914
The Longest Day,"War, Action, Drama",1962-09-25,10000000,50100000,9289
Copycat,"Thriller, Crime, Mystery",1995-10-27,20000000,32000000,1710
The War with Grandpa,"Comedy, Family",2020-08-27,18000000,43387445,425001
Maniac,Horror,2012-12-26,6000000,31081,103620
The Family Stone,"Comedy, Drama, Romance",2005-12-15,19000000,92884429,9043
Draft Day,Drama,2014-04-11,25000000,28831145,200505
Hart's War,"Drama, War",2002-02-15,70000000,32287044,10592
Critters,"Comedy, Horror, Science Fiction",1986-04-11,2000000,13167232,3980
The Muppet Christmas Carol,"Music, Comedy, Family, Fantasy, Drama",1992-12-10,12000000,27281507,10437
Ice Princess,"Family, Drama, Comedy",2005-03-17,25000000,27645491,13374
Ticket to Paradise,"Comedy, Romance",2022-09-08,20000000,168763270,800939
The Astronaut's Wife,"Drama, Science Fiction, Thriller",1999-08-27,75000000,19598588,2900
The Bride of Frankenstein,"Drama, Horror, Science Fiction",1935-04-20,393750,2000000,229
Mirror,"Drama, History",1975-03-07,825370,119266,1396
The Replacements,Comedy,2000-08-11,50000000,50054511,10393
Hot Tub Time Machine 2,Comedy,2015-02-20,36000000,64780213,243938
A Taxi Driver,"Action, Drama, History",2017-08-02,12820005,81927980,437068
Marry Me,"Romance, Comedy, Music",2022-02-09,23000000,44000000,615904
Working Girl,"Comedy, Romance, Drama",1988-12-20,28000000,103173635,3525
Straw Dogs,"Drama, Thriller",1971-12-23,2200000,3251794,994
Winnie the Pooh: Blood and Honey,"Horror, Thriller",2023-01-27,100000,5200000,980078
Bird on a Wire,"Action, Adventure, Comedy, Romance",1990-05-18,20000000,138700000,1727
Brooklyn's Finest,"Crime, Drama, Thriller",2010-03-04,17000000,45719985,26390
Guess Who,"Comedy, Romance",2005-03-25,35000000,103121466,11638
The Cave,"Action, Adventure, Horror, Thriller",2005-08-26,30000000,33296457,9042
God's Not Dead,Drama,2014-03-21,17000000,29789000,249660
The Rocketeer,"Action, Adventure, Science Fiction, Family",1991-06-21,42000000,46704056,10249
Searching for Sugar Man,"Music, Documentary",2012-06-30,1000000,3696196,84334
Killer Klowns from Outer Space,"Comedy, Horror, Science Fiction",1988-05-27,1800000,43625095,16296
The Tale of Despereaux,"Adventure, Animation, Family",2008-12-18,60000000,86947965,10199
New York Minute,Comedy,2004-05-07,30000000,21289826,11025
Yves Saint Laurent,Drama,2014-01-08,12000000,21026290,245775
Wag the Dog,"Comedy, Drama",1997-12-25,15000000,64256513,586
Cradle 2 the Grave,"Action, Crime, Drama",2003-02-28,25000000,56489558,10623
2010,"Thriller, Science Fiction",1984-12-06,28000000,40400657,4437
Bulletproof Monk,"Action, Comedy, Fantasy",2003-03-28,52000000,37713879,11817
Logan's Run,"Action, Science Fiction",1976-06-23,9000000,25000000,10803
Antebellum,Horror,2020-09-02,15000000,7060384,627290
Forbidden Planet,"Science Fiction, Adventure",1956-03-23,1900000,3250000,830
The Wall,"War, Thriller, Drama",2017-05-12,3000000,4500000,405775
Knights of the Zodiac,"Fantasy, Action, Adventure",2023-04-27,60000000,6794519,455476
Man of Tai Chi,"Action, Drama",2013-07-04,25000000,2054941,76544
Aftermath,"Drama, Thriller",2017-02-28,10500000,840809,390051
Jimmy Neutron: Boy Genius,"Family, Action, Adventure, Animation, Comedy, Science Fiction",2001-12-21,25000000,80936232,12589
The Inbetweeners Movie,Comedy,2011-08-19,4478250,88823111,69798
Executive Decision,"Action, Adventure, Drama, Thriller",1996-03-15,55000000,121969216,2320
Valiant,"Family, Animation, Adventure, Comedy, War",2005-03-25,35000000,61746888,14175
The Sea Inside,Drama,2004-09-03,12806000,38535221,1913
Don't Say a Word,"Thriller, Mystery",2001-09-28,50000000,100020092,12103
Young Guns,"Western, Crime, Action, Adventure",1988-02-17,13000000,44726644,11967
Coneheads,"Comedy, Science Fiction, Family",1993-07-23,33000000,21274717,9612
Passengers,"Drama, Mystery, Thriller, Romance",2008-09-26,25000000,2000000,13944
Thirst,"Drama, Horror, Thriller",2009-04-30,5000000,13085023,22536
Heavenly Creatures,"Drama, Fantasy",1994-09-12,5000000,3049135,1024
Confessions of a Teenage Drama Queen,Comedy,2004-02-17,15000000,29331068,11132
Asteroid City,"Comedy, Drama",2023-06-08,25000000,47281670,747188
This Is It,"Music, Documentary",2009-10-28,60000000,261200000,13576
Deuce Bigalow: European Gigolo,Comedy,2005-08-12,22000000,22400154,11453
Bernie,"Comedy, Crime, Drama",2012-04-27,5000000,9206470,92591
Everything You Always Wanted to Know About Sex *But Were Afraid to Ask,Comedy,1972-08-06,2000000,18016290,11624
The Towering Inferno,"Action, Drama, Thriller",1974-12-14,14000000,116000000,5919
S1m0ne,"Science Fiction, Comedy, Drama",2002-08-23,10000000,19576023,9296
The General's Daughter,"Thriller, Mystery, Drama, Crime",1999-06-18,60000000,149705852,2275
Escape to Victory,"Drama, War",1981-06-17,10000000,27453418,17360
Breakdown,"Crime, Drama, Mystery, Thriller",1997-05-02,36000000,50159144,2163
Wolf,"Fantasy, Drama, Horror, Romance",1994-06-17,70000000,131002597,10395
Mia and the White Lion,"Adventure, Family, Drama",2018-08-02,9600000,35487190,498248
My Left Foot: The Story of Christy Brown,Drama,1989-04-07,645180,14743391,10161
"The Gangster, the Cop, the Devil","Crime, Action, Thriller",2019-05-15,6500000,25775371,581528
Bound,"Drama, Thriller",1996-09-13,4500000,7011317,9303
Courage Under Fire,"Drama, Thriller, Mystery, War",1996-07-04,46000000,100860818,10684
Session 9,"Horror, Mystery",2001-08-10,1500000,1612259,10972
Quiz Show,"History, Drama, Mystery",1994-08-25,31000000,24822619,11450
Get Rich or Die Tryin',"Drama, Crime, Music",2005-11-09,40000000,46442528,10060
Instructions Not Included,"Comedy, Drama",2013-07-20,5500000,99067206,211954
A Man Apart,"Action, Drama",2003-04-04,36000000,44350926,8409
Conquest of the Planet of the Apes,"Action, Science Fiction",1972-06-29,1700000,9700000,1688
Moonstruck,"Comedy, Drama, Romance",1987-12-16,15000000,80640528,2039
Heartbreakers,"Comedy, Romance, Crime",2001-03-23,35000000,57756408,10833
Yogi Bear,"Comedy, Family, Animation, Adventure",2010-12-17,80000000,203509374,41515
Jeepers Creepers 3,"Horror, Mystery, Thriller",2017-09-26,6200000,4017852,55341
Hotel for Dogs,"Comedy, Family",2009-01-16,35000000,117000198,15189
A Night at the Roxbury,"Comedy, Music, Romance",1998-10-01,17000000,30331165,9429
The Seven Year Itch,"Comedy, Romance",1955-06-03,1800000,12000000,10653
Man Bites Dog,"Comedy, Crime",1992-08-20,33000,205569,10086
The Legend of Bagger Vance,"Drama, Fantasy",2000-11-02,80000000,39459427,4958
Bill & Ted Face the Music,"Comedy, Science Fiction, Adventure",2020-08-27,25000000,6274027,501979
The Hand that Rocks the Cradle,"Drama, Thriller",1992-01-10,11700000,88036683,11087
Stripes,"Action, Comedy",1981-06-26,10000000,85300000,10890
License to Wed,Comedy,2007-07-04,35000000,69307224,2959
The Vault,Action,2021-03-04,15000000,8804000,630004
Under Siege 2: Dark Territory,"Action, Thriller",1995-07-13,60000000,104324083,3512
Black Snake Moan,Drama,2006-12-31,15000000,10907485,7874
Big Stan,"Comedy, Crime",2007-11-03,7500000,8742330,13161
Chariots of Fire,"Drama, History",1981-05-15,5500000,58972904,9443
The Debt,"Drama, Thriller",2010-09-30,20000000,45636368,48289
Sneakers,"Comedy, Crime, Drama",1992-09-09,23000000,105232691,2322
Frenzy,"Crime, Thriller, Horror, Comedy",1972-05-25,3500000,12600000,573
Be Cool,"Comedy, Crime",2005-03-04,53000000,95226116,4551
The River Wild,"Adventure, Thriller",1994-09-30,45000000,94216343,8987
Godzilla,"Thriller, Horror, Science Fiction",1954-11-03,900000,2250000,1678
Pride and Glory,"Crime, Drama, Mystery, Thriller",2008-09-09,30000000,31200557,13150
The Cold Light of Day,"Action, Thriller, Mystery",2012-04-04,20000000,16863583,77948
HOUBA! On the Trail of the Marsupilami,"Family, Adventure, Comedy",2012-04-03,50000000,50100000,102207
Willy's Wonderland,"Action, Horror, Comedy",2021-02-12,5000000,431020,643586
Masters of the Universe,"Action, Fantasy, Science Fiction, Adventure, Thriller",1987-08-07,22000000,17336370,11649
"I Love You, Beth Cooper","Comedy, Romance",2009-07-10,18000000,15345201,19840
Mickey's Christmas Carol,"Family, Animation",1983-10-19,3000000,21000000,14813
The Stepfather,"Horror, Thriller",2009-10-16,20000000,31198531,19904
Untraceable,Thriller,2008-01-22,35000000,52659594,8090
Sudden Impact,"Thriller, Crime, Action",1983-12-08,22000000,150000000,10650
Notes on a Scandal,"Drama, Romance",2006-12-25,15000000,49814392,1259
Song to Song,"Romance, Drama, Music",2017-03-17,10000000,1710528,330947
Dressed to Kill,"Thriller, Mystery",1980-07-25,6500000,31899000,11033
Grosse Pointe Blank,"Action, Comedy, Thriller, Romance",1997-04-11,15000000,31070412,9434
An Inconvenient Truth,Documentary,2006-05-24,1000000,46243000,1781
The Hitcher,"Horror, Action, Thriller",1986-01-17,6000000,5844868,9542
"sex, lies, and videotape",Drama,1989-08-04,1200000,24741667,1412
Julieta,"Drama, Romance",2016-04-08,1490000,22468044,332872
Casualties of War,"Drama, History, War",1989-08-18,22500000,18671317,10142
Battle for the Planet of the Apes,"Action, Science Fiction",1973-06-15,1700000,8844595,1705
The Adventures of Baron Munchausen,"Adventure, Comedy, Fantasy",1988-12-07,46630000,8083123,14506
A Simple Plan,"Crime, Drama, Thriller",1998-12-11,30000000,16316273,10223
Think Like a Man,"Comedy, Romance",2012-04-20,12000000,96070507,67660
The Informant!,"Drama, Comedy, Crime",2009-09-18,22000000,41771168,11323
Spellbound,"Thriller, Mystery, Romance, Drama",1945-11-08,1500000,7000000,4174
The Poseidon Adventure,"Adventure, Thriller, Action",1972-12-13,5000000,84563118,551
The Beaver,Drama,2011-05-05,21000000,970816,50780
Women on the Verge of a Nervous Breakdown,"Comedy, Drama",1988-03-25,700000,7179298,4203
Raise Your Voice,"Music, Drama, Romance, Family",2004-08-10,15000000,14867514,14024
Joyeux Noel,"Drama, War, Romance, History",2005-11-09,22000000,17709155,11661
Cop Car,Thriller,2015-01-24,5000000,143658,310133
Night on Earth,"Comedy, Drama",1991-12-12,3500000,2015810,339
Where Eagles Dare,"Action, Adventure, War",1968-12-04,7700000,21000000,11046
Half Nelson,Drama,2006-08-11,700000,4911725,7859
A Royal Affair,"Drama, History, Romance",2012-03-29,8000000,14758997,88273
Paranoia,"Drama, Thriller",2013-08-14,35000000,17056265,115348
On the Road,"Adventure, Drama",2012-05-22,25000000,8784318,83770
Congo,"Action, Adventure, Science Fiction",1995-06-09,50000000,152022101,10329
A Bag of Marbles,"War, Drama",2017-01-18,21400000,10898998,398924
Central Station,Drama,1998-11-20,2900000,5596708,666
The Dilemma,"Comedy, Drama",2011-01-13,70000000,67112664,44564
Flight of the Phoenix,"Action, Adventure, Drama, Thriller",2004-12-17,45000000,21009180,11866
Winnie the Pooh,"Animation, Family, Adventure",2011-04-06,30000000,14460000,51162
House on Haunted Hill,Horror,1999-10-29,37000000,40846082,11377
The Mighty Ducks,"Comedy, Family, Drama",1992-10-02,10000000,50752337,10414
2046,"Drama, Science Fiction, Romance",2004-05-20,12000000,20205757,844
The Enforcer,"Crime, Action",1976-12-16,9000000,46236000,10649
The Hills Have Eyes,Horror,1977-07-22,230000,25000000,12262
Buffalo '66,"Drama, Romance, Comedy",1998-01-20,1500000,2375097,9464
"Rome, Open City","Drama, History, War",1945-10-08,20000,1000000,307
Dragonfly,"Thriller, Fantasy",2002-02-22,60000000,52322400,10052
Sophie's Choice,"Drama, Romance, War",1982-12-08,12000000,30036000,15764
Pokémon the Movie 2000,"Adventure, Fantasy, Animation, Science Fiction, Family",1999-07-17,30000000,163649270,12599
Last Man Standing,"Crime, Action, Western",1996-09-20,67000000,47267001,9333
Kill the Messenger,"Crime, Drama, Mystery, Thriller",2014-10-09,5000000,5218973,245916
Monster Trucks,"Action, Comedy, Science Fiction",2016-12-21,125000000,64493915,262841
Love and Death,"Comedy, War",1975-06-10,3000000,20173742,11686
Batman,"Action, Comedy, Crime",1966-07-30,1377800,3900000,2661
Zatoichi,"Adventure, Drama, Action",2003-09-06,2500000,34196922,246
The Grandmaster,"Action, Drama, History",2013-01-10,3860000,64076736,44865
Porky's,Comedy,1981-11-13,4000000,125728258,10246
T-34,"War, Action, Drama, History",2018-12-27,8000000,36220872,505954
Missing Link,"Family, Animation, Comedy, Adventure, Fantasy",2019-04-04,100000000,26565710,458253
Crimes and Misdemeanors,"Comedy, Drama",1989-10-13,19000000,18254702,11562
Two Lovers,"Drama, Romance",2008-11-19,9800000,16303643,10362
"20,000 Leagues Under the Sea","Adventure, Drama, Family, Science Fiction",1954-12-23,5000000,28200000,173
Arbitrage,"Drama, Thriller",2012-09-14,12000000,35485056,60599
The Lords of Salem,"Horror, Thriller",2013-02-26,1500000,1165882,104755
"Yours, Mine & Ours","Comedy, Family, Romance",2005-11-23,45000000,72028752,13499
The Protector,"Action, Crime, Drama, Thriller",2005-08-11,6000000,27165581,8982
Two Brothers,"Adventure, Drama, Family",2004-04-07,74500000,62172050,1997
Planes: Fire & Rescue,"Animation, Comedy, Adventure, Family",2014-07-17,50000000,151165787,218836
Leviathan,Drama,2014-09-24,4000000,4396821,265180
Fred Claus,"Action, Comedy, Drama",2007-11-09,100000000,97838349,5375
Dead Ringers,"Thriller, Horror",1988-09-23,13000000,8038508,9540
Jane Got a Gun,"Western, Action, Drama",2015-12-31,25000000,1397284,174751
The Lord of the Rings,"Adventure, Animation, Fantasy",1978-11-15,4000000,30471420,123
Police Academy: Mission to Moscow,"Comedy, Crime",1994-06-09,10000000,126247,11546
American Honey,Drama,2016-09-30,3500000,2290649,340485
Kingpin,Comedy,1996-07-04,27000000,25023434,11543
The Right Stuff,"Drama, History, Adventure",1983-10-20,27000000,21500000,9549
The Blob,"Horror, Science Fiction, Mystery",1988-08-05,19000000,8247943,9599
Return of the Living Dead III,"Horror, Comedy, Science Fiction",1993-10-01,2000000,54207,28260
Highlander II: The Quickening,"Fantasy, Science Fiction",1991-01-13,30000000,15556340,8010
A Girl Walks Home Alone at Night,"Horror, Romance",2014-11-21,1000000,395000,252171
National Lampoon's European Vacation,"Adventure, Comedy, Romance",1985-07-25,17000000,49364621,11418
Hard Eight,"Drama, Crime",1997-02-28,3000000,222559,8052
Another 48 Hrs.,"Thriller, Action, Comedy, Crime, Drama",1990-06-08,38000000,153518974,11595
Risen,"Action, History, Adventure, Drama",2016-02-18,20000000,46069568,335778
Byzantium,"Drama, Fantasy, Thriller",2012-09-09,10000000,89237,102780
Police Academy 6: City Under Siege,"Comedy, Crime",1989-03-09,15000000,33200000,11895
The Immigrant,"Drama, Romance",2013-11-27,16000000,5867686,152599
Holmes & Watson,"Mystery, Adventure, Comedy, Crime",2018-12-25,42000000,40462793,426563
Black and Blue,"Action, Crime, Drama, Thriller",2019-10-25,12000000,22741061,578189
Under the Tuscan Sun,"Romance, Comedy",2003-09-20,18000000,58878723,10934
Assassination Nation,"Thriller, Horror, Comedy",2018-09-21,7000000,2900000,446101
Fish Tank,Drama,2009-09-11,3000000,2404300,24469
The Salvation,"Drama, Western",2014-05-22,10500000,1363964,266285
Bad Lieutenant,"Crime, Drama",1992-11-20,1000000,2019469,12143
Bowfinger,Comedy,1999-08-12,55000000,98625775,11353
Control,Drama,2007-10-05,5000000,8159508,5708
ACAB : All Cops Are Bastards,"Action, Drama, Crime",2012-01-27,5000000,3300000,85739
Overboard,"Comedy, Romance",1987-12-16,22000000,26713187,10780
Dog Soldiers,"Horror, Action, Thriller",2002-05-10,2000000,3537283,11880
Night of the Living Dead,Horror,1990-10-19,4200000,5835247,19185
King Kong,"Adventure, Fantasy",1976-09-08,23000000,90614445,10730
Starman,"Science Fiction, Romance, Drama",1984-12-13,22000000,28744356,9663
Kin,"Science Fiction, Action, Adventure, Thriller",2018-08-29,30000000,10023153,425505
In the Name of the King: A Dungeon Siege Tale,"Adventure, Fantasy, Action, Drama",2007-11-29,60000000,13100000,2312
Muppets Most Wanted,"Comedy, Adventure, Crime, Family",2014-03-20,50000000,80383290,145220
America's Sweethearts,"Comedy, Romance",2001-07-17,64400000,138191428,11467
That Thing You Do!,"Comedy, Drama, Romance, Music",1996-10-04,26000000,34585416,9591
Battlefield Earth,"Action, Adventure, Comedy, Science Fiction",2000-05-12,73000000,29000000,5491
Seabiscuit,"Drama, History",2003-07-22,87000000,148336445,4464
Unfinished Business,Comedy,2015-03-05,35000000,14431253,239573
The Texas Chainsaw Massacre 2,"Comedy, Horror",1986-08-22,4500000,8025872,16337
Snatched,"Action, Comedy",2017-05-03,42000000,60845711,373569
Tristan & Isolde,"Drama, Romance, Adventure, Action",2006-04-07,31000000,28000000,9044
Cleaner,"Crime, Thriller, Mystery",2007-09-11,25000000,5796630,13252
Prime,"Comedy, Drama, Romance",2005-09-21,22000000,67900000,2313
DOA: Dead or Alive,"Adventure, Action, Thriller",2006-09-07,21000000,7563172,9053
P2,"Horror, Thriller",2007-11-09,3500000,7766240,13474
Red Cliff,"Adventure, Drama, History, Action, War",2008-07-10,80341000,250100000,12289
Dumb and Dumberer: When Harry Met Lloyd,Comedy,2003-04-14,19000000,39267515,10152
Mystery Men,"Adventure, Fantasy, Action, Comedy, Science Fiction",1999-08-06,68000000,29762011,9824
Problem Child,"Comedy, Family",1990-07-27,10000000,72000000,11077
Alfie,"Comedy, Drama, Romance",2004-10-22,60000000,35060882,8849
Wyatt Earp,"Western, Drama, Action, Adventure",1994-06-24,63000000,25052000,12160
White Noise,"Drama, Horror, Thriller",2005-01-07,10000000,91196419,11804
Soldier,"Science Fiction, Action",1998-10-23,75000000,14594226,9425
The Messengers,"Mystery, Thriller, Horror",2007-02-02,16000000,55060212,9966
The Last Legion,"Action, Adventure, Fantasy, War",2007-04-19,67000000,25303038,9703
Guess Who's Coming to Dinner,"Drama, Comedy, Romance",1967-12-11,4000000,56666667,1879
The Reaping,Horror,2007-04-05,40000000,62771059,1683
Max,"Adventure, Drama, Family",2015-06-26,20000000,43967255,272878
Bye Bye Morons,"Comedy, Drama",2020-10-21,9700000,16955173,651881
Original Sin,"Thriller, Drama, Mystery, Romance",2001-05-08,42000000,35402320,2057
The Trouble with Harry,"Comedy, Mystery, Thriller",1955-10-03,1200000,7000000,11219
Contempt,Drama,1963-10-29,900000,528428,266
Red Sonja,"Adventure, Fantasy, Action",1985-04-09,17900000,6948633,9626
The Dead Pool,"Action, Crime, Thriller",1988-07-13,20000000,37903295,10651
The NeverEnding Story II: The Next Chapter,"Drama, Family, Fantasy, Adventure",1990-10-25,32000000,16283667,34636
Big Fat Liar,"Family, Comedy, Adventure",2002-02-08,15000000,52970014,11870
Village of the Damned,"Thriller, Horror, Science Fiction",1995-04-28,22000000,9418365,12122
1492: Conquest of Paradise,"Action, Adventure, Drama, History",1992-10-09,47000000,7191399,1492
Hell Fest,"Horror, Thriller",2018-09-27,5500000,18160930,429476
Bad Words,Comedy,2013-09-06,9500000,7800000,209403
Uptown Girls,"Family, Comedy, Drama",2003-08-15,20000000,44617342,14926
Max & Leon,"War, Comedy",2016-11-01,12156348,8750678,392142
Quest for Camelot,"Fantasy, Animation, Drama, Romance, Family",1998-05-15,40000000,38172500,18937
The Glass Castle,Drama,2017-08-11,9000000,22088533,336000
Flight of the Navigator,"Family, Science Fiction, Adventure",1986-07-30,9000000,18564613,10122
The Machine,"Science Fiction, Thriller",2013-04-25,1500000,314131,174675
Waiting...,Comedy,2005-10-07,3000000,18637690,7553
The Jerk,Comedy,1979-12-14,4000000,100000000,6471
Escobar: Paradise Lost,"Thriller, Romance",2014-10-11,17000000,3758328,255343
The Time Machine,"Thriller, Adventure, Fantasy, Science Fiction, Romance",1960-05-25,750000,5902,2134
Chinese Zodiac,"Action, Adventure",2012-12-20,48000000,171339013,98567
Who's Afraid of Virginia Woolf?,Drama,1966-06-22,7500000,33736689,396
Loose Cannons,"Comedy, Drama, Romance",2010-02-12,7000000,8220215,40794
The Sisterhood of the Traveling Pants 2,"Adventure, Comedy, Drama",2008-08-06,27000000,44352417,10188
What About Bob?,Comedy,1991-05-17,35000000,63710000,10276
The Runaways,"Music, Drama, History",2010-03-19,10000000,2995811,27586
Attraction,"Drama, Romance, Science Fiction, Adventure",2017-01-26,5027266,19454845,401513
Death Wish,"Crime, Drama, Action",1974-07-24,3000000,22000000,13939
Jessabelle,"Thriller, Horror",2014-11-07,1000000,23456897,203834
Flyboys,"Action, Adventure, Drama, History, Romance, War",2006-09-22,60000000,17834865,9664
Book of Shadows: Blair Witch 2,"Mystery, Thriller, Horror",2000-10-27,15000000,47737094,11531
The Homesman,"Western, Drama",2014-05-18,16000000,3442853,264656
Late Night,"Comedy, Drama",2019-01-25,4000000,22384741,523172
Pinocchio,"Comedy, Family, Fantasy",2002-10-11,40000000,41323171,10599
Invasion,"Science Fiction, Drama, Action",2020-01-01,8819200,32104054,514207
Caligula,"Drama, History, Romance",1979-08-14,17500000,23438120,9453
Ramona and Beezus,"Comedy, Family",2010-07-23,15000000,27293743,38843
Prospect,Science Fiction,2018-10-02,4000000,22777,506072
Buffy the Vampire Slayer,"Action, Comedy, Horror",1992-07-24,7000000,16624456,10206
The Last Days on Mars,"Science Fiction, Thriller, Horror",2013-08-11,10600000,24084,190847
Animal Kingdom,"Crime, Drama",2010-06-03,5000000,1000000,44629
The Secret of NIMH,"Family, Animation, Fantasy, Adventure",1982-06-17,7000000,14665733,11704
My King,"Drama, Romance",2015-05-16,10600000,8000000,329805
Early Man,"Family, Comedy, Animation, Adventure",2018-01-26,50000000,53431158,387592
Love the Coopers,"Drama, Comedy, Family",2015-11-12,17000000,42426912,333348
Behind the Candelabra,"Drama, Romance",2013-05-26,23000000,15600000,119675
31,"Horror, Thriller",2016-09-15,1500000,850419,284564
Just a Breath Away,"Drama, Science Fiction, Thriller",2018-04-04,13749400,2842040,477489
Stake Land,"Drama, Horror, Science Fiction",2010-09-30,650000,33245,52015
Teenage Mutant Ninja Turtles III,"Action, Adventure, Comedy, Family, Fantasy, Science Fiction",1993-03-17,21000000,42273609,1499
The Devil Inside,"Thriller, Horror",2012-01-06,1000000,101758490,76487
Bad Genius,"Drama, Crime, Thriller, Comedy",2017-05-03,1839169,42350000,455714
Wet Hot American Summer,Comedy,2001-07-27,5000000,295206,2171
Guardians,"Action, Adventure, Comedy, Fantasy, Science Fiction, Thriller",2017-02-14,5400000,4803565,354556
The Informer,"Drama, Crime, Thriller",2019-08-30,60000000,2927708,466081
Hope Springs,"Drama, Comedy, Romance",2012-08-07,30000000,114281051,82696
The Flowers of War,"Drama, History, War",2011-12-15,94000000,95311434,76758
Book Club,"Romance, Comedy, Drama",2018-05-18,10000000,78720293,502682
Happiness,"Comedy, Drama",1998-10-16,3000000,2807390,10683
The Soloist,"Drama, Music",2009-04-24,60000000,38332994,17332
Max Steel,"Action, Adventure, Science Fiction",2016-10-14,10000000,6272403,286567
The Fan,"Thriller, Action",1996-08-15,55000000,18626419,9566
Voyagers,"Science Fiction, Thriller",2021-04-08,20000000,4298184,597890
The Last Voyage of the Demeter,"Thriller, Horror",2023-08-09,45000000,21576744,635910
Summer of 85,"Romance, Drama",2020-07-14,6900000,3600000,659959
Free Birds,"Animation, Comedy, Family",2013-10-30,55000000,110000000,175574
Peter Rabbit 2: The Runaway,"Family, Comedy, Adventure, Animation, Fantasy",2021-03-25,45000000,153000000,522478
A Bridge Too Far,"Drama, History, War",1977-06-15,22000000,50750000,5902
The Big Year,Comedy,2011-10-13,41000000,8179416,73937
Blood Work,"Thriller, Crime",2002-08-09,50000000,31794718,9573
Message in a Bottle,"Romance, Drama",1999-02-22,80000000,118880016,10207
Diary of the Dead,Horror,2007-05-26,2000000,5540941,13025
Duplicity,"Romance, Comedy, Crime",2009-03-18,60000000,78176181,16558
History of the World: Part I,Comedy,1981-06-12,11000000,31672907,10156
Raw Deal,"Action, Crime, Thriller",1986-06-06,8500000,16209459,2099
High Crimes,"Drama, Mystery, Thriller, Crime",2002-04-05,42000000,63781810,11560
The Hunted,"Drama, Action, Thriller, Crime",2003-03-11,55000000,34234008,10632
Missing,"Thriller, Mystery",2023-01-19,7000000,45100756,768362
The Player,"Mystery, Drama, Thriller, Comedy",1992-04-03,8000000,21706101,10403
Exorcist: The Beginning,"Horror, Mystery, Thriller",2004-08-20,80000000,78000586,11026
Ladder 49,"Drama, Action, Thriller",2004-10-01,60000000,74541707,11128
The Man with the Iron Heart,"War, Action, History, Thriller",2017-05-25,32679734,4412639,339259
Boogeyman,"Thriller, Horror, Drama, Mystery",2005-02-04,20000000,67192859,8968
Laura,"Drama, Mystery",1944-10-11,1020000,2000000,1939
The Sentinel,"Action, Thriller, Crime",2006-04-19,60000000,78810595,5820
Last Night,"Drama, Romance",2010-11-05,7000000,7644937,23830
Heaven Is for Real,Drama,2014-04-16,12000000,101332962,236751
The Craft: Legacy,"Horror, Drama, Fantasy",2020-10-28,18000000,2300000,590995
To Die For,"Drama, Comedy, Crime",1995-09-22,20000000,21284514,577
Fair Game,"Drama, Thriller",2010-05-20,22000000,25806953,38363
One Missed Call,"Horror, Mystery, Thriller",2008-01-04,20000000,45847751,6933
Gran Turismo,"Action, Drama, Adventure",2023-08-09,60000000,114800000,980489
The East,"Drama, Thriller",2013-05-31,6500000,2401510,87499
12 Rounds,"Action, Thriller, Crime",2009-03-19,22000000,17280326,17134
Sling Blade,Drama,1996-08-30,1200000,34100000,12498
Escape from Planet Earth,"Animation, Comedy, Adventure, Family, Science Fiction",2013-02-14,40000000,74597643,68179
Anna and the King,"Drama, Romance, History",1999-12-16,75000000,113996937,1439
Bad Santa 2,"Comedy, Crime, Drama, Mystery",2016-11-23,26000000,24079268,338964
Suspicion,"Mystery, Romance, Thriller",1941-11-14,1103000,4500000,11462
The Guns of Navarone,"War, Action, Adventure",1961-04-27,6000000,28900000,10911
Ju-on: The Grudge,Horror,2002-10-18,3500000,3657876,11838
Kill List,"Horror, Thriller, Crime",2011-09-02,500000,450275,74725
Pee-wee's Big Adventure,"Comedy, Adventure",1985-07-26,6000000,40940662,5683
Clouds of Sils Maria,Drama,2014-08-20,6600000,1851517,246860
The Vatican Tapes,"Thriller, Horror",2015-07-23,13000000,1784763,157544
Bad Company,"Action, Adventure, Comedy, Thriller",2002-06-07,70000000,65977295,3132
"The Adventures of Priscilla, Queen of the Desert","Drama, Comedy",1994-05-31,2000000,11224491,2759
Death on the Nile,Mystery,1978-09-29,7920000,14560084,4192
Bāhubali: The Beginning,"Action, Adventure, Drama, Fantasy",2015-07-10,25130430,90747520,256040
Bleed for This,Drama,2016-11-04,6000000,6174491,332979
All Quiet on the Western Front,"Drama, War",1930-04-29,1448864,3270000,143
The Wind That Shakes the Barley,"Drama, War",2006-03-23,6500000,22889018,1116
The First Wives Club,Comedy,1996-09-20,26000000,116400000,2925
Sleeper,"Comedy, Science Fiction",1973-12-17,2000000,18344729,11561
Bait,"Action, Adventure, Horror, Thriller",2012-09-05,30000000,32500000,118957
Fanny and Alexander,"Fantasy, Drama, Mystery",1982-12-17,6000000,6795771,5961
Flypaper,"Mystery, Comedy, Crime",2011-08-19,5000000,3142154,62046
Basic Instinct 2,"Crime, Mystery, Thriller",2006-03-29,70000000,38629478,3093
Marmaduke,"Family, Comedy",2010-06-03,50000000,83761844,38579
My Best Friend's Girl,"Romance, Comedy",2008-09-19,20000000,41624687,13596
The Young and Prodigious T.S. Spivet,"Adventure, Drama, Family",2013-10-16,33000000,9494789,157841
Menace II Society,"Drama, Crime",1993-05-26,3500000,27900000,9516
Red Dawn,"Action, Thriller, War, Drama",1984-08-10,17000000,38376497,1880
After the Sunset,"Action, Comedy, Crime, Drama",2004-11-12,60000000,61347797,10589
The Science of Sleep,"Comedy, Drama, Fantasy",2006-06-25,6000000,9524340,300
Leprechaun,"Horror, Comedy, Fantasy",1993-01-08,1000000,8556940,11811
How to Lose Friends & Alienate People,"Comedy, Romance, Drama",2008-10-02,27000000,17286299,13092
Major League,Comedy,1989-02-16,11000000,75000000,9942
Body Double,"Crime, Mystery, Thriller",1984-10-25,10000000,8801940,11507
The Flintstones in Viva Rock Vegas,"Comedy, Family, Romance",2000-04-28,83000000,59468275,889
Money Train,"Action, Comedy, Crime",1995-11-21,68000000,77224232,11517
Champions,"Drama, Comedy",2018-04-06,4920975,20121318,456929
Sunshine Cleaning,"Comedy, Drama",2008-01-18,5000000,16174377,13090
The Pagemaster,"Family, Fantasy, Science Fiction, Animation",1994-11-23,27000000,13670688,15139
Life,"Comedy, Crime",1999-04-16,80000000,73521587,6522
Double Team,"Action, Science Fiction",1997-04-04,30000000,48138337,9405
Arthur,"Comedy, Romance",2011-04-08,40000000,48147945,49012
Paris Je T'aime,"Drama, Romance",2006-06-21,13000000,4857367,2266
Riders of Justice,"Comedy, Action",2020-11-19,5300000,679505,663870
Lords of Dogtown,Drama,2005-06-03,25000000,13411957,9787
Rage,"Action, Crime, Thriller",2014-05-09,15000000,2424381,242310
Kalifornia,"Thriller, Crime",1993-06-24,9000000,2395231,10909
My Blueberry Nights,"Drama, Romance",2007-11-28,10000000,21786738,1989
99 Homes,Drama,2015-09-25,8000000,1411927,283235
Don Juan DeMarco,"Romance, Drama, Comedy",1994-10-12,25000000,68792531,1909
Peeping Tom,"Horror, Thriller, Drama",1960-05-16,150000,83957,11167
Lions for Lambs,"Action, Adventure, Drama, History",2007-10-22,35000000,64811540,4515
Everything Is Illuminated,"Comedy, Drama",2005-09-05,7000000,3601974,340
Anonymous,"Drama, History, Thriller",2011-10-21,30000000,15395087,61891
Going the Distance,"Comedy, Drama, Romance",2010-08-27,32000000,42045846,38073
Priceless,"Drama, Comedy, Romance",2006-12-13,10000000,28041861,6691
The Paperboy,"Thriller, Drama, Mystery",2012-09-14,12500000,1353868,82390
The Keeper of Lost Causes,"Thriller, Mystery, Crime",2013-10-03,5649897,13656380,196024
One Cut of the Dead,"Comedy, Horror",2017-11-04,52406,27590180,513434
Cat on a Hot Tin Roof,Drama,1958-08-29,3000000,17570324,261
The Party,Comedy,1968-04-04,1500000,2900000,10794
Wish I Was Here,"Drama, Comedy",2014-07-18,5500000,5483299,231576
Judgment at Nuremberg,Drama,1961-12-18,3000000,10000000,821
Whiteout,"Action, Crime, Mystery, Thriller",2009-09-09,40000000,17976667,22787
"Ruby Gillman, Teenage Kraken","Animation, Family, Fantasy, Comedy",2023-06-28,70000000,43716515,1040148
City Slickers,"Comedy, Western",1991-06-07,27000000,179033791,1406
Alex Cross,"Action, Thriller, Crime, Mystery",2012-10-18,45000000,30353232,94348
Clash of the Titans,"Action, Adventure, Fantasy, Romance",1981-06-12,12000000,41092328,10323
The Howling,Horror,1981-01-21,1000000,17985893,11298
Snow Dogs,"Comedy, Family, Adventure",2002-01-18,35000000,81000000,11888
Old Dogs,"Comedy, Family",2009-11-24,35000000,96753696,22949
French Fried Vacation 3: Friends Forever,Comedy,2006-02-01,35,84,21435
House of Sand and Fog,Drama,2003-12-19,16500000,16942795,11093
Stay Alive,"Horror, Thriller",2006-03-24,9000000,27105095,10069
Dave,Comedy,1993-05-07,28000000,92000000,11566
Ricki and the Flash,"Comedy, Drama, Music",2015-07-10,18000000,41325328,275601
The Arrival,"Science Fiction, Thriller",1996-05-31,25000000,14063331,10547
Father There Is Only One,Comedy,2019-08-02,3400000,15894372,587272
Rock Star,"Music, Drama, Comedy",2001-09-04,57000000,19334145,12508
Terms of Endearment,"Drama, Comedy",1983-11-20,8000000,108423749,11050
OSS 117: From Africa with Love,"Comedy, Adventure, Action",2021-08-04,20400000,13450000,604563
The Railway Man,"Drama, History",2013-12-02,18000000,24174885,127560
Hang 'em High,Western,1968-07-31,1800000,6800000,4929
Upstream Color,"Drama, Science Fiction",2013-04-05,100000,444098,145197
The Boondock Saints II: All Saints Day,"Action, Thriller, Crime",2009-11-24,8000000,10629321,22821
Rising Sun,"Action, Drama, Thriller",1993-07-30,40000000,107198790,7007
The Kid Who Would Be King,"Action, Adventure, Fantasy, Family",2019-01-16,59000000,32140970,454294
99 Francs,"Drama, Comedy",2007-09-26,13442285,12500000,8827
A Room with a View,"Drama, Romance",1986-03-07,3000000,20966644,11257
The Majestic,"Drama, Romance",2001-12-21,72000000,37317558,11086
Ironclad,"Romance, Adventure, Action, History",2011-03-03,25000000,5151023,38543
The Diary of a Teenage Girl,"Drama, Romance",2015-08-07,2000000,1477002,250124
Jackass Forever,"Comedy, Documentary",2022-02-01,10000000,80340218,656663
Somewhere,Drama,2010-09-03,8000000,14788642,39210
Maximum Overdrive,"Horror, Action, Science Fiction",1986-07-25,10000000,7433663,9980
Black Christmas,"Horror, Mystery, Thriller",1974-10-11,620000,4053000,16938
Teeth,"Comedy, Horror",2008-01-18,2000000,2340110,13121
The Crying Game,"Crime, Drama, Thriller",1992-09-02,3705538,62548947,11386
Night Watch,"Fantasy, Action, Thriller",2004-06-27,10000000,50336279,3040
The Adventures of Robin Hood,"Adventure, Romance, History",1938-05-13,2033000,3981000,10907
The Lady in the Van,"Comedy, Drama",2015-10-30,6000000,41387687,328589
The Marine,Action,2006-10-13,20000000,22165608,8975
Curse of the Golden Flower,"Action, Drama, Fantasy",2006-12-14,45000000,78568977,1494
London Boulevard,"Drama, Crime",2010-11-10,25000000,8307227,48838
Hellraiser III: Hell on Earth,Horror,1992-09-11,5000000,12534961,11569
The Second Best Exotic Marigold Hotel,"Drama, Comedy",2015-02-26,10000000,85978266,268238
Joe Dirt,"Mystery, Adventure, Comedy, Romance, Drama",2001-04-10,17700000,30987695,10956
True Crime,"Drama, Crime, Thriller, Mystery",1999-03-19,55000000,16649768,10354
Little Manhattan,"Comedy, Romance",2005-09-26,385373,1117920,16553
Little,"Comedy, Fantasy, Romance",2019-04-04,20000000,17399000,526050
The Love Guru,"Comedy, Romance",2008-06-20,62000000,40854735,12177
Dragon: The Bruce Lee Story,"Drama, History, Action",1993-05-07,14000000,63513743,10423
Thirteen Days,"Drama, History, Thriller, War",2000-12-25,80000000,34566746,11973
The Killing Fields,"Drama, History, War",1984-11-23,14400000,34700291,625
Sicko,"Documentary, Comedy, Drama",2007-05-18,9000000,24538513,2359
Barbecue,Comedy,2014-04-30,6000000,14348529,250349
The Lawnmower Man,"Science Fiction, Horror",1992-03-05,10000000,32100816,10163
The Fog,"Horror, Thriller",2005-10-14,18000000,46201432,791
"4 Months, 3 Weeks and 2 Days",Drama,2007-08-24,852510,1185783,2009
Bananas,Comedy,1971-04-28,2000000,11833696,11302
The Exorcist III,"Horror, Mystery",1990-08-17,9300000,39024251,11587
Bringing Down the House,"Comedy, Drama",2003-03-07,20000000,132675402,10678
Dead Calm,"Thriller, Horror",1989-04-07,10400000,7825000,10493
Sherlock Gnomes,"Animation, Family, Fantasy, Comedy, Adventure, Mystery",2018-03-15,59000000,90497778,370567
Reality Bites,"Drama, Comedy, Romance",1994-02-18,11500000,20079850,2788
Cleopatra,"Drama, History, Romance",1963-06-12,44000000,71000000,8095
The Three Musketeers: D'Artagnan,"Action, Adventure, History, Drama",2023-04-05,27500000,31165459,796185
Fireproof,Drama,2008-09-26,500000,33456317,14438
The Battle of Algiers,"Drama, War, History",1966-09-08,800000,964028,17295
Jack and the Cuckoo-Clock Heart,"Animation, Romance, Adventure, Drama, Fantasy",2014-02-05,33746302,3445000,204436
Teenage Mutant Ninja Turtles: Mutant Mayhem,"Animation, Comedy, Action",2023-07-31,70000000,172000000,614930
Swingers,Comedy,1996-10-18,200000,4505922,10218
Down with Love,"Comedy, Romance",2003-05-08,35000000,20298207,10720
The Empty Man,"Horror, Mystery, Thriller",2020-10-22,16000000,4796993,516632
Shut In,"Drama, Thriller",2016-11-11,10000000,13082071,329981
6 Souls,"Horror, Mystery, Thriller",2010-03-27,22000000,851517,41505
Sarah's Key,"Drama, War",2010-09-16,10000000,17511906,53457
Casino Royale,"Adventure, Action, Comedy",1967-04-13,12000000,41744718,12208
Undisputed,"Drama, Crime",2002-07-17,20000000,14946150,15070
The Company Men,Drama,2010-10-21,15000000,4882577,44129
Much Ado About Nothing,"Drama, Comedy, Romance",1993-05-07,11000000,22551000,11971
Watcher,"Horror, Mystery, Thriller",2022-06-03,5000000,2543216,807356
TransSiberian,"Thriller, Crime, Mystery",2008-01-18,15000000,5926410,6687
Nick of Time,"Thriller, Crime, Action",1995-11-22,33000000,8175346,2086
Jersey Boys,"Music, Drama",2014-06-18,40000000,67347013,209451
15 Minutes,"Action, Crime, Thriller",2001-03-01,60000000,56359980,2749
Driven,"Action, Drama",2001-04-27,94000000,54744738,10477
Cool World,"Animation, Comedy, Fantasy",1992-07-10,30000000,14110589,14239
A Walk in the Woods,"Adventure, Comedy, Drama",2015-09-02,8000000,37461274,232572
Wonder Park,"Comedy, Animation, Adventure, Family, Fantasy",2019-03-13,100000000,119559110,400157
Batman: Gotham by Gaslight,"Thriller, Action, Animation, Science Fiction",2018-01-12,1000000,3469151,471474
Miracle on 34th Street,"Comedy, Drama, Family",1947-06-04,630000,2700000,11881
Bāhubali 2: The Conclusion,"Action, Adventure, Fantasy",2017-04-27,31000000,275947313,350312
The American President,"Comedy, Drama, Romance",1995-11-17,62000000,107879496,9087
Take the Lead,"Comedy, Music, Drama",2006-03-17,30000000,65742992,12763
U Turn,"Crime, Drama, Thriller",1997-10-03,19000000,6682098,10155
Tulip Fever,"Drama, Romance",2017-07-13,25000000,9204549,257785
Where the Heart Is,"Comedy, Drama, Romance",2000-04-27,15000000,33771174,10564
The King's Daughter,"Fantasy, Adventure, Family",2022-01-21,40500000,2182492,245842
Belle,Drama,2013-05-01,10900000,16505460,205601
Twilight Zone: The Movie,"Horror, Fantasy, Science Fiction",1983-06-24,10000000,29450919,15301
The Company You Keep,"Drama, Thriller",2012-09-06,2000000,20014680,87496
It Could Happen to You,"Comedy, Drama, Romance",1994-07-29,20000000,37939757,10660
Mars Needs Moms,"Adventure, Animation, Family",2011-03-09,150000000,38992758,50321
Sudden Death,Action,1995-10-27,35000000,64350171,9091
Cursed,"Horror, Comedy",2005-02-25,35000000,19294901,10012
The Avengers,"Action, Adventure, Thriller, Science Fiction",1998-08-13,60000000,48585416,9320
He Got Game,Drama,1998-05-01,25000000,21567853,9469
Smokey and the Bandit,"Action, Adventure, Comedy",1977-05-26,4300000,126737428,11006
Fever Pitch,"Comedy, Drama, Romance",2005-04-06,30000000,50500000,11431
Mighty Morphin Power Rangers: The Movie,"Action, Adventure, Science Fiction, Fantasy",1995-06-30,15000000,66400000,9070
Hard Rain,"Thriller, Crime, Action",1998-01-16,70000000,19870567,11258
Roald Dahl's Matilda the Musical,"Family, Comedy, Fantasy",2022-11-25,25000000,35602350,668482
Wild Target,"Action, Comedy",2010-06-17,8000000,3453043,44147
Annie,"Comedy, Drama, Family",1982-05-21,35000000,57059003,15739
Open Water 2: Adrift,"Drama, Horror, Thriller",2006-07-10,1200000,6816129,9592
Kelly's Heroes,"Adventure, Comedy, War",1970-06-22,4000000,5200000,11589
I'm So Excited!,Comedy,2013-03-08,5000000,11724119,144789
In the Heights,"Drama, Romance",2021-06-10,55000000,43000000,467909
The Lunchbox,"Drama, Romance",2013-09-20,3400000,17240000,191714
Barbarella,"Science Fiction, Adventure",1968-10-10,9000000,2500000,8069
Angel-A,"Romance, Comedy, Drama, Fantasy",2005-12-21,15000000,9995168,11227
Last Holiday,"Adventure, Comedy, Drama",2006-01-13,45000000,38399961,17379
I'm Not There,"Drama, Music",2007-10-01,20000000,4001121,3902
Nowhere to Run,"Action, Drama, Thriller, Romance",1993-01-15,15000000,64000000,10413
The House of the Spirits,"Romance, Drama",1993-10-19,25000000,6265311,2259
Mannequin,"Comedy, Romance, Fantasy",1987-02-13,6000000,42721196,10019
To Be or Not to Be,"Comedy, War",1942-03-05,1200000,1500000,198
Underdog,"Family, Action, Adventure, Comedy, Fantasy, Science Fiction",2007-08-03,25000000,65270477,6589
The Visitors: Bastille Day,Comedy,2016-03-23,25868826,18552314,248705
Silverado,"Western, Action",1985-07-10,23000000,32192570,11509
18 Presents,"Drama, Fantasy, Family",2020-01-02,2500000,3486375,630220
Saint Seiya: Legend of Sanctuary,"Action, Animation, Fantasy",2014-06-21,23000000,17150803,287590
Rules of Engagement,"War, Drama",2000-04-07,60000000,71000000,10479
Tekken,"Crime, Drama, Action, Thriller, Science Fiction",2010-03-20,30000000,967000,42194
Fire with Fire,"Action, Crime, Drama, Thriller",2012-08-31,20000000,2500277,139567
Paper Moon,"Comedy, Crime, Drama",1973-05-09,2500000,30900000,11293
Swimming Pool,"Crime, Thriller",2003-05-21,7800000,22441323,302
The Guilt Trip,Comedy,2012-12-19,40000000,41863726,82687
Cyborg,"Science Fiction, Action, Thriller, Adventure",1989-04-07,500000,10166459,10134
Lovelace,Drama,2013-08-08,10000000,1585582,77805
The Quest,"Action, Adventure",1996-04-19,30000000,57400547,9103
Grease 2,"Comedy, Music, Romance",1982-06-11,13200000,15171476,9037
Promised Land,Drama,2012-09-23,15000000,8138788,133694
Empire State,"Action, Drama",2013-09-03,11000000,3639345,169209
"Run, Fatboy, Run","Comedy, Romance",2007-09-06,10000000,33478921,7942
Bitter Moon,"Thriller, Drama, Romance",1992-09-02,5000000,1862805,10497
La Bamba,"Drama, Music",1987-07-24,6500000,54215416,16620
Wicker Park,"Drama, Mystery, Romance, Thriller",2004-09-03,30000000,13001257,11208
Harry and the Hendersons,"Comedy, Family, Fantasy",1987-06-05,10000000,49998613,8989
Stone,"Drama, Thriller",2010-10-07,22000000,9479718,44113
Go,"Crime, Comedy, Thriller",1999-04-09,6500000,28451622,9430
Raising Helen,"Drama, Comedy, Romance",2004-05-27,50000000,49718611,4599
Exorcist II: The Heretic,"Drama, Horror, Thriller",1977-06-17,14000000,30749142,11586
Giant,"Drama, Western",1956-11-08,5400000,32855818,1712
Nine Queens,"Crime, Thriller",2000-08-31,1300000,12413888,18079
*batteries not included,"Science Fiction, Comedy, Family, Fantasy",1987-12-18,25000000,65088797,11548
The Brood,"Horror, Science Fiction",1979-05-25,1355000,5000000,28942
Life After Beth,"Romance, Comedy, Horror",2014-08-15,2400000,88273,244566
Kaamelott: The First Chapter,"Adventure, Fantasy, Comedy",2021-07-21,17516235,19002036,577242
The Invitation,"Horror, Thriller",2022-08-24,10000000,33628000,830788
Queen & Slim,"Drama, Romance, Crime",2019-11-27,20000000,47803176,536743
Pathfinder,"Adventure, Action",2007-01-11,45000000,30822861,1534
Deep Rising,"Adventure, Action, Horror, Science Fiction",1998-01-30,45000000,11203026,9457
Love Story,"Romance, Drama",1970-12-16,2200000,136400000,9062
We Are Marshall,"Drama, History",2006-12-12,65000000,43545364,11170
Russian Dolls,"Comedy, Drama, Romance",2005-06-15,13000000,23727301,1826
Radio,Drama,2003-10-24,35000000,53293628,13920
The Act of Killing,Documentary,2012-11-01,1000000,722714,123678
Love & Mercy,"Drama, Music, History",2015-05-29,10000000,28641776,271714
Species II,"Science Fiction, Action, Horror",1998-04-10,35000000,19165560,10216
The Manchurian Candidate,"Thriller, Drama",1962-10-01,2200000,7700000,982
Love Happens,"Drama, Romance",2009-09-18,18000000,36133014,25643
Baby Mama,Comedy,2008-04-25,30000000,64444713,8780
Death Note,"Fantasy, Mystery, Thriller",2006-06-17,20000000,29667169,16007
My Mom Is a Character,Comedy,2013-06-21,2000000,20552094,203217
The Quiet Ones,Horror,2014-04-01,200000,17834867,193612
The Andromeda Strain,"Science Fiction, Thriller",1971-03-12,6500000,12376563,10514
Take Me Home Tonight,"Comedy, Drama, Romance",2011-03-04,19000000,6928068,50725
Hesher,Drama,2010-01-22,7000000,449702,44835
Skiptrace,"Action, Comedy, Thriller, Mystery",2016-07-21,32000000,58500000,270774
Playing with Fire,"Family, Comedy",2019-11-08,29900000,69412425,554241
Harsh Times,"Crime, Drama, Thriller, Action",2005-09-11,2000000,5967038,7873
Beavis and Butt-Head Do America,"Animation, Comedy",1996-12-15,12000000,63118386,3179
An American Werewolf in Paris,"Horror, Comedy",1997-05-29,22000000,26570463,9406
The Last Starfighter,"Adventure, Science Fiction, Action",1984-07-13,15000000,28733290,11884
Romanzo Criminale,"Crime, Drama",2005-09-30,818418,4851244,14375
Proof,"Drama, Mystery",2005-09-05,20000000,7535331,9777
Rogue,"Action, Horror, Thriller",2007-11-08,20000000,4609644,13022
Goal! II: Living the Dream,Drama,2007-02-09,10000000,7864905,9815
Blues Brothers 2000,"Music, Action, Comedy, Crime",1998-02-05,28000000,14051384,11568
Heavy Metal,"Animation, Science Fiction, Adventure, Fantasy, Music",1981-08-07,9300000,20100000,11827
Firestarter,"Horror, Thriller, Science Fiction",1984-05-11,15000000,17080167,11495
Freeheld,"Romance, Drama",2015-10-02,7000000,573335,306745
Martin Eden,"Romance, Drama",2019-09-04,3800000,1681545,582873
Deadfall,"Crime, Drama, Thriller",2012-11-08,12000000,1900000,97614
Rendition,"Drama, Thriller",2007-09-07,27500000,24748670,5125
Dirty Dancing: Havana Nights,"Drama, Romance",2004-02-27,25000000,27685016,10677
Just Visiting,"Comedy, Fantasy, Science Fiction",2001-04-06,35000000,16176732,56715
"Lust, Caution","Action, Drama, Romance, Thriller",2007-09-27,15000000,67091915,4588
Walk Hard: The Dewey Cox Story,"Comedy, Music, Drama",2007-12-21,35000000,18317151,6575
Breaking In,"Thriller, Crime, Action",2018-05-05,6000000,49078000,497814
Above the Law,"Action, Thriller",1988-04-08,7500000,18869631,9395
The Secret of Kells,"Animation, Family, Fantasy",2009-02-09,8000000,1803412,26963
Annette,"Drama, Romance",2021-07-06,15500000,3642692,424277
Damien: Omen II,"Horror, Thriller",1978-06-09,6800000,26518355,10766
Stuck on You,Comedy,2003-12-10,55000000,65784503,1792
Baaria,"Drama, Comedy, Romance",2009-09-02,30000000,16017513,25846
Chalet Girl,"Comedy, Romance",2011-02-02,8000000,5468650,58232
Phantasm,"Horror, Science Fiction",1979-03-28,300000,11988469,9638
Can't Buy Me Love,"Drama, Comedy, Romance",1987-08-14,1800000,31623833,12919
Honey Boy,Drama,2019-09-28,3500000,3400977,512263
The Double,"Action, Drama, Crime",2011-10-27,17000000,4729855,73499
Hypnotic,"Mystery, Thriller, Science Fiction",2023-05-11,70000000,9464308,536437
Sliver,"Drama, Thriller",1993-05-21,40000000,116300000,867
Compliance,"Drama, Thriller",2012-08-23,270000,592116,84188
Emily the Criminal,"Crime, Drama, Thriller",2022-08-12,2000000,2157673,862965
Stormbreaker,"Adventure, Action, Family",2006-07-21,40000000,23937870,9978
Dolphin Tale,"Drama, Family",2011-09-22,37000000,95404397,62837
Rumble Fish,"Crime, Drama",1983-10-09,10000000,2494480,232
The Villainess,"Action, Drama, Crime, Thriller, Adventure",2017-06-08,125000,8737458,437109
The Return,"Horror, Drama, Thriller",2006-11-10,15000000,11992014,10093
Obsessed,"Drama, Thriller",2009-02-26,20000000,73830340,17335
A Hard Day's Night,"Music, Comedy",1964-07-07,560000,2360561,704
Broken Embraces,"Drama, Romance, Thriller",2009-03-18,18000000,30991660,8088
Dracula 2000,"Thriller, Horror, Action, Fantasy",2000-12-22,28000000,47053625,10577
Serial Mom,"Comedy, Crime",1994-04-13,13000000,7820688,11592
Tangerine,"Comedy, Drama",2015-07-10,100000,924793,308084
Like a Boss,Comedy,2020-01-09,29000000,26925979,526019
Welcome to the Punch,"Action, Adventure, Crime",2013-03-15,8500000,3926386,93828
The Last Picture Show,Drama,1971-10-03,1300000,29133000,25188
Steel Magnolias,"Comedy, Drama, Romance",1989-11-15,15000000,95904091,10860
Fletch,"Comedy, Crime, Mystery",1985-05-31,8000000,59612888,9749
No Way Out,Thriller,1987-08-14,15000000,35509515,10083
Boat Trip,Comedy,2002-10-01,20000000,8586376,9557
Unforgettable,"Drama, Thriller",2017-03-06,12000000,17768012,418437
Adventures in Babysitting,Comedy,1987-07-01,7000000,34368475,14367
Sleepaway Camp,Horror,1983-11-18,350000,11000000,13567
Denial,"Drama, History",2016-09-30,10000000,4073489,402298
"Miraculous: Ladybug & Cat Noir, The Movie","Animation, Music, Family, Action, Romance, Fantasy, Comedy",2023-07-05,86000000,36010829,496450
Presumed Innocent,"Mystery, Crime, Thriller",1990-07-27,22000000,221303188,11092
Without a Paddle,"Comedy, Action, Adventure, Thriller",2004-08-20,19000000,69631118,10762
Deception,"Thriller, Mystery",2008-04-24,25000000,18024545,13018
D-Tox,"Action, Thriller, Horror",2002-01-04,55000000,6632383,10375
Hair,"Music, Drama, Comedy",1979-03-15,11000000,15313606,10654
Mighty Aphrodite,"Comedy, Romance",1995-09-13,15000000,6700000,11448
The Innkeepers,"Horror, Thriller",2011-08-18,750000,78396,58428
Mr. Nice Guy,"Crime, Action, Comedy",1997-01-31,12716953,18814720,10622
Grumpy Old Men,Comedy,1993-12-25,35100000,70200000,11520
Bachelor Party,Comedy,1984-06-29,6000000,38435947,12309
Armored,"Action, Crime, Drama, Thriller, Mystery",2009-12-04,20000000,22942221,4597
The Station Agent,"Drama, Comedy",2003-12-05,500000,8679814,2056
Ace in the Hole,Drama,1951-06-29,1821052,1300000,25364
Encino Man,Comedy,1992-05-22,7000000,40693477,10406
Fortress,"Action, Thriller, Science Fiction",1992-09-30,8000000,6739141,12088
No Good Deed,"Crime, Thriller",2014-09-10,13200000,53830415,136835
Spanish Affair,"Comedy, Romance",2014-03-14,3000000,78768613,236737
The Skeleton Twins,Drama,2014-06-05,1000000,5284309,244772
The Divide,"Horror, Science Fiction, Thriller",2012-01-13,3000000,156362,38541
Idle Hands,"Comedy, Horror, Fantasy",1999-04-30,25000000,4152230,6552
Hatchet,"Comedy, Horror",2006-04-27,1500000,155873,11908
Poltergeist II: The Other Side,"Horror, Thriller",1986-05-23,19000000,40996665,11133
The Return of the Texas Chainsaw Massacre,"Horror, Comedy",1995-03-12,600000,185898,16780
Grandma's Boy,Comedy,2006-01-06,5000000,6538177,9900
Shine,Drama,1996-08-15,5500000,35892330,7863
Happy Together,"Drama, Romance",1997-05-30,125000,5000000,18329
Boiler Room,"Crime, Drama, Thriller",2000-02-18,7000000,28780255,14181
Apt Pupil,"Drama, Thriller",1998-10-23,14000000,8863193,9445
The People Under the Stairs,"Horror, Comedy",1991-11-01,6000000,31347154,13122
The Ice Storm,Drama,1997-02-05,18000000,8038061,68924
Rudy,"Drama, History",1993-09-17,12000000,22750363,14534
Ong Bak 2,"Adventure, Action, Thriller",2008-12-04,8500000,8936663,16353
Traitor,"Drama, Action, Thriller, Crime",2008-08-23,22000000,23530831,13291
Cats & Dogs: The Revenge of Kitty Galore,"Family, Adventure, Comedy, Fantasy, Action, Animation",2010-07-29,85000000,112483764,39691
Reindeer Games,"Thriller, Action, Crime",2000-02-25,42000000,32168970,2155
See No Evil,"Horror, Thriller",2006-05-19,8000000,18707966,10007
Getaway,"Action, Crime",2013-08-29,18000000,10501938,146227
Admission,"Comedy, Drama, Romance",2013-03-21,13000000,18637201,144340
Fatal,Comedy,2010-06-16,17289533,8929413,45535
Spy Hard,"Comedy, Action",1996-05-24,18000000,27000000,10535
Father Figures,Comedy,2017-12-21,25000000,25601244,354861
Pokémon 3: The Movie,"Adventure, Fantasy, Animation, Action, Family",2000-07-08,16000000,68411275,10991
Kicking & Screaming,"Family, Comedy",2005-05-13,45000000,56070433,9981
The Lookout,"Crime, Drama, Thriller",2007-03-09,16000000,5367030,8270
A Hidden Life,"Drama, War, History",2019-12-11,9000000,4612788,403300
Agent Cody Banks 2: Destination London,"Comedy, Action, Adventure, Family, Romance",2004-03-12,26000000,28818995,17047
Deck the Halls,"Comedy, Family",2006-11-22,51000000,47231070,9969
People Like Us,Drama,2012-06-29,16000000,12434778,98548
The Good Girl,"Drama, Comedy, Romance",2002-01-12,8000000,16860964,9962
Piranha,"Horror, Comedy, Science Fiction",1978-08-03,660000,16000000,24831
Come Play,"Horror, Mystery, Thriller",2020-10-28,9000000,8119285,571384
Fired Up!,Comedy,2009-02-20,20000000,18599102,17927
3000 Miles to Graceland,"Action, Adventure, Comedy, Crime, Thriller",2001-02-23,62000000,18720175,12138
Ratchet & Clank,"Action, Adventure, Animation, Family",2016-04-13,20000000,8821329,234004
Quills,Drama,2000-11-22,13500000,7060876,10876
North Country,Drama,2005-02-12,35000000,25224242,9701
Kagemusha,"Action, Drama, History, War",1980-04-26,6000000,4000000,11953
Altered States,"Horror, Science Fiction, Thriller",1980-12-25,15000000,19853892,11542
Everyone Says I Love You,"Comedy, Romance",1996-12-06,20000000,9800000,9716
The Lady from Shanghai,"Mystery, Crime, Drama, Thriller",1947-12-24,2300000,1564609,3766
Mood Indigo,"Drama, Fantasy",2013-01-10,16040770,10435322,157820
Shivers,"Horror, Science Fiction",1975-10-10,179000,1000000,27429
The Best Years of Our Lives,"Drama, Romance, War",1946-12-25,2100000,23650000,887
Chasing Liberty,"Comedy, Romance",2004-01-09,23000000,12195626,14844
November,"Crime, Drama, Thriller",2022-10-05,17700000,18114769,823951
Che: Part Two,"Drama, History, War",2008-12-12,40000000,8638163,8880
"Jeff, Who Lives at Home","Drama, Comedy",2011-09-13,10000000,4417580,82532
Firestarter,"Science Fiction, Thriller, Horror",2022-05-12,12000000,15039250,532710
Powder,"Drama, Fantasy, Science Fiction, Thriller",1995-10-27,9500000,30862156,12665
Charlie Bartlett,"Comedy, Drama",2007-05-01,12000000,5254986,8669
Parenthood,"Comedy, Drama",1989-07-31,20000000,126297830,1552
Eiffel,"Romance, Drama",2021-10-07,26000000,13000000,655082
Cat's Eye,"Horror, Thriller",1985-04-12,7000000,13100000,10552
The Darkness,"Horror, Thriller",2016-05-13,4000000,10898293,257345
Barefoot,"Comedy, Drama, Romance",2014-02-02,6000000,15071,242042
An Unfinished Life,Drama,2005-09-09,30000000,18618284,1947
Employee of the Month,"Comedy, Romance",2006-10-06,12000000,38528984,9794
C'mon C'mon,Drama,2021-11-19,8300000,4300000,632617
Waves,"Romance, Drama",2019-11-15,6000000,2576990,533444
Racing Stripes,"Comedy, Family",2005-01-06,30000000,90754475,6439
Million Dollar Arm,Drama,2014-05-09,25000000,38307627,198185
Devotion,"War, Drama, Action",2022-11-23,90000000,20000000,653851
Rob Roy,"Adventure, History, Drama, Action, War",1995-04-13,28000000,31596911,11780
The Proposition,"Action, Adventure, Crime, Drama, Thriller, Western",2005-10-06,2000000,5048693,16608
Wolf Creek 2,"Horror, Thriller",2013-08-30,8000000,9630444,199534
Roxanne,"Comedy, Romance",1987-06-19,12000000,40050884,11584
Anna,"Thriller, Drama",2013-10-13,4357373,1200000,227700
The Brothers Bloom,"Adventure, Comedy, Drama, Romance",2008-09-09,20000000,5530764,21755
From Here to Eternity,"War, Romance, Drama",1953-08-28,1650000,30500000,11426
Vivre Sa Vie,Drama,1962-09-20,64000,24517,1626
Thief,"Crime, Thriller, Action",1981-03-27,5500000,11492915,11524
Two for the Money,"Comedy, Crime, Drama, Thriller",2005-10-07,35000000,30526509,9910
The Warrior's Way,"Adventure, Fantasy, Action, Western, Thriller",2010-12-01,42000000,11087569,46528
Dungeons & Dragons,"Drama, Adventure, Fantasy",2000-12-08,35000000,15185241,11849
Boris - Il film,Comedy,2011-04-01,3347850,1248748,58522
Keeping the Faith,"Comedy, Romance",2000-04-14,30000000,59945183,4967
Hollywood Homicide,"Action, Adventure, Comedy, Thriller",2003-06-09,75000000,51142659,11375
The Secret of My Success,Comedy,1987-04-10,12000000,110996879,10021
Zoom,"Family, Comedy, Adventure, Action, Science Fiction",2006-08-11,75600000,12506188,14113
Psycho II,"Horror, Mystery, Thriller",1983-06-03,5000000,34725000,10576
Gummo,"Drama, Comedy",1997-10-17,1300000,116799,18415
Gotti,"Crime, Drama, History, Thriller",2018-06-14,10000000,4343227,339103
Sleeping Beauty,"Drama, Romance",2011-06-10,10000000,408680,64586
The Many Saints of Newark,Crime,2021-09-22,50000000,13037403,524369
Red Tails,"Drama, Action, Adventure, History, War",2012-01-19,58000000,50365377,72431
Jiu Jitsu,"Action, Science Fiction, Fantasy",2020-11-20,23000000,99924,590706
Vegas Vacation,Comedy,1997-02-13,25000000,36400360,11419
Secrets & Lies,Drama,1996-05-24,4500000,13417292,11159
USS Indianapolis: Men of Courage,"Action, War",2016-09-22,40000000,2158568,340945
Very Bad Things,"Comedy, Crime, Thriller",1998-09-11,30000000,9898412,10029
Pontypool,"Horror, Mystery, Science Fiction",2009-03-06,1500000,32000,23963
American Gigolo,"Crime, Drama, Mystery",1980-02-08,5000000,52700000,2768
The Man Who Would Be King,"Adventure, Drama",1975-12-03,8000000,12678,983
Marshall,Drama,2017-10-13,12000000,10051659,392982
Spies Like Us,"Comedy, Adventure",1985-12-06,22000000,60088980,9080
Let Him Go,"Drama, Thriller, Crime, Western",2020-11-05,21000000,7997460,596161
The Cannonball Run,"Action, Comedy",1981-06-19,18000000,72179579,11286
Watership Down,"Adventure, Animation, Drama",1978-10-14,1000000,3713768,11837
Lost River,"Fantasy, Thriller, Drama",2015-04-08,2000000,45431,167810
Ordinary People,Drama,1980-09-19,6000000,54766923,16619
Third Person,"Drama, Romance",2013-09-09,28000000,1749201,192145
Crocodile Dundee in Los Angeles,"Adventure, Comedy",2001-04-12,21150000,39438674,9290
The Verdict,Drama,1982-12-08,16000000,53977250,24226
Problem Child 2,"Comedy, Family",1991-07-03,15000000,32704700,28597
No One Lives,"Horror, Thriller",2013-03-09,2900000,74918,123109
Sabrina,"Comedy, Romance",1995-12-15,58000000,53672080,11860
Mongol: The Rise of Genghis Khan,"History, Adventure, War, Action",2007-09-20,18000000,26527510,12246
The Sun Is Also a Star,"Romance, Drama",2019-05-16,9000000,6800000,508791
Grace of Monaco,"Romance, Drama",2014-04-22,30000000,26576000,215211
Sea of Love,"Crime, Drama, Romance, Mystery, Thriller",1989-09-15,19000000,110879513,12150
The Missing,"Thriller, Western, Adventure",2003-11-26,60000000,38364277,12146
Hobo with a Shotgun,"Crime, Action, Thriller",2011-05-06,3000000,748453,49010
By the Sea,"Drama, Romance",2015-11-12,10000000,3727746,314385
Day for Night,"Comedy, Drama",1973-05-24,700000,850000,1675
Career Opportunities,"Romance, Comedy",1991-03-29,6000000,11336986,16270
Instinct,"Drama, Thriller",1999-06-04,80000000,34105207,12117
The Rhythm Section,"Action, Thriller",2020-01-31,50000000,5989583,466622
Little Big Man,"Adventure, Western, Comedy, Drama",1970-12-14,15000000,31559552,11040
W.,"Drama, History",2008-10-17,25100000,29506464,10523
Furry Vengeance,"Family, Comedy, Fantasy",2010-04-30,35000000,36236710,35169
"The Cook, the Thief, His Wife & Her Lover","Crime, Drama",1989-10-13,2300000,7724701,7452
White Noise,"Comedy, Drama, Science Fiction",2022-11-25,100000000,71476,744594
Hard to Kill,Action,1990-02-09,10000000,47410000,9569
Alone in the Dark,"Action, Fantasy, Horror",2005-01-28,20000000,12693645,12142
The Believer,Drama,2001-08-23,1500000,1309316,4012
But I'm a Cheerleader,"Comedy, Romance",2000-07-07,1200000,2600000,20770
White Fang,"Action, Adventure, Drama, Family",1991-01-18,14000000,34793160,12227
Thinner,"Horror, Thriller",1996-10-25,8000000,15315484,10280
Friends with Money,"Comedy, Drama, Romance",2006-04-07,6500000,13368437,8998
Everything Must Go,"Comedy, Drama, Romance",2011-05-13,5000000,2614773,45658
Popeye,"Action, Adventure, Comedy, Family",1980-12-12,20000000,49823037,11335
Crossroads,"Comedy, Drama, Romance",2002-02-15,12000000,61141030,17130
Ernest & Celestine,"Animation, Comedy, Drama, Family, Adventure",2012-12-12,12516654,8109160,126319
Sleuth,"Mystery, Thriller, Crime, Comedy",1972-12-10,3500000,5750000,993
Far from Heaven,"Drama, Romance",2002-09-02,13500000,29027914,10712
Conviction,Drama,2010-10-15,12500000,11826980,45094
Batman and Harley Quinn,"Adventure, Action, Animation, Science Fiction, Comedy",2017-08-14,3500000,39091,408648
Doc Hollywood,"Comedy, Romance",1991-08-02,20000000,54830779,11821
May,"Comedy, Drama, Horror",2003-05-02,500000,264349,10894
The Grudge 3,"Mystery, Horror, Thriller",2009-05-12,5000000,38610009,1977
The 51st State,"Thriller, Action, Comedy, Crime",2001-12-07,27000000,12881605,1613
Great Expectations,"Comedy, Drama, Romance",1998-01-30,25000000,55494066,9410
Marvin's Room,Drama,1996-12-18,23000000,12803305,9819
Emma,"Romance, Comedy, Drama",1996-08-02,6000000,22231658,3573
1941,"Comedy, War",1979-12-14,35000000,94900000,11519
All I See Is You,"Mystery, Thriller, Drama",2017-08-10,30000000,646946,345923
ATM,"Horror, Thriller",2012-02-17,3000000,921752,89691
Children of Heaven,"Drama, Family",1997-08-01,180000,925402,21334
Black Dynamite,"Comedy, Action",2009-10-16,2900000,296557,24804
World's Greatest Dad,"Comedy, Romance, Drama",2009-08-20,10000000,295750,20178
Earth to Echo,"Family, Adventure, Science Fiction",2014-06-14,13000000,45300000,238603
The Rocker,"Comedy, Music",2008-08-20,15000000,8762890,10186
Rabbit Hole,Drama,2010-12-16,5000000,5144717,27585
Free Willy 2: The Adventure Home,"Family, Adventure, Drama",1995-07-19,31000000,30000000,9073
Nine,"Drama, Music, Romance",2009-12-03,80000000,53825515,10197
Honeymoon,"Horror, Science Fiction",2014-09-12,1000000,9318,254191
Collide,"Thriller, Action",2016-06-10,21500000,6817535,195590
Miracle,"Drama, History",2004-02-06,28000000,64445708,14292
Outland,"Science Fiction, Action",1981-05-22,16000000,17374595,10540
The Return of the Pink Panther,"Mystery, Comedy, Crime",1975-05-21,5000000,41833347,11843
The Blob,"Horror, Science Fiction",1958-09-10,110000,4000000,8851
Supergirl,"Adventure, Fantasy, Action, Science Fiction",1984-07-01,35000000,14296438,9651
Nothing to Lose,"Comedy, Crime",1997-07-18,25000000,44480039,11676
Single White Female,"Thriller, Drama",1992-08-14,16000000,48017402,9605
The Illusionist,"Animation, Drama",2010-06-16,18000000,6007194,41201
Come tu mi vuoi,Comedy,2007-10-09,2500000,7086000,60049
The Great Debaters,Drama,2007-12-25,15000000,30226144,14047
The Natural,Drama,1984-05-11,28000000,47951979,11393
Extract,Comedy,2009-09-03,8000000,10848783,12569
Shane,"Drama, Western",1953-04-23,3100000,20000000,3110
Secretariat,Drama,2010-08-20,35000000,60321861,39486
The Intruder,Thriller,2019-05-03,8000000,40600000,524247
The Changeling,Horror,1980-03-28,7600000,12000000,13550
The Joneses,"Comedy, Drama",2010-04-16,10000000,7022728,41479
Femme Fatale,"Mystery, Crime, Thriller",2002-04-30,35000000,16830252,9280
Virus,"Horror, Action, Science Fiction",1999-01-14,75000000,30700000,9423
Jeremiah Johnson,"Adventure, Western",1972-09-10,3100000,44700000,11943
Catch and Release,"Comedy, Drama, Romance",2006-10-20,25000000,16162580,13668
Bulletproof,"Comedy, Crime, Action",1996-09-06,25000000,22611954,10723
Igor,"Animation, Comedy, Family, Fantasy, Horror",2008-09-19,25000000,30700000,14248
Barefoot in the Park,"Comedy, Romance",1967-05-25,2000000,30000000,17887
Blinded by the Light,"Drama, Comedy",2019-08-09,15000000,18144644,534259
Repo Man,"Comedy, Science Fiction",1984-02-20,1500000,2300000,13820
The Three Burials of Melquiades Estrada,"Adventure, Crime, Drama, Mystery, Western",2005-11-17,15000000,12036149,8053
The Secret: Dare to Dream,"Drama, Romance",2020-04-16,21000000,3215636,550231
Imagine That,"Comedy, Family",2009-06-19,55000000,23000000,19724
Silenced,Drama,2011-09-22,2200000,31500000,81481
Dracula,Horror,1958-05-22,104880,3500000,11868
The Shaggy Dog,"Comedy, Family",2006-03-09,50000000,87134280,10067
Micmacs,"Action, Comedy, Crime",2009-10-28,33000000,14000000,27936
Beau Is Afraid,"Comedy, Adventure, Fantasy",2023-04-14,35000000,10000000,798286
How to Steal a Million,"Comedy, Crime, Romance",1966-07-13,6400000,4400000,3001
Return of the Living Dead Part II,"Horror, Comedy",1988-01-15,6200000,9205924,24929
Air America,"Action, Adventure, Comedy, Drama",1990-08-10,35000000,57700000,11856
Dark Water,"Horror, Thriller, Mystery",2002-01-19,4000000,1686839,12205
The Long Goodbye,"Mystery, Crime",1973-03-07,1700000,959000,1847
The Muppet Movie,"Comedy, Adventure, Music, Family",1979-06-22,8000000,65200000,11176
Tunnel,"Thriller, Adventure",2016-08-10,1000000,52444295,390497
Vanishing on 7th Street,"Mystery, Horror, Thriller",2010-09-11,10000000,1671196,43552
Silver Bullet,Horror,1985-10-10,7000000,12400000,17898
The Final Countdown,"War, Action, Science Fiction",1980-01-31,12000000,16647800,8738
A Lonely Place to Die,"Adventure, Action, Thriller, Crime",2011-04-09,4000000,25345000,81390
Always,"Romance, Fantasy, Drama",1989-12-22,31000000,74134790,11352
Area 51,"Horror, Science Fiction, Mystery",2015-05-15,5000000,7556,57876
Major Grom: Plague Doctor,"Action, Adventure",2021-04-01,5000000,4493306,529106
The Baader Meinhof Complex,"Action, Crime, Drama, History, Thriller",2008-09-25,27000000,26937355,6968
Return of the Hero,"History, Comedy",2018-02-14,10800000,7362730,457435
One Eight Seven,"Drama, Thriller",1997-07-29,20000000,5716080,6072
Breach,"Drama, Thriller, Crime, History",2007-02-12,23000000,40953935,4169
Diabolik,"Crime, Action, Mystery, Thriller",2021-12-16,11000000,3189418,593395
Billy Lynn's Long Halftime Walk,"Drama, War",2016-11-10,40000000,30930984,293767
An American in Paris,"Comedy, Music, Romance",1951-09-26,5635000,6981000,2769
The Killer Inside Me,"Crime, Drama, Thriller",2010-02-19,13000000,3977192,37414
Along with the Gods: The Last 49 Days,"Fantasy, Action, Thriller, Adventure",2018-08-01,18300000,112790210,518068
Brewster's Millions,Comedy,1985-05-22,20000000,45833132,11064
Ravenous,"Adventure, Drama, Horror, Western",1999-01-01,12000000,2000000,10212
Short Circuit 2,"Comedy, Family, Science Fiction, Drama",1988-07-06,10000000,21630088,11966
Bis,Comedy,2015-02-18,14000000,10846026,323020
Away We Go,"Drama, Comedy, Romance",2009-06-05,17000000,15779455,19255
Regarding Henry,"Romance, Drama",1991-07-10,25000000,43001500,11364
The Beasts,"Thriller, Drama",2022-07-20,3900000,10238603,848685
Think Like a Man Too,"Comedy, Romance",2014-06-20,24000000,70181428,184098
Rent,"Drama, Romance",2005-11-17,40000000,31670620,1833
The Rugrats Movie,"Family, Animation, Comedy, Adventure",1998-11-20,30000000,100491683,14444
The Stranger,"Thriller, Crime",1946-07-02,103400000,322000000,20246
Yamakasi,"Action, Crime, Drama",2001-04-04,15000000,1297401,6935
A Conspiracy of Faith,"Crime, Drama, Mystery, Thriller",2016-03-03,5210000,5900000,348668
Misconduct,"Thriller, Drama, Mystery",2016-02-05,11000000,2049761,373314
A Haunting in Venice,"Mystery, Thriller, Crime",2023-09-13,60000000,89800000,945729
Vampire in Brooklyn,"Comedy, Horror",1995-10-26,14000000,19800000,12158
Cape Fear,Thriller,1962-04-12,35000000,103000000,11349
"Tad, the Lost Explorer","Animation, Comedy, Adventure, Family",2012-08-10,10500000,23000000,121734
Horsemen,"Crime, Drama, Horror, Mystery, Thriller",2009-02-06,20000000,1017401,18476
Torn Curtain,"Thriller, Mystery",1966-07-15,3000000,13000000,5780
If Only,"Fantasy, Drama, Romance",2004-01-23,532673,3000000,15775
The Lost Weekend,Drama,1945-11-29,1250000,11000000,28580
Dragon Blade,"Adventure, History, Action, Fantasy",2015-02-19,65000000,121545703,300168
Sorority Row,"Horror, Mystery",2009-09-09,12500000,27206120,26688
The Skulls,"Crime, Drama, Thriller",2000-03-31,15000000,50802120,11478
The Phantom,"Adventure, Action",1996-06-06,45000000,17300889,9826
FernGully: The Last Rainforest,"Family, Fantasy, Animation, Adventure",1992-04-10,24000000,32710894,13225
Shadow of the Vampire,"Drama, Horror",2000-05-15,8000000,8279017,10873
The Tigger Movie,"Family, Animation, Comedy",2000-02-11,30000000,45554533,15655
Trapped,"Action, Crime, Thriller",2002-09-20,30000000,13414416,9039
Gilda,"Romance, Drama, Thriller",1946-04-25,2000000,6000000,3767
Mickey Blue Eyes,"Comedy, Crime, Romance",1999-08-16,75000000,54264342,10154
BASEketball,Comedy,1998-07-28,25000000,7027290,14013
Color of Night,"Romance, Thriller, Mystery",1994-08-19,40000000,19726050,2124
Wishmaster,"Horror, Fantasy",1997-09-19,5000000,15738769,10351
Afflicted,"Horror, Thriller",2014-04-04,318000,121179,210947
Incarnate,"Horror, Thriller",2016-12-01,5000000,6341855,241258
The Odd Couple,Comedy,1968-05-16,1200000,44527234,11356
Murder in the First,"Crime, Drama",1995-01-20,20000000,29500000,8438
Bull Durham,"Comedy, Romance",1988-06-15,7000000,50888000,287
The Devil's Double,"Drama, Action, Thriller, Crime, War",2011-02-11,19100000,5728213,62630
Midnight in the Garden of Good and Evil,"Mystery, Crime",1997-11-21,35000000,25105255,8197
Acts of Vengeance,"Thriller, Action, Drama",2017-10-27,10000000,320705,445954
View from the Top,"Comedy, Romance, Drama",2003-03-21,30000000,19526014,11523
Lifeforce,"Science Fiction, Horror, Thriller",1985-06-21,25000000,11603545,11954
Keeping Mum,Comedy,2005-12-02,169000,18564702,9687
Cat People,"Horror, Drama, Mystery",1942-12-05,134000,4000000,25508
Torque,Action,2004-01-16,40000000,46546197,10718
El Angel,"Drama, Crime",2018-08-09,3000000,10452324,507505
The Three Stooges,Comedy,2012-04-13,30000000,54819301,76489
Ashfall,"Action, Adventure, Thriller",2019-12-19,17700000,61321941,581387
Siberia,"Crime, Romance, Thriller",2018-07-13,2000000,2006704,438689
Uncle Drew,Comedy,2018-06-27,19000000,17665000,474335
Boomerang,"Comedy, Romance",1992-06-30,40000000,70100000,11066
Fire in the Sky,"Science Fiction, Drama, Mystery",1993-03-12,15000000,19885552,15613
Body Heat,"Crime, Thriller, Romance",1981-08-28,9000000,24058838,14412
The Monster Squad,"Comedy, Action, Fantasy",1987-08-14,12000000,3769990,13509
The New Guy,Comedy,2002-05-10,13000000,31167388,10985
Memoirs of an Invisible Man,"Science Fiction, Comedy, Romance",1992-02-28,40000000,14358033,2687
Love & Friendship,"Drama, Romance, Comedy",2016-05-26,3000000,21401949,296360
Father There Is Only One 2,"Comedy, Family",2020-07-29,4000000,14871307,668742
Seraphim Falls,"Western, Action, Drama",2006-09-13,18000000,1220058,13249
Next Friday,Comedy,2000-01-12,11000000,59827328,10471
Defendor,"Drama, Action, Comedy, Crime",2009-09-12,3500000,44462,34769
The Big Chill,"Comedy, Drama",1983-09-30,8000000,56400000,12560
Cypher,"Thriller, Science Fiction",2002-10-01,7500000,898365,10133
Creepshow 2,"Horror, Comedy",1987-05-01,3500000,14000000,16288
The Past,"Drama, Mystery",2013-05-17,11000000,10631747,152780
Two Mules for Sister Sara,"Adventure, Western, Romance, Comedy",1970-03-02,2500000,5050000,11916
Sound of Freedom,"Action, Drama",2023-07-03,15000000,212587173,678512
Searching for Bobby Fischer,Drama,1993-08-13,12000000,7266383,14291
Get Carter,"Action, Drama, Thriller, Crime",2000-10-06,63600000,19412993,10461
Band of Outsiders,"Crime, Drama, Romance",1964-08-05,120000,182857,8073
The Disappearance of Alice Creed,"Crime, Drama, Thriller",2009-09-12,800000,867714,38542
Tideland,"Fantasy, Drama, Thriller, Science Fiction",2005-09-09,12000000,566611,11559
Special Forces,"Action, Drama, War",2011-11-02,10000000,3424648,74513
Fiddler on the Roof,"Drama, Romance",1971-11-03,9000000,83304330,14811
The Idiots,"Drama, Comedy",1998-04-28,2500000,7235,452
The Birth of a Nation,Drama,2016-09-09,8500000,15861566,339408
MacGruber,"Action, Comedy",2010-05-21,10000000,9322895,37931
Hoodwinked Too! Hood VS. Evil,"Comedy, Animation, Family",2011-04-29,30000000,13521829,57089
"It's a Mad, Mad, Mad, Mad World","Action, Adventure, Comedy",1963-11-07,9400000,60000000,11576
Gold,"Action, Adventure, Thriller",2022-01-13,6500000,176048,760926
Tigerland,"Drama, War",2000-10-06,10000000,148701,10687
The Sessions,"Drama, Romance, Comedy",2012-05-02,1000000,9138338,113947
Mune: Guardian of the Moon,"Animation, Family, Adventure, Fantasy",2015-02-05,17000000,15730665,323661
Lagaan: Once Upon a Time in India,"Adventure, Romance, Drama",2001-06-15,5200000,8100000,19666
Straw Dogs,"Drama, Thriller",2011-09-16,25000000,10324441,64639
Half Baked,"Comedy, Crime",1998-01-16,8000000,17460020,9490
BloodRayne,"Action, Fantasy, Horror",2005-10-22,25000000,3650275,168705
Runaway Train,"Action, Thriller, Drama, Adventure",1985-11-15,9000000,7936012,11893
Momentum,"Action, Crime, Thriller",2015-10-15,20000000,133332,346808
Valentine,"Horror, Thriller",2001-02-02,10000000,16300000,10984
Metro,"Action, Adventure, Comedy, Crime, Thriller",1997-01-16,55000000,31987563,8860
Ophelia,"Drama, Romance, History",2019-06-28,12000000,242115,428836
The Getaway,"Action, Crime, Thriller",1972-09-20,3352254,36734619,5916
Cosmic Sin,"Action, Adventure, Science Fiction",2021-03-12,20000000,349757,681887
The Man,"Action, Comedy, Crime",2005-09-08,33000000,13485145,9074
Southland Tales,"Science Fiction, Thriller, Comedy",2007-11-14,17000000,374743,4723
Sleight,"Drama, Thriller, Action, Science Fiction",2016-04-28,250000,3914430,347882
The Rules of Attraction,"Drama, Romance, Comedy",2002-10-11,4000000,11832822,1809
Mandela: Long Walk to Freedom,"Drama, History",2013-11-28,35000000,27333835,192136
The Four Feathers,"Action, Adventure, Drama, Romance, War",2002-09-08,35000000,29882645,9093
The Last Exorcism Part II,"Horror, Thriller",2013-02-28,5000000,15179302,146203
Rififi,"Crime, Thriller, Drama",1955-04-13,200000,460000,934
Cry_Wolf,"Horror, Thriller",2005-09-16,1000000,10047674,10092
Throw Momma from the Train,"Comedy, Crime",1987-12-11,14000000,57915972,11896
Life Itself,"Drama, Romance",2018-09-21,10000000,7997774,446696
Black Christmas,"Horror, Mystery, Thriller",2019-12-11,5000000,18529730,551808
Frankie and Johnny,"Drama, Romance, Comedy",1991-10-11,29000000,22773535,3784
Death Warrant,"Action, Crime, Thriller",1990-09-14,4000000,16853487,17466
Beerfest,Comedy,2006-08-25,17500000,19179969,9988
The Worst Christmas of My Life,Comedy,2012-12-22,6843500,10703234,147868
Hit & Run,"Action, Comedy, Romance",2012-08-22,2000000,14400000,109513
Little Boy,"Comedy, Drama, War",2015-04-23,20000000,6485961,256962
Toys,"Family, Fantasy, Comedy, Science Fiction",1992-12-18,50000000,23278931,11597
Blue Crush,"Adventure, Romance, Drama",2002-08-08,25000000,51842679,9266
Cutthroat Island,"Action, Adventure",1995-12-22,98000000,10017322,1408
Peggy Sue Got Married,"Comedy, Drama, Fantasy",1986-10-10,18000000,41382841,10013
The Invisible,"Fantasy, Thriller",2007-04-27,30000000,26810113,9785
Moonwalker,"Fantasy, Music",1988-10-29,22000000,67000000,13192
Friday Night Lights,Drama,2004-10-08,30000000,61255921,13416
Weekend,"Drama, Romance",2011-10-23,120000,484592,79120
Firefox,"Science Fiction, Action, Adventure, Thriller",1982-06-18,18000000,70687344,10724
Capitalism: A Love Story,Documentary,2009-09-06,20000000,17436509,22074
Screamers,"Horror, Science Fiction",1995-09-08,20000000,5781885,9102
Double Lover,"Romance, Thriller, Drama",2017-05-26,7110000,4248574,451955
Catfish,Documentary,2010-09-17,30000,3045943,42296
Omen III: The Final Conflict,"Horror, Mystery, Thriller",1981-03-20,5000000,20471382,10768
Young Guns II,"Western, Adventure",1990-08-01,20000000,59000000,9086
Miss Bala,Action,2019-02-01,15000000,15200000,500852
House,"Comedy, Horror",1986-02-27,3000000,19444631,11415
The Commitments,"Comedy, Drama, Music",1991-08-14,12000000,14919570,11663
Jawbreaker,"Comedy, Crime",1999-01-30,3000000,3076820,18892
"New York, I Love You","Comedy, Drama, Romance",2008-09-06,14700000,14603177,12572
Lucky Luke,"Comedy, Western, Adventure",2009-10-21,27000000,17854472,35026
Forces of Nature,"Romance, Comedy",1999-03-12,75000000,93888180,1641
Heist,"Action, Crime, Drama, Thriller",2001-11-09,35000000,28500000,11088
Waitress,"Drama, Comedy, Romance",2007-05-25,1500000,22240529,10758
Murder at 1600,"Action, Drama, Mystery, Thriller, Crime",1997-04-18,40000000,25804707,9415
Hearts in Atlantis,Drama,2001-09-28,31000000,24185781,11313
Surviving Christmas,"Comedy, Romance",2004-09-21,45000000,14793624,15566
Lilya 4-ever,"Crime, Drama",2002-08-23,4600000,1007747,12093
Multiplicity,"Comedy, Fantasy, Science Fiction",1996-07-19,45000000,21075014,9304
Devil's Due,Horror,2014-01-08,7000000,36433975,79316
Black Christmas,"Horror, Thriller, Mystery",2006-12-15,9000000,21510851,9656
The Birth of a Nation,"Drama, History, War",1915-02-08,100000,11000000,618
Krull,"Action, Adventure, Fantasy, Science Fiction",1983-07-29,27000000,16519460,849
The Fly,"Science Fiction, Horror, Drama",1958-07-16,700000,3000000,11815
Blown Away,Action,1994-07-01,28000000,30156002,178
A United Kingdom,"Drama, History",2016-11-25,14000000,13819139,347026
My Soul to Take,"Horror, Mystery",2010-10-08,25000000,21500813,43931
The Rookie,"Action, Crime, Drama, Thriller",1990-12-07,10000000,21633874,6723
Captain Corelli's Mandolin,"Drama, Romance, War",2001-04-18,57000000,62112895,1722
Alpha and Omega,"Animation, Family, Comedy, Adventure, Romance",2010-09-16,20000000,50500000,12819
Bug,"Drama, Horror, Thriller",2006-11-11,4000000,8095658,12526
Shark Night 3D,"Thriller, Horror",2011-09-02,28000000,10126458,65055
Virtuosity,"Action, Crime, Science Fiction, Thriller",1995-08-04,30000000,24048000,9271
Feast,"Action, Horror, Thriller",2005-10-14,3200000,658573,10070
Tora! Tora! Tora!,"Drama, History, War",1970-01-26,25485000,37150000,11165
The Island of Dr. Moreau,"Science Fiction, Horror",1996-08-23,40000000,49627779,9306
Nancy Drew,"Family, Adventure, Crime, Mystery, Comedy",2007-06-15,20000000,30715465,14043
The Great Outdoors,Comedy,1988-06-17,24000000,43455230,2617
Danny Collins,"Music, Comedy, Drama",2015-03-19,10000000,10835752,256924
Get on Up,"Drama, Music",2014-08-01,30000000,33448971,239566
Day Watch,"Fantasy, Action, Adventure, Horror, Thriller",2006-01-01,4200000,42918532,2269
Can't Hardly Wait,"Comedy, Romance",1998-06-12,10000000,25605015,15037
The Wrong Man,"Crime, Drama",1956-12-22,1200000,2000000,22527
Coma,"Science Fiction, Adventure, Action",2019-11-19,4000000,2363584,430155
From Beyond,"Horror, Science Fiction",1986-10-24,4500000,1261000,14510
Twisted,"Action, Adventure, Crime, Drama, Thriller",2004-02-27,50000000,40954603,13572
Saving Silverman,"Comedy, Crime, Romance",2001-02-09,22000000,19351569,10878
My Mom Is a Character 2,Comedy,2016-12-22,2000000,37858128,227932
The Secret Life of Bees,"Family, Adventure, Drama",2008-09-17,11000000,38105395,12837
About Last Night,"Comedy, Romance",2014-02-14,12500000,49002684,222899
Would I Lie to You?,Comedy,1997-04-01,4000000,29456000,39385
Romy and Michele's High School Reunion,Comedy,1997-04-25,20000000,29235353,9611
The Pink Panther Strikes Again,"Comedy, Crime",1976-12-15,6000000,33833201,12268
Bel Ami,"Romance, Drama",2012-03-09,9000000,8303261,86467
Soul Kitchen,"Drama, Comedy",2009-09-09,4000000,18164139,31175
Sleepwalkers,"Horror, Fantasy, Thriller",1992-04-10,15000000,30524763,11428
Antitrust,"Action, Crime, Drama",2001-01-11,30000000,18195610,9989
The 12th Man,"War, Drama",2017-12-25,7806306,9567121,435577
A Madea Family Funeral,Comedy,2019-03-01,20000000,74747725,464504
Fools Rush In,"Comedy, Drama, Romance",1997-02-14,20000000,42000000,1968
In a World...,Comedy,2013-08-09,1000000,2963902,157360
In Hell,Action,2003-11-24,17000000,293671,19277
Shiva Baby,"Comedy, Drama",2021-04-02,250000,31014,664300
Intruders,"Thriller, Horror, Fantasy",2011-09-12,13000000,3012210,63207
Marked for Death,"Action, Crime",1990-10-05,12000000,46044400,10173
The Shadow,"Adventure, Fantasy, Action, Thriller, Science Fiction",1994-07-01,25000000,48063435,8850
The Relic,"Horror, Mystery, Thriller",1997-01-10,60000000,33956608,11015
Spirit Untamed,"Animation, Adventure, Family, Western",2021-05-20,30000000,17635215,637693
Leatherface: The Texas Chainsaw Massacre III,Horror,1990-01-12,2000000,55765562,25018
Drugstore Cowboy,"Drama, Crime",1989-10-20,2500000,4729352,476
Limelight,"Drama, Music, Romance",1952-10-23,900000,1000000,28971
Ken Park,Drama,2002-08-31,1300000,447741,7090
Mandibles,"Comedy, Fantasy",2020-09-16,4900000,2044087,638965
Pet Sematary II,Horror,1992-08-28,8000000,17092453,10906
Curious George,"Adventure, Animation, Comedy, Family",2006-02-10,50000000,69834815,9975
Stand by Me Doraemon,"Animation, Family, Science Fiction, Fantasy",2014-08-08,35000000,83061158,265712
Joe Versus the Volcano,"Comedy, Romance",1990-03-09,25000000,39404261,2565
The Assignment,"Action, Crime, Thriller",2016-06-08,5000000,388789,399173
My Stepmother Is an Alien,"Comedy, Science Fiction",1988-12-09,20000000,13854000,12120
"Tomorrow, When the War Began","Action, Adventure, Drama",2010-08-08,27000000,16504936,43930
Tin Cup,"Comedy, Romance",1996-08-16,45000000,53854588,10478
Our Brand Is Crisis,"Comedy, Drama",2015-09-11,28000000,7002261,10317
Hellraiser: Bloodline,"Horror, Science Fiction",1996-03-08,4000000,16675000,8766
And Now for Something Completely Different,Comedy,1971-09-28,100000,7000,9267
The Toxic Avenger,"Comedy, Horror, Science Fiction",1984-05-01,475000,800000,15239
The Bounty,"Action, Drama, History",1984-05-04,25000000,8613462,2669
Wait Until Dark,Thriller,1967-10-26,4000000,11000000,11206
"Lyle, Lyle, Crocodile","Comedy, Family, Music",2022-10-07,50000000,104088441,830784
Maurice,"Drama, Romance",1987-08-21,2600000,2438304,26371
Vicky and Her Mystery,"Adventure, Family, Drama",2021-12-15,6500000,4181043,754067
Dom Hemingway,"Comedy, Crime, Drama",2013-11-14,7000000,523511,192134
Flawless,"Crime, Drama, Thriller",2007-09-01,20000000,6819587,13195
El Dorado,Western,1966-12-17,4653000,6000000,6644
Howards End,"Drama, Romance",1992-03-13,8000000,26126837,8293
The Goddess of Fortune,Drama,2019-12-19,4000000,8277796,606952
New Jack City,"Thriller, Crime, Drama",1991-03-08,8500000,47624253,10952
Proud Mary,"Thriller, Action, Crime",2018-01-12,14000000,21753365,442064
The Oranges,"Comedy, Romance, Drama",2011-09-09,7000000,1941667,89008
Win a Date with Tad Hamilton!,"Comedy, Romance",2004-01-23,17000000,16980098,13476
Narc,"Crime, Drama, Thriller, Mystery",2002-01-14,6500000,12633747,11022
Jay and Silent Bob Reboot,Comedy,2019-10-15,10000000,1011305,440762
Force of Nature,"Action, Adventure, Crime, Thriller",2020-07-02,15000000,638221,619592
Life or Something Like It,"Comedy, Drama, Romance",2002-04-24,40000000,16872671,16643
Pulse,"Horror, Thriller",2006-08-11,38000000,29907685,9682
Into the Labyrinth,"Thriller, Mystery",2019-10-30,4000000,2514679,602545
Father Stu,Drama,2022-04-13,4000000,21591034,809140
9 Songs,"Drama, Music, Romance",2004-07-16,1000000,1574623,27
Justice League: The New Frontier,"Action, Adventure, Animation, Science Fiction, Family",2008-02-26,3500000,5231128,14011
We Are the Nobles,Comedy,2013-03-28,2000000,26433651,180147
The Quiet Man,"Romance, Comedy, Drama",1952-07-21,1750000,3800000,3109
Italiano medio,Comedy,2015-01-29,1816720,4541800,320316
Beauty Shop,"Comedy, Romance",2005-04-22,25000000,36351350,14177
The Contract,"Drama, Action, Thriller, Crime",2006-04-05,25000000,5549200,1441
The Crow: City of Angels,"Action, Fantasy, Thriller",1996-08-29,13000000,17917287,10546
The Assassin,"Action, Drama, History",2015-08-27,15000000,632542,253450
Boo 2! A Madea Halloween,"Horror, Comedy",2017-10-20,25000000,48333932,459202
JCVD,"Drama, Action, Comedy, Crime",2008-06-04,6000000,276891,13672
Red River,Western,1948-08-26,3000000,9012000,3089
Dylan Dog: Dead of Night,"Action, Comedy, Horror, Mystery, Science Fiction, Thriller",2011-03-16,20000000,4634062,43935
The Gauntlet,"Drama, Action, Crime, Thriller",1977-12-17,5500000,26414658,17689
Me Against You: Mr. S's Vendetta,"Family, Fantasy",2020-01-17,75000,9500000,640344
The Good Lie,Drama,2014-09-10,20000000,3396345,250538
(T)Raumschiff Surprise - Periode 1,"Comedy, Science Fiction",2004-07-14,9000000,76341401,9805
Thunderbolt and Lightfoot,"Crime, Comedy, Action",1974-05-23,4000000,25000000,8348
The Crucible,"Drama, History",1996-11-27,25000000,7343114,20539
Drumline,"Drama, Romance, Comedy, Music",2002-12-13,20000000,57588485,13497
Piggy,"Horror, Thriller, Drama",2022-10-07,2400000,380512,848058
Dead End,"Mystery, Horror, Thriller",2003-09-26,900000,77000000,11427
Diana,"Drama, Romance",2013-09-19,15000000,21766271,118289
Thumbelina,"Animation, Family, Fantasy, Romance, Music",1994-03-29,28000000,11373501,28032
The Prince,"Thriller, Action",2014-08-22,18000000,1289595,241254
Birdy,Drama,1984-12-14,12000000,1400000,11296
Nell,"Drama, Thriller",1994-12-23,31000000,106683817,1945
Miss Potter,"Drama, Family, Romance",2006-12-03,30000000,35078241,13967
Shortbus,"Romance, Drama, Comedy",2006-10-04,2000000,5179037,1378
"Elvira, Mistress of the Dark","Horror, Comedy",1988-09-30,7500000,5596267,5680
Mermaids,"Comedy, Drama, Romance",1990-12-14,31000000,35419397,4587
Shelter,"Drama, Romance",2007-06-16,500000,142666,17483
My Mom Is a Character 3,Comedy,2019-12-26,2000000,39273021,620683
Sid and Nancy,"Drama, Romance",1986-10-24,4000000,2826523,14924
The Transformers: The Movie,"Animation, Science Fiction, Action, Adventure, Family",1986-08-08,6000000,5849647,1857
Demonic,"Thriller, Horror",2015-02-12,3000000,3387000,234212
The Prophecy,"Horror, Fantasy, Thriller",1995-09-01,8000000,16115878,11980
Quest for Fire,"Adventure, Drama",1981-12-16,12000000,55260558,62204
Zulu,"Action, Drama, History, War",1964-01-22,1720000,8000000,14433
Mystic Pizza,"Comedy, Drama, Romance",1988-10-13,6000000,12793213,11191
Yellow Submarine,"Music, Animation, Adventure, Comedy, Fantasy",1968-07-17,250000,1273261,12105
An American Haunting,"Horror, Thriller, Mystery",2005-05-05,14000000,29612137,10008
Tequila Sunrise,"Crime, Romance, Thriller",1988-12-02,23000000,105900000,10396
Oscar,Comedy,1991-04-26,35000000,23562716,11890
Hardball,Drama,2001-09-14,32000000,40222729,20857
Truth,Drama,2015-10-16,9600000,5383097,300693
Annapolis,"Drama, Action",2006-01-27,26000000,17496992,13275
Rules Don't Apply,"Romance, Comedy, Drama",2016-11-23,25000000,3885342,291328
"Hello, My Name Is Doris","Comedy, Drama, Romance",2015-11-27,1000000,14659448,320588
The Woman in Red,"Comedy, Romance",1984-08-15,9000000,25308147,5968
...And Justice for All,Drama,1979-10-19,6000000,33300000,17443
In the Land of Women,"Romance, Comedy, Drama",2007-04-20,10000000,17500000,13067
Win Win,"Drama, Comedy",2011-03-18,10831173,10654385,55725
Chernobyl: Abyss,"Drama, History, Adventure, Action, Fantasy, Mystery",2021-04-15,9100000,6459306,589761
Leviathan,"Adventure, Horror, Action, Thriller, Science Fiction",1989-03-17,25000000,15704614,14372
The Art of War,"Crime, Action, Adventure",2000-08-25,40000000,30199105,11398
Green Card,"Comedy, Romance, Drama",1990-12-23,12500000,29888235,12157
Sleepover,"Family, Comedy",2004-07-09,10000000,10143022,9893
The Postman Always Rings Twice,"Crime, Romance, Drama, Thriller",1981-03-20,12000000,12376625,11027
Around the World in Eighty Days,"Adventure, Comedy, Family, Fantasy, Romance",1956-10-17,6000000,42000000,2897
Big Miracle,"Adventure, Drama, Romance",2012-02-02,40000000,24719215,78698
The Replacement Killers,"Action, Drama, Crime, Thriller, Mystery",1998-02-06,30000000,19204929,11702
The First Day of the Rest of Your Life,Drama,2008-07-23,5900000,13200000,12169
Highlander III: The Sorcerer,"Fantasy, Action",1994-11-29,26000000,36800000,8011
Standing Tall,Drama,2015-05-13,5000000,26144,329819
The Witch: Part 1. The Subversion,"Mystery, Science Fiction, Action, Adventure",2018-06-27,5500000,24340302,530254
Nine to Five,Comedy,1980-12-18,10000000,103300000,19494
The Son of Bigfoot,"Family, Animation, Comedy",2017-07-26,30000000,46372519,413644
The Beach Bum,Comedy,2019-03-21,5000000,4554065,441384
Godsend,"Drama, Horror, Science Fiction, Thriller",2004-04-30,25000000,30120671,11058
Night of the Creeps,"Horror, Comedy, Science Fiction",1986-08-21,5000000,591366,15762
Parental Guidance,Comedy,2012-12-25,25000000,119772232,88042
New in Town,"Comedy, Romance",2009-01-30,8000000,29010817,14536
Find Me Guilty,"Comedy, Crime, Drama",2006-03-16,13000000,2636637,9950
Pink Flamingos,"Comedy, Crime",1972-03-17,12000,6000000,692
The Adventures of Pluto Nash,"Action, Comedy, Science Fiction",2002-08-16,100000000,7103973,11692
The Crush,"Drama, Thriller",1993-04-02,6000000,13609396,33408
All My Life,"Romance, Drama",2020-10-23,25000000,2000000,632322
Goya's Ghosts,"Drama, History",2006-11-08,50000000,9448082,11515
Sorcerer,"Thriller, Adventure, Drama",1977-06-24,22000000,9000000,38985
Werewolves Within,"Horror, Comedy",2021-06-25,6500000,937490,800497
Streets of Fire,Action,1984-06-01,14500000,8089290,14746
Safety Last!,"Comedy, Romance, Thriller",1923-04-01,121000,1500000,22596
Stargate: The Ark of Truth,"Action, Adventure, Science Fiction, TV Movie",2008-03-11,7000000,8900000,13001
Blind Date,"Comedy, Romance",1987-03-27,18000000,39321715,918
Hoosiers,"Drama, Family",1986-11-14,9000000,28607524,5693
Walking with Dinosaurs,"Animation, Family, Adventure",2013-12-18,80000000,126546518,77951
Maximum Risk,"Action, Thriller",1996-09-13,25000000,51702483,10861
Outcast,Action,2014-09-26,25000000,5148503,289720
The Man Who Knew Too Little,"Comedy, Thriller, Crime, Action",1997-11-14,20000000,13801755,9414
Rollerball,"Action, Science Fiction, Thriller",2002-02-08,70000000,25852764,11535
White Girl,Drama,2016-09-02,700000,200242,336011
The Producers,Comedy,2005-12-25,45000000,38058335,9899
Albert Nobbs,Drama,2011-12-21,8000000,5634828,73873
Good Burger,"Family, Comedy",1997-07-25,8500000,23700000,14817
The Bonfire of the Vanities,"Comedy, Drama",1990-12-21,47000000,15691192,9586
Aquarius,Drama,2016-09-01,762241,285930,377273
54,"Drama, Music",1998-08-28,13000000,16757163,3682
The Insult,"Drama, Crime",2017-09-14,3000000,1001305,468284
Bandslam,"Comedy, Drama, Family, Music, Romance",2009-08-06,20000000,12225023,23367
S. Darko,"Thriller, Crime, Science Fiction, Mystery",2009-04-28,4000000,4100000,17532
The Bear,"Adventure, Drama, Family",1988-10-21,25000000,138241022,2383
I Am Not Your Negro,Documentary,2017-02-03,1000000,7123919,411019
Nothing But the Truth,"Drama, Thriller",2008-12-19,11500000,409832,14637
The Thomas Crown Affair,"Crime, Romance",1968-06-26,4300000,14000000,912
The Tailor of Panama,"Drama, Thriller",2001-03-30,21000000,28008462,2575
Evita,"History, Drama, Music",1996-12-14,55000000,141047179,8818
Urban Legends: Final Cut,"Horror, Mystery, Thriller",2000-09-22,14000000,38574362,12212
Bajrangi Bhaijaan,"Comedy, Drama, Action",2015-07-17,13000000,150000000,348892
Man of the House,"Comedy, Action",2005-02-25,40000000,21577624,13498
Infinity Pool,"Horror, Science Fiction, Thriller",2023-01-27,4500000,5078400,667216
Paris Is Burning,Documentary,1991-03-13,500000,3779620,31225
Andhadhun,"Crime, Thriller, Comedy",2018-10-05,4500000,40000000,534780
Cold Creek Manor,"Mystery, Thriller",2003-09-19,45000000,29119434,12767
Fly Away Home,"Action, Adventure, Drama, Family",1996-09-13,22000000,25143818,11076
The Serpent and the Rainbow,"Horror, Thriller",1988-02-05,7000000,19595031,11503
The Great Gatsby,"Drama, Romance",1974-03-27,6500000,26533200,11034
Tank Girl,"Action, Comedy, Science Fiction",1995-03-31,25000000,4064495,9067
Blood Ties,"Thriller, Crime, Drama",2013-08-22,25500000,2415472,190955
Play Misty for Me,"Drama, Thriller",1971-10-01,725000,10600000,15393
Jungle 2 Jungle,"Comedy, Family",1997-03-04,32000000,59927618,9446
Must Love Dogs,"Romance, Comedy",2005-07-21,30000000,58405313,11648
On Deadly Ground,Action,1994-02-18,50000000,49000000,9624
Saboteur,"Thriller, Mystery",1942-04-24,780000,1250000,31997
Smoke,"Comedy, Drama",1995-06-09,7000000,8349430,10149
Tales from the Crypt: Demon Knight,"Horror, Comedy, Thriller",1995-01-13,13000000,21089146,9059
Underdogs,"Animation, Adventure, Romance",2013-07-18,22000000,34061097,153158
Poltergeist III,"Horror, Thriller",1988-06-10,10500000,14144000,10306
Burke & Hare,"Comedy, Thriller, History, Horror",2010-10-29,10000000,4791599,50204
Police Story 3: Super Cop,"Action, Crime, Thriller",1992-07-04,900000,20483423,11134
And So It Goes,"Comedy, Drama, Romance",2014-07-17,18000000,25312387,253235
The Worst Week of My Life,Comedy,2011-10-27,11000000,12935800,77944
Prom,"Comedy, Romance",2011-04-29,8000000,10130000,51588
All That Jazz,Drama,1979-12-16,12000000,37823676,16858
Death Note: The Last Name,"Fantasy, Thriller, Mystery",2006-10-28,17000000,47919757,16140
Staying Alive,"Drama, Music",1983-07-11,22000000,64892670,10805
Dragnet,"Action, Comedy, Crime",1987-06-23,20000000,66673516,10023
War Room,"Drama, Romance",2015-08-28,3000000,67790117,323272
The Black Hole,"Adventure, Family, Science Fiction, Action",1979-12-18,20000000,35841901,9570
Battle Royale II: Requiem,"Action, Thriller",2003-07-05,9080000,14902587,3177
Rugrats in Paris: The Movie,"Family, Animation, Adventure, Comedy",2000-11-17,30000000,103291131,16340
Spice World,"Adventure, Fantasy, Drama, Comedy, Music",1997-12-18,25000000,100000000,6116
Tuck Everlasting,"Drama, Family, Fantasy, Romance",2002-10-11,15000000,19158074,13768
Antwone Fisher,"Drama, Romance",2002-12-19,12500000,23367586,13435
Twice Born,"Drama, Romance, War",2012-09-13,13000000,18295,121642
Missing in Action,"Action, Adventure, Thriller, War",1984-11-16,2550000,22812411,15379
Gigli,"Comedy, Crime, Drama, Romance",2003-08-01,75600000,7266209,8046
The Tax Collector,"Action, Crime, Drama",2020-08-07,30000000,942666,531499
The Mosquito Coast,"Drama, Adventure",1986-11-26,25000000,14302779,11120
My Life Without Me,"Drama, Romance",2003-03-07,2500000,12300000,20
The Scarlet Letter,"Drama, Romance, Western",1995-10-13,50000000,10382407,10533
Daddy Day Camp,"Family, Comedy",2007-08-08,6000000,18197398,14144
Embrace of the Serpent,"Drama, Adventure",2015-05-25,1400000,1320005,336808
Gallipoli,"War, History, Drama",1981-08-13,3000000,11740000,11646
Exit Wounds,"Action, Crime, Thriller",2001-03-16,50000000,79958599,10877
Lost Illusions,"Drama, Romance, History",2021-10-20,20800000,8600000,660000
White Heat,"Crime, Drama, Thriller",1949-09-02,1300000,3483000,15794
Stan Helsing,Comedy,2009-10-27,365000,1400000,23988
Air Bud,"Comedy, Family",1997-08-01,3000000,23144499,20737
Saved!,Comedy,2004-01-21,5000000,10100000,13193
Michael Collins,"War, Drama, Thriller, History",1996-10-25,25000000,16900000,1770
Mutant Chronicles,"Action, Adventure, Horror, Science Fiction",2008-08-07,8000000,2131057,13256
Death Race 2000,"Action, Comedy, Science Fiction",1975-04-30,300000,8000000,13282
Replicant,"Action, Science Fiction, Thriller",2001-05-11,17000000,894844,10596
Sweet Smell of Success,Drama,1957-07-04,3400000,2500000,976
3 Generations,"Comedy, Drama",2016-10-27,10000000,680351,300667
Barbershop,"Comedy, Drama",2002-04-01,12000000,77063924,10611
Transamerica,Drama,2005-12-23,1000000,13350369,546
Super Troopers 2,"Comedy, Crime, Mystery",2018-04-19,13500000,18850674,50022
Diary of a Wimpy Kid: The Long Haul,"Comedy, Family",2017-05-19,22000000,40120144,417830
Pulse,"Horror, Thriller, Mystery",2001-02-03,25000000,318451,27324
Showdown in Little Tokyo,Action,1991-08-23,8000000,2275557,13154
The Secret of Moonacre,"Adventure, Fantasy, Romance",2009-02-06,32000000,7162618,18032
The Personal History of David Copperfield,Comedy,2019-11-07,15600000,11620337,520900
Like Water for Chocolate,"Drama, Romance",1992-04-16,2000000,21744201,18183
Barbershop: The Next Cut,"Comedy, Drama",2016-04-15,20000000,55030051,326423
The Boogeyman,"Horror, Thriller, Mystery",2023-05-31,41900000,66978229,532408
The Matador,"Action, Comedy, Crime, Drama, Thriller",2005-05-12,10000000,17297244,9515
My Bloody Valentine,"Horror, Thriller, Mystery",1981-02-11,2200000,5672031,39874
I Can Only Imagine,"Music, Drama",2018-02-14,7000000,86026201,470878
Salyut-7,"Action, Drama, Adventure",2017-09-22,15000000,13767037,438740
Dragon Hunters,"Animation, Family",2008-03-19,12000000,12235843,10800
Kinsey,Drama,2004-09-04,11000000,17050017,11184
An Affair to Remember,"Drama, Romance",1957-07-11,2100000,3800000,8356
Space Chimps,"Animation, Family, Adventure, Comedy, Science Fiction",2008-06-25,37000000,64762724,11802
Traffik,"Horror, Thriller",2018-04-20,4000000,5132274,473149
The Greatest Game Ever Played,Drama,2005-09-30,25000000,15431177,15487
Blue Thunder,"Drama, Action, Thriller",1983-02-05,22000000,42313354,6341
Big Fish & Begonia,"Animation, Adventure, Fantasy",2016-07-08,4531653,84552250,271706
Riding in Cars with Boys,"Comedy, Drama, Romance",2001-10-19,48000000,35743308,11091
Tidal Wave,"Action, Drama, Thriller",2009-07-22,16000000,71641901,33196
The Promise,"History, Romance, Drama",2016-12-02,90000000,12448676,354859
On Golden Pond,"Drama, Romance",1981-12-01,15000000,119285432,11816
The Human Stain,"Drama, Romance",2003-10-29,30000000,24900000,10922
American Splendor,"Comedy, Drama",2003-08-15,2000000,6003587,2771
Brubaker,"Crime, Drama",1980-06-20,9000000,37121708,1623
Explorers,"Family, Science Fiction, Fantasy",1985-07-12,25000000,9873044,9872
The Entity,"Horror, Mystery, Thriller",1982-09-30,9000000,13277558,24740
Journey to the Center of the Earth,"Adventure, Fantasy, Family",1959-12-15,3440000,10000000,11571
White Snake,"Romance, Animation, Fantasy",2019-01-11,11936735,61631776,573699
Alan Partridge: Alpha Papa,Comedy,2013-07-24,4000000,9800000,177699
Pandora,"Thriller, Drama, Action",2016-12-07,13938145,30169000,429450
3 from Hell,"Drama, Horror, Crime",2019-09-16,3000000,2295825,489064
Street Fighter: The Legend of Chun-Li,"Action, Adventure, Science Fiction, Thriller",2009-02-27,50000000,12764201,15268
Metropolis,"Animation, Science Fiction",2001-05-26,15000000,4035192,9606
The Way We Were,"Drama, Romance",1973-10-17,5000000,50000000,10236
The Accidental Spy,"Action, Comedy, Thriller",2001-01-18,25697387,790144,11847
Nightbreed,"Horror, Fantasy, Action",1990-02-16,11000000,8862354,20481
Austenland,"Comedy, Romance",2013-08-15,4900000,2159041,156711
I.Q.,"Comedy, Drama, Romance",1994-12-24,25000000,26381221,11777
Summer of Sam,"Thriller, Drama, Crime",1999-07-02,22000000,19288130,10279
Minuscule: Valley of the Lost Ants,"Animation, Adventure, Family",2013-11-17,19700000,30000000,140870
Under Suspicion,"Thriller, Crime, Drama",2000-08-24,25000000,1308242,10562
Dying Young,"Drama, Romance",1991-06-20,18000000,82264675,9079
Tin Toy,"Animation, Family",1988-08-01,300000,123967,13927
Open Windows,"Thriller, Action, Crime",2014-07-04,4000000,100000,151368
Coriolanus,"Drama, Thriller",2011-02-14,7700000,1072602,101173
A Few Best Men,Comedy,2011-10-14,12468389,29007412,85435
Red Cliff II,"Action, Adventure, Drama, History, War",2009-01-07,80000000,121059225,15384
Son of Rambow,Comedy,2007-01-22,4913400,10871449,13258
UglyDolls,"Family, Animation, Music",2019-05-01,45000000,32450241,454458
Fido,"Horror, Comedy, Romance, Drama",2006-09-07,8000000,426224,10288
Wind Chill,"Drama, Horror, Thriller",2007-04-27,6000000,285000,14223
Kundun,"Drama, History",1997-12-25,28000000,5684789,9746
Maniac Cop,"Action, Crime, Horror, Mystery",1988-05-13,1100000,671382,14240
Broadway Danny Rose,Comedy,1984-01-27,8000000,10600497,12762
From Dusk Till Dawn 2: Texas Blood Money,"Crime, Action, Horror, Thriller",1999-03-16,5000000,6374,12095
The China Syndrome,"Drama, Thriller",1979-03-16,5900000,51718367,988
Pooh's Heffalump Movie,"Family, Animation, Comedy, Fantasy",2005-02-11,20000000,52900000,13682
Medieval,"Action, Drama, History",2022-09-08,23000000,4311284,551271
Leatherheads,"Comedy, Romance, Drama",2008-03-24,58000000,41299492,4942
The Conspirator,"Crime, Drama, History",2011-04-15,25000000,15478800,60309
Message from the King,Thriller,2017-05-10,10000000,315132,301355
Universal Soldier: Regeneration,"Adventure, Action, Science Fiction, Thriller",2009-10-01,14000000,875386,28510
Diaz - Don't Clean Up This Blood,"Drama, History",2012-04-13,6453637,1800000,96714
The Fury of a Patient Man,Thriller,2016-09-09,1200000,1813729,411638
Bright Star,"Drama, Romance",2009-11-05,10000000,14374652,29963
Georgia Rule,"Comedy, Drama, Romance",2007-05-10,20000000,25000167,13159
The Thin Man,"Comedy, Crime, Mystery",1934-05-25,226408,1423000,3529
Every Which Way but Loose,"Action, Comedy, Adventure, Romance, Drama",1978-12-16,5000000,85196485,15417
Bros,"Comedy, Romance",2022-09-30,22000000,14800000,614939
Mr. Woodcock,"Comedy, Romance",2007-09-14,22000000,33683200,13257
Sullivan's Travels,"Adventure, Comedy, Romance",1941-11-30,700000,1200000,16305
"New York, New York","Drama, Music, Romance",1977-06-21,14000000,16400000,12637
Man of the Year,"Comedy, Romance, Thriller",2006-10-09,20000000,42472472,9895
Colors,"Action, Crime, Drama",1988-04-15,6000000,46616067,10126
The Rookie,"Drama, Family",2002-03-25,20000000,75597042,14635
Taking Woodstock,"Music, Comedy, Drama",2009-08-26,30000000,9975737,26320
Below,"Thriller, Horror, Mystery",2002-08-11,40000000,2622015,12590
Pumpkinhead,"Fantasy, Horror",1988-06-09,3500000,4385516,26515
Bratz,"Comedy, Music, Family",2007-08-03,20000000,26000000,14123
Family Plot,"Comedy, Crime, Thriller",1976-04-09,2000000,7900000,5854
Capricorn One,"Drama, Action, Thriller, Science Fiction",1977-12-10,5000000,12000000,11935
The Last Full Measure,"Drama, Action, War",2020-01-23,20000000,3364426,442065
May God Save Us,"Thriller, Crime, Action",2016-10-28,4000000,1598584,394684
Brother,"Crime, Drama, Thriller",2000-12-13,12000000,15250000,327
Fame,"Drama, Music",1980-05-16,8500000,42000000,3537
Labor Pains,Comedy,2009-06-19,10000000,1895782,19794
The Visitor,"Crime, Drama, Music",2007-09-07,4000000,18197518,12473
Malice,Thriller,1993-09-29,20000000,46405336,2246
Vanishing Point,"Action, Drama",1971-01-15,1300000,72266306,11951
The Shiny Shrimps,Comedy,2019-05-08,3500000,4645750,532938
Happily N'Ever After,"Adventure, Animation, Comedy, Family, Fantasy",2007-01-05,47000000,38085778,5393
Barney's Version,"Comedy, Drama",2010-10-26,30000000,8454301,46829
The Unbearable Lightness of Being,"Drama, Romance",1988-02-05,17000000,10006806,10644
The Burning Plain,"Drama, Romance, Crime",2008-11-07,20000000,5642478,12165
Death Wish II,"Action, Crime, Drama",1982-02-20,2000000,45000000,14373
Fun Size,Comedy,2012-10-24,14000000,11417362,82679
Mask,Drama,1985-03-08,7500000,42400000,11177
Mavka: The Forest Song,"Animation, Adventure, Family, Fantasy",2023-03-02,5000000,16858557,459003
3 Ninjas,"Family, Action, Adventure, Comedy",1992-08-07,6500000,29000301,16314
Alice Doesn't Live Here Anymore,"Drama, Romance",1974-12-09,1800000,21000000,16153
Rang De Basanti,"Comedy, Drama, History",2006-01-26,2200000,11502151,7913
Fantastic Voyage,"Adventure, Science Fiction",1966-08-24,5115000,12000000,2161
Muriel's Wedding,"Comedy, Drama, Romance",1994-09-29,3000000,15119639,236
Ain't Them Bodies Saints,"Crime, Drama, Romance",2013-07-03,4000000,1031243,152748
Stomp the Yard,"Drama, Music",2007-05-16,13000000,75511123,1931
Out for Justice,"Action, Crime",1991-04-12,14000000,39673161,14362
The Bookshop,Drama,2017-11-10,5400000,12055868,444539
The Wraith,"Action, Science Fiction",1986-11-21,2700000,3500000,10017
Boo! A Madea Halloween,"Comedy, Horror",2016-10-21,20000000,74827344,380124
Paranormal Activity: Tokyo Night,"Horror, Thriller",2010-11-20,1350000,4160000,59429
What Just Happened,"Comedy, Drama",2008-10-17,25000000,6673422,8944
Confidence,"Action, Comedy, Thriller, Crime, Mystery",2003-04-25,15000000,23014206,10743
Return to Me,"Romance, Comedy",2000-04-07,24000000,36609995,2621
Subway,"Action, Thriller",1985-04-10,2000000,390659,10656
The Realm,"Thriller, Mystery, Drama",2018-09-28,4552700,1932261,517331
A Civil Action,Drama,1998-12-25,70000000,56709981,9422
She Said,"Drama, History",2022-11-17,32000000,10632378,837881
Mulan: Rise of a Warrior,"Adventure, Drama, Action",2009-11-26,12000000,13380561,32909
Kung Fu Jungle,"Action, Thriller, Crime",2014-10-31,25000000,129115,290864
Cadillac Records,"Drama, History, Music",2008-12-05,12000000,8880045,14299
Cure,"Crime, Thriller, Horror, Mystery",1997-12-27,20000,99000,36095
Universal Soldier: Day of Reckoning,"Action, Science Fiction, Thriller",2012-10-04,11500000,1402307,122857
Angel Eyes,"Drama, Romance, Thriller",2001-05-18,53000000,29700000,5852
How the West Was Won,Western,1962-11-02,15000000,50000000,11897
What Maisie Knew,Drama,2013-05-02,6000000,2711379,127373
Queen of Katwe,Drama,2016-09-23,15000000,10367161,317557
Zardoz,"Fantasy, Action, Thriller, Science Fiction",1974-02-06,1570000,1800000,4923
Captivity,"Crime, Horror, Thriller",2007-03-09,17000000,10921200,14125
Housesitter,"Comedy, Romance",1992-06-12,26,94,10407
Love & Basketball,"Comedy, Drama, Romance",2000-04-21,20000000,27728118,14736
Strays,"Comedy, Adventure",2023-08-17,46000000,32000000,912908
Back to School,Comedy,1986-06-13,11000000,91258000,15596
Lifeboat,"War, Drama",1944-01-28,1590000,1000000,13321
The French Kissers,Comedy,2009-06-10,3500000,14751272,18896
Stir Crazy,Comedy,1980-12-12,10000000,101300000,21629
The Sacrament,"Horror, Thriller",2013-09-02,4000000,9221,211067
The Mother of Tears,Horror,2007-09-06,3500000,3119957,15206
Welcome to the Dollhouse,"Comedy, Drama",1996-05-24,800000,5034794,11446
La Abuela (The Grandmother),"Drama, Horror",2022-01-28,3749231,1817696,661791
Soul Plane,"Romance, Comedy",2004-05-28,16000000,14822346,12657
Desperately Seeking Susan,"Drama, Comedy, Crime",1985-03-29,5000000,27400000,8130
StreetDance 3D,"Music, Romance, Drama",2010-05-19,5773100,18144030,41592
The Beat That My Heart Skipped,"Music, Drama, Crime",2005-03-16,6400000,9293785,1553
Orgazmo,Comedy,1998-07-02,1000000,602302,8675
The Odyssey,"Adventure, Drama",2016-10-12,20000000,9722918,332794
Speak No Evil,"Drama, Horror, Thriller",2022-03-17,3000000,623462,833339
Now and Then,"Comedy, Drama, Romance",1995-10-20,12000000,27400000,9263
Mystery Train,Comedy,1989-09-06,2800000,1544973,11305
Saving Grace,"Crime, Comedy",2000-01-24,10000000,26330482,2360
Hope Floats,"Romance, Drama, Comedy",1998-05-29,30000000,81471882,9715
Stitches,Horror,2012-10-05,100000,95000,115210
The Way of the Gun,"Action, Crime, Drama, Thriller",2000-09-08,8500000,19125401,1619
The Last Circus,"Adventure, Comedy, Drama, Horror, Thriller",2010-12-17,7000000,3604598,56812
Middle School: The Worst Years of My Life,"Family, Comedy",2016-10-07,8500000,23316139,369883
Angels in the Outfield,"Comedy, Family, Fantasy",1994-07-15,31000000,50236831,24795
Laws of Attraction,"Comedy, Romance",2004-04-04,28000000,30031874,11141
The Apparition,"Horror, Thriller",2012-08-23,17000000,9627492,79694
Leaves of Grass,"Comedy, Crime, Thriller",2009-09-13,9000000,1034214,12834
Don't Tell Mom the Babysitter's Dead,"Comedy, Family",1991-06-07,10000000,25196249,15413
Impostor,"Action, Science Fiction, Thriller",2001-12-03,40000000,8694320,4965
Domestic Disturbance,"Thriller, Crime, Mystery",2001-10-28,75000000,54249294,11456
Real Genius,"Comedy, Romance, Science Fiction",1985-08-07,8000000,12952019,14370
Mother's Day,"Thriller, Crime, Horror",2010-09-23,11000000,863044,101669
Downton Abbey: A New Era,"Drama, Romance",2022-04-27,40000000,88000000,820446
In the Cut,"Drama, Mystery, Thriller",2003-10-22,12000000,23726793,10944
The Messenger,"Drama, Romance",2009-11-13,6500000,1595417,28089
The Eye,Horror,2002-05-09,10706075,1766761,10389
Iron Mask,"Action, Adventure, Family, Fantasy",2019-08-16,49000000,8685794,428045
The Clan,"Drama, History, Crime",2015-08-13,3500000,20381995,352161
Passion,"Thriller, Drama, Crime, Mystery",2012-09-07,20000000,713616,109099
Holy Man,"Drama, Comedy",1998-10-08,60000000,12069719,9713
I Could Never Be Your Woman,"Comedy, Drama, Romance",2007-05-11,24000000,9576495,15019
Hairspray,"Comedy, Drama, Romance",1988-02-26,2000000,6671108,11054
Evil Under the Sun,"Thriller, Crime, Mystery, Drama",1982-03-05,10000000,6110804,4193
Victor/Victoria,"Comedy, Music, Romance",1982-04-25,15000000,28215453,12614
Arthur,"Comedy, Drama, Romance",1981-07-17,7000000,95461682,13665
Shattered Glass,"Drama, History",2003-11-14,6000000,2944752,13537
Oliver!,"Drama, Family, Music",1968-09-26,10000000,37402877,17917
Spanish Affair 2,"Comedy, Romance",2015-11-20,4500000,38482411,348537
Their Finest,"Romance, War, Drama",2017-02-19,11795877,3603484,340101
The Seeker: The Dark Is Rising,"Adventure, Drama, Fantasy, Family, Thriller",2007-10-05,45000000,31852619,2274
In a Better World,Drama,2010-08-26,15000000,13004198,44716
The Perfect Host,"Comedy, Thriller, Crime",2010-07-01,500000,453708,66195
For Love of the Game,"Drama, Romance",1999-09-17,50000000,46112640,10390
Unknown,"Thriller, Mystery, Adventure, Crime",2006-11-03,3700000,3419456,9828
Shocker,"Horror, Thriller",1989-03-23,5000000,16554699,12521
Justin Bieber: Never Say Never,"Music, Documentary, Family",2011-02-11,13000000,98441954,54518
Facing the Giants,Drama,2006-09-29,100000,10178331,18925
God's Not Dead 2,Drama,2016-04-01,5000000,23507567,347126
One Missed Call,"Horror, Mystery",2003-11-03,1700000,16200000,9694
Setup,"Action, Crime, Drama, Thriller",2011-10-17,20000000,2128186,70586
American Ninja,Action,1985-08-30,1000000,10499694,12500
The Limey,"Crime, Drama, Mystery",1999-05-15,10000000,3204663,10388
Maniac,Horror,1980-11-14,350000,10000000,27346
Village of the Damned,"Horror, Science Fiction",1960-06-16,200000,2175000,11773
A Man for All Seasons,"Drama, History",1966-12-13,3900000,28350000,874
Stolen Kisses,"Comedy, Drama, Romance",1968-09-04,350000,1500000,255
Mummies,"Animation, Comedy, Family, Adventure, Fantasy",2023-01-05,12300000,34200000,816904
Prom Night,"Horror, Mystery, Thriller",1980-07-18,1500000,14796236,36599
The Nut Job 2: Nutty by Nature,"Animation, Family, Adventure, Comedy",2017-08-11,40000000,65146020,335777
My Life in Ruins,"Comedy, Romance",2009-06-05,17000000,20455276,23049
College Road Trip,"Comedy, Family, Action, Adventure",2008-03-07,25000000,51549674,13493
French Connection II,"Action, Crime, Drama, Thriller",1975-05-18,4300000,12484444,10711
No Escape,"Action, Drama, Science Fiction, Thriller",1994-04-29,20000000,15340000,10447
Gabriel,"Fantasy, Horror, Action, Science Fiction",2007-11-15,200000,1395610,9997
Restless,"Drama, Romance",2011-09-16,8000000,2518012,47760
The Big Hit,"Action, Adventure, Comedy, Thriller",1998-04-24,13000000,27007143,9448
So I Married an Axe Murderer,"Comedy, Crime, Romance",1993-07-30,20000000,11585483,10442
Ring 2,"Horror, Mystery, Science Fiction",1999-01-23,6000000,31365000,9669
Help! I'm a Fish,"Adventure, Animation, Comedy, Family",2000-10-06,18000000,5595327,12609
The Red Violin,"Drama, Thriller, Mystery, Music, Romance",1998-09-10,18000000,9495408,14283
Critters 2,"Comedy, Horror, Science Fiction",1988-04-29,4500000,3813293,10127
Stardust Memories,"Comedy, Drama, Romance",1980-09-26,10000000,10389003,11337
Down to Earth,"Fantasy, Comedy, Science Fiction, Romance",2001-02-16,30000000,71186502,16300
My Brother Is an Only Child,"Comedy, Drama, History",2007-03-28,5000000,6463286,9789
Little Buddha,"Drama, History",1993-12-01,35000000,4858139,1689
Mr. Holland's Opus,"Drama, Music, Family",1995-12-29,31000000,106269971,2054
Highlander: Endgame,"Action, Fantasy",2000-09-01,25000000,15843608,12211
The Deep End of the Ocean,"Drama, Mystery",1999-03-12,38000000,28121100,30943
Klute,"Thriller, Mystery, Crime",1971-06-23,2500000,12512637,466
F/X,"Action, Thriller",1986-02-07,10000000,20603715,9873
My Darling Clementine,"Western, Romance, Drama",1946-10-17,2000000,2750000,3088
Nighthawks,"Action, Crime, Thriller",1981-03-17,5000000,19905359,21610
"Tad, the Lost Explorer, and the Secret of King Midas","Animation, Adventure, Comedy, Family",2017-03-25,10778400,34156960,452773
The Cat o' Nine Tails,"Horror, Mystery, Thriller",1971-02-12,1000000,1204739,27431
The Wolf and the Lion,"Family, Adventure",2021-10-13,11900000,15300000,780382
King Solomon's Mines,"Action, Adventure, Comedy",1985-11-22,12500000,15057465,9838
Steamboy,"Animation, Fantasy, Science Fiction",2004-07-17,26000000,18900000,8953
Silent House,"Horror, Mystery",2011-01-21,2000000,13101672,92182
The Little Vampire,"Family, Adventure, Comedy, Fantasy",2000-10-27,35000000,27965865,24100
The Hard Way,"Action, Comedy, Crime",1991-03-08,24000000,65595485,11384
Detroit Rock City,"Comedy, Music",1999-08-13,6500000,4217115,9781
The Nun II,"Horror, Mystery, Thriller",2023-09-06,38500000,231200000,968051
I Don't Know How She Does It,"Romance, Comedy",2011-09-16,24000000,31410151,70868
Midnight in the Switchgrass,"Crime, Mystery, Thriller, Action",2021-07-23,15000000,229811,693113
When the Bough Breaks,"Mystery, Thriller, Drama, Horror",2016-09-09,10000000,30658387,335791
Freddy Got Fingered,Comedy,2001-04-18,14000000,14343028,13166
Boys and Girls,"Comedy, Drama, Romance",2000-06-16,16000000,20627372,10571
Funny Girl,"Comedy, Drama, Romance",1968-09-19,14000000,52223306,16085
Project Gemini,"Science Fiction, Horror",2022-01-06,6000000,211674,575322
Body Snatchers,"Horror, Science Fiction, Thriller",1993-06-09,13000000,428868,4722
La Cage aux Folles,Comedy,1978-10-25,1100000,20424259,4484
The Vault,"Horror, Thriller",2017-09-01,5000000,5728,416160
Ne Zha,"Animation, Fantasy, Adventure",2019-07-26,20000000,742500000,615453
Harley Davidson and the Marlboro Man,"Action, Thriller",1991-08-23,23000000,7434726,2453
Jem and the Holograms,"Fantasy, Music, Family",2015-10-22,5000000,2333684,266639
Dragon Wars: D-War,"Fantasy, Drama, Horror, Action, Thriller, Science Fiction",2007-08-01,32000000,75108998,10253
Friday After Next,Comedy,2002-11-22,20000000,33526835,10426
Tini: The New Life of Violetta,"Comedy, Drama, Music",2016-05-04,19201483,17000172,360365
Quo Vadis,"Drama, History, Romance",1951-11-08,7623000,21037000,11620
Certified Copy,"Drama, Romance",2010-05-18,7000000,7736632,48303
The Cotton Club,"Crime, Drama",1984-12-14,58000000,25928721,2148
Death Wish 3,"Action, Crime, Drama",1985-11-01,9000000,16116878,24873
Infernal Affairs II,"Action, Thriller, Crime",2003-10-01,125000,3208262,11647
Loft,"Drama, Mystery, Romance",2008-10-21,4185000,9168516,17845
Juice,"Crime, Drama, Thriller",1992-01-17,5000000,20146880,16136
Zabriskie Point,Drama,1970-03-26,7000000,1000000,2998
Bounce,"Drama, Romance",2000-11-15,35000000,36779296,10862
Pat Garrett & Billy the Kid,Western,1973-05-23,4638783,11000000,11577
The Wandering Earth II,"Science Fiction, Action, Drama",2023-01-22,73801827,604380922,842675
Detective Dee and the Mystery of the Phantom Flame,"Action, Adventure, Drama, Mystery",2010-09-18,13000000,51723285,48492
Irma la Douce,"Comedy, Romance",1963-06-05,5000000,25200000,2690
Acrimony,Thriller,2018-03-30,20000000,34764055,464502
Wolf Totem,"Adventure, Drama",2015-02-19,38000000,123205624,309302
Would I Lie to You? 2,Comedy,2001-02-07,12560000,42700000,31359
Year of the Dragon,"Action, Crime, Thriller",1985-08-16,24000000,18707466,11018
A Sound of Thunder,"Thriller, Science Fiction, Adventure, Action",2005-05-15,80000000,11665465,10077
Choke,"Comedy, Drama",2008-09-26,3000000,3982459,13973
Orca,"Adventure, Horror, Thriller",1977-07-22,17500000,14717854,12707
Someone Like You...,"Comedy, Romance",2001-03-30,23000000,38689940,12658
Stakeout,"Action, Comedy, Romance",1987-08-05,14500000,65700000,10859
Broadcast News,"Comedy, Romance",1987-12-16,20000000,67330500,12626
Magic Mike's Last Dance,"Comedy, Drama, Romance",2023-02-09,45000000,52000000,906221
House of the Dead,"Horror, Action, Thriller",2003-04-11,12000000,13818181,11059
The Beastmaster,"Fantasy, Adventure, Action",1982-08-16,8000000,14056528,16441
The Rage: Carrie 2,"Horror, Thriller, Science Fiction",1999-03-11,21000000,17762705,7341
The Hidden,"Horror, Science Fiction, Thriller",1987-10-30,5000000,9747988,12476
The Mermaid,"Comedy, Fantasy, Romance",2016-02-08,60720000,553810228,381890
The Sweet Hereafter,Drama,1997-09-25,5000000,7951247,10217
Ruthless People,Comedy,1986-06-26,11000000,71600000,12151
Pushing Tin,"Comedy, Drama",1999-04-23,33000000,8408835,12596
Picture Perfect,"Romance, Comedy",1997-08-01,19000000,44332015,9413
The Other Woman,Drama,2010-10-28,30000000,1451343,52505
Drop Zone,"Action, Thriller",1994-12-08,45000000,28735315,4954
Muppet Treasure Island,"Action, Comedy, Music, Family, Adventure, Romance",1996-02-16,31000000,34327391,10874
The Dark Half,"Mystery, Horror",1993-04-23,15000000,10611160,10349
Infinitely Polar Bear,"Drama, Comedy",2014-01-18,6700000,1430655,244539
Darkness,Horror,2002-10-11,10600000,33988736,11056
Legends of Oz: Dorothy's Return,"Animation, Family, Fantasy",2014-05-08,70000000,18662027,59981
My Little Pony: The Movie,"Family, Animation, Adventure, Fantasy",2017-10-05,6000000,61294644,335360
Death to Smoochy,"Comedy, Crime, Drama, Thriller",2002-03-29,55000000,8382938,9275
Calendar Girls,"Drama, Comedy",2003-09-02,10000000,96542059,8696
Heaven Can Wait,"Fantasy, Comedy, Romance",1978-06-28,15000000,98800000,12185
Whale Rider,"Drama, Family",2003-01-30,8000000,41400000,1088
Life of Crime,"Comedy, Crime",2013-09-14,12000000,265452,209189
How Green Was My Valley,Drama,1941-10-28,1250000,6000000,43266
Blackway,"Thriller, Mystery",2015-10-03,8000000,16458,359790
Love in the Time of Cholera,"Drama, Romance",2007-10-04,45000000,4607608,6639
Mildred Pierce,"Crime, Drama",1945-10-20,1453000,5638000,3309
Moby Dick,"Adventure, Drama",1956-06-27,4500000,10400000,10339
Monos,"Drama, Adventure",2019-08-15,1800000,1929915,417466
The Boys from Brazil,"Drama, Mystery, Science Fiction",1978-10-05,12000000,19000000,16241
Beyond the Lights,"Romance, Drama",2014-11-14,7000000,14618727,241771
To Steal from a Thief,"Crime, Thriller",2016-03-03,6700000,9074836,351809
Ghajini,"Action, Romance, Thriller",2008-12-25,9100000,76000000,14070
Mr. Magoo,"Comedy, Family",1997-12-25,30000000,75000000,9438
Maria Full of Grace,"Drama, Thriller, Crime",2004-01-18,3000000,12450821,436
Grumpier Old Men,"Romance, Comedy",1995-12-22,25000000,71500000,15602
Nashville,"Drama, Music, Comedy",1975-06-11,2200000,9991258,3121
Another Year,"Drama, Comedy",2010-11-05,8000000,18124262,44009
The Glimmer Man,"Action, Crime",1996-10-04,45000000,20350000,9625
The Brand New Adventures of Aladin,Comedy,2018-10-03,18900000,25498160,459616
French Women,Comedy,2014-06-04,5000000,12058187,273169
The Wolf of Snow Hollow,"Horror, Thriller",2020-10-23,2000000,239828,652004
My Way,"Drama, Action, History, War",2011-12-21,25500000,16653488,94047
The King and I,"Drama, Romance, Adventure, Music",1956-06-29,4550000,21300000,16520
Cross of Iron,"Drama, Action, History, War",1977-01-29,6000000,201,10839
Don't Stop Me Now,Comedy,2019-04-18,8000000,5000000,592336
Mara,"Crime, Horror, Thriller",2018-08-22,5000000,661769,514277
Jakob the Liar,"Comedy, Drama, History",1999-09-16,45000000,4956701,2290
Bugsy,"Crime, Drama, Mystery",1991-12-10,30000000,49114016,10337
Fame,"Music, Comedy, Drama, Romance",2009-09-23,18000000,77211836,28665
Warlock,"Horror, Fantasy, Action",1989-06-01,7000000,9094451,11342
Internal Affairs,"Crime, Drama",1990-01-12,15000000,27734391,11060
The Bronze,"Drama, Comedy",2016-01-22,3500000,615816,308453
Kuch Kuch Hota Hai,"Romance, Drama",1998-10-16,153000,15306000,11854
You Can't Take It with You,"Comedy, Romance",1938-09-01,1644736,7433101,34106
The House by the Cemetery,Horror,1981-08-14,786801,1845819,28794
The Death and Life of Bobby Z,"Drama, Action, Thriller, Crime",2007-07-23,22000000,413454,10425
Columbus,Drama,2017-08-04,700000,1015744,414453
Twin Dragons,"Comedy, Action",1992-01-15,10000000,8332431,18764
I Know Who Killed Me,"Thriller, Horror, Mystery",2007-07-27,12000000,9620399,5857
The Shipping News,"Drama, Romance",2001-12-18,38000000,24690441,6440
Drive Me Crazy,"Romance, Comedy, Drama",1999-10-01,8000000,22593409,14429
The Barbarian Invasions,"Comedy, Drama",2003-09-24,8000000,3432342,11042
Topaz,"Drama, Thriller",1969-12-17,4000000,6000000,2370
Dead Men Don't Wear Plaid,"Comedy, Mystery",1982-05-21,9000000,18196170,9442
Private Benjamin,Comedy,1980-10-06,15000000,69800000,10765
Airport,"Action, Drama, Thriller",1970-05-29,10000000,100489151,10671
Holy Camp!,"Comedy, Romance",2017-09-29,3144622,2963886,426338
Heavyweights,"Family, Comedy, Drama",1995-02-17,10000000,17689177,14819
Ninotchka,"Comedy, Romance",1939-11-23,1365000,2279000,1859
Quartet,"Drama, Comedy, Romance",2012-09-08,11000000,59520298,121826
Bodyguards and Assassins,"Drama, Action, History",2009-12-18,23000000,6604537,30596
Brokedown Palace,Drama,1999-08-13,25000000,10115013,17707
Hustle & Flow,"Crime, Drama, Music",2005-07-22,8000000,23563727,10476
Things to Do in Denver When You're Dead,"Drama, Crime",1995-12-01,8000000,529766,400
Days of Glory,"Drama, History, War",2006-09-27,14500000,22963701,2016
She-Devil,Comedy,1989-12-08,20000000,15400000,11157
Devil in a Blue Dress,"Thriller, Crime, Drama, Mystery",1995-09-15,27000000,16140822,8512
Vampire's Kiss,"Comedy, Horror",1988-09-17,2000000,725131,7091
Sommersby,"Drama, Thriller, Mystery, Romance",1993-02-05,30000000,140081992,1049
A Place in the Sun,"Drama, Romance, Crime",1951-06-12,2300000,7000000,25673
Undercover Brother,"Action, Comedy",2002-05-31,25000000,41604473,12277
Bordello of Blood,"Horror, Comedy",1996-08-16,15000000,5600000,9431
Niagara,Thriller,1953-01-26,1250000,8500000,19997
Club Dread,"Comedy, Horror",2004-02-27,8500000,5001655,11217
The Juror,Thriller,1996-02-02,44000000,22754725,9623
On Chesil Beach,"Drama, Romance",2018-01-19,745971,3335913,391714
The Adventures of Rocky & Bullwinkle,"Family, Adventure, Animation, Comedy, Fantasy",2000-06-30,76000000,35134820,17711
Tales from the Darkside: The Movie,"Thriller, Comedy, Fantasy, Horror",1990-05-03,3500000,16324573,20701
Supernova,"Science Fiction, Horror, Thriller",2000-01-14,90000000,14828081,10384
Psycho III,"Horror, Thriller, Mystery",1986-04-02,8400000,14481606,12662
Grandma,"Comedy, Drama",2015-06-04,600000,7205073,309304
Kiss Me Deadly,"Mystery, Thriller, Crime",1955-04-28,410000,726000,18030
Almost Christmas,"Comedy, Drama",2016-11-11,17000000,42487325,340402
The Muppets Take Manhattan,"Romance, Comedy, Family",1984-06-27,8000000,25500000,11899
Marty,"Drama, Romance",1955-04-11,343000,3000000,15919
Hatchet II,"Horror, Comedy, Thriller",2010-08-26,2500000,156190,43919
Earth Girls Are Easy,"Comedy, Science Fiction",1988-09-08,10000000,3916303,2210
Baby Boom,"Comedy, Drama, Romance",1987-10-07,15000000,26712476,11215
Miss March,"Comedy, Romance",2009-03-13,6000000,4591629,19556
Point Blank,"Crime, Thriller",1967-08-30,2500000,3200000,26039
Rise,"Comedy, Drama",2022-03-30,7780000,11196824,771077
The Sugarland Express,"Crime, Drama",1974-04-05,3000000,12800000,5121
Iron Sky: The Coming Race,"Action, Comedy, Fantasy, Science Fiction, Adventure",2019-01-25,21000000,400900,302349
A Woman Is a Woman,"Comedy, Drama, Romance",1961-09-06,160000,100655,31522
Baby Geniuses,"Science Fiction, Comedy, Family",1999-03-12,12000000,36450736,22345
Random Hearts,"Drama, Romance",1999-10-08,64000000,74608570,12618
FearDotCom,"Horror, Thriller, Crime",2002-08-09,40000000,18902015,9544
SuperFly,"Action, Crime",2018-06-13,16000000,20545116,500475
Sisters,"Thriller, Horror, Mystery",1972-11-18,500000,1000000,22307
Mad Dog and Glory,"Comedy, Crime, Romance, Drama",1993-03-05,19000000,11081586,10433
Miracle at St. Anna,"Drama, War",2008-09-15,45000000,9323833,12412
I Am Dragon,"Fantasy, Romance",2015-12-03,18000000,10495305,370964
"One, Two, Three",Comedy,1961-12-15,3000000,4000000,430
Drop Dead Gorgeous,Comedy,1999-07-23,10000000,10571408,10490
Kung Fu Yoga,"Comedy, Mystery, Family, Action, Adventure",2017-01-27,65000000,254212245,383785
Of Gods and Men,"Drama, History",2010-09-08,4000000,41424067,46332
Medicine Man,"Adventure, Drama",1992-02-07,40000000,45500797,9096
The Secret,Documentary,2006-03-26,3500000,65600000,26594
Spartan,"Mystery, Action, Drama, Thriller, Crime",2004-03-12,19250000,8112712,11169
Dolphin Tale 2,"Family, Drama",2014-09-11,36000000,52424533,227735
Henry V,"War, Drama, History",1989-10-05,9000000,10176701,10705
Purple Rain,"Drama, Music, Romance",1984-07-27,7200000,68392977,13763
"What's Up, Doc?","Comedy, Romance",1972-03-09,4000000,66000000,6949
The Misfits,"Western, Drama, Romance",1961-02-01,4000000,8200000,11536
A Midsummer Night's Dream,"Fantasy, Comedy, Romance",1999-05-14,11000000,16071990,10210
Mean Creek,"Crime, Drama",2004-01-15,500000,603943,12281
Three… Extremes,Horror,2004-08-20,77532,516930,33908
The Lazarus Project,"Drama, Thriller",2008-10-24,9750000,558000,13825
Shadow,"Action, Drama",2018-09-30,44005000,91708374,463319
Ballistic: Ecks vs. Sever,"Action, Adventure, Thriller",2002-09-20,70000000,19924033,10550
Parkland,"History, Drama",2013-10-02,10000000,1412181,209262
Bio-Dome,Comedy,1996-01-12,8500000,13400000,9536
Hey Arnold! The Movie,"Animation, Comedy, Family",2002-06-28,3000000,15249308,17710
The Fox and the Child,"Adventure, Family",2007-12-27,13000000,29610210,5139
City Island,"Drama, Comedy",2009-03-06,6000000,7875862,28053
Black or White,Drama,2014-09-06,9000000,21571189,253331
Tucker: The Man and His Dream,Drama,1988-08-12,23000000,19652638,28176
The Bride,"Mystery, Horror, Thriller",2017-01-19,1500000,6945256,422715
Flesh + Blood,"Adventure, Drama",1985-08-30,6500000,100000,12775
Drop Dead Fred,"Comedy, Fantasy, Family",1991-04-19,6788000,13878334,10379
Thank You for Your Service,"Drama, War",2017-10-26,20000000,9438370,347629
Little Black Book,"Comedy, Romance, Drama",2004-08-06,35000000,22035509,14846
Crossing Over,"Crime, Drama",2009-02-10,25000000,1037335,15577
Red Rocket,Drama,2021-12-10,1100000,2200000,763329
Earth,Documentary,2007-10-10,15000000,109000000,10946
Pietà,Drama,2012-09-05,103000,6616296,123377
New York Stories,"Comedy, Drama",1989-03-10,15000000,10763469,9686
Bad Day at Black Rock,"Thriller, Drama, Mystery, Western",1955-01-13,1271000,3788000,14554
Shaolin,"Action, Drama",2011-01-20,29000000,33662874,55292
Men at Work,"Comedy, Crime",1990-08-24,9000000,16247964,10169
Revolt,"Science Fiction, Action",2017-07-01,4000000,24416,313943
The Gate,"Horror, Fantasy",1987-04-21,2500000,13539458,6917
Final Cut,"Horror, Comedy",2022-05-18,4300000,2046233,852438
Armageddon Time,Drama,2022-10-28,15000000,6100000,615952
Godard Mon Amour,"Drama, Romance, Comedy",2017-06-24,12840746,82264,416186
Rampart,"Crime, Drama",2011-11-23,12000000,972512,75622
Animal Kingdom: Let's Go Ape,"Adventure, Comedy, Animation",2015-04-08,37580800,16294916,280391
Amusement,"Horror, Mystery",2008-10-09,6000000,170255,13803
Gangs of Wasseypur - Part 1,"Action, Thriller, Crime",2012-06-22,1400000,4100000,117691
Night of the Comet,"Comedy, Horror, Science Fiction",1984-11-16,3000000,14418922,18462
The House of Magic,"Family, Fantasy, Animation, Adventure",2013-12-24,34000000,64197205,202575
The Order,"Drama, Fantasy, Horror, Mystery, Romance, Thriller",2003-09-05,35000000,11560806,9616
My Dinner with Andre,"Comedy, Drama",1981-10-11,475000,5250000,25468
Meet Me in St. Louis,"Comedy, Drama, Romance, Family",1944-11-28,1707561,7566000,909
"Hello, Dolly!","Comedy, Romance, Music",1969-12-12,24000000,33208099,14030
The Last Five Years,"Comedy, Drama, Music, Romance",2014-11-03,3500000,292092,206296
Piglet's Big Movie,"Animation, Family",2003-03-16,46000000,62870546,13691
The Front Runner,"Drama, History",2018-11-06,25000000,3242235,476764
Whitney Houston: I Wanna Dance with Somebody,"Music, History, Drama",2022-12-20,50000000,41000000,696157
In Cold Blood,"Crime, Drama",1967-12-15,3500000,13007551,18900
Don't Let Go,"Science Fiction, Thriller, Mystery, Crime",2019-08-30,5000000,5300000,539651
The Beautician and the Beast,"Comedy, Romance",1997-02-07,16000000,11486880,17894
Scarlet Street,"Drama, Crime",1945-12-25,1202000,2948500,17058
Biker Boyz,"Action, Drama",2003-01-31,24000000,23510601,12253
Blood: The Last Vampire,"Action, Adventure, Horror, Science Fiction, Thriller",2009-04-02,30000000,5874530,1450
Vera Drake,Drama,2004-10-22,11000000,13300000,11109
Jumpin' Jack Flash,"Romance, Comedy, Thriller",1986-04-23,18000000,29844101,10945
Gods and Monsters,Drama,1998-01-21,10000000,6451628,3033
Fire Down Below,"Action, Thriller",1997-09-05,60000000,16228448,14289
Capone,"Crime, Drama",2020-06-26,20600000,858281,429422
Half Past Dead,"Crime, Action, Thriller",2002-11-15,25000000,19233280,10167
Appleseed,"Animation, Action, Science Fiction",2004-04-17,10000000,1461989,11633
"Silent Night, Deadly Night","Thriller, Horror",1984-11-09,1065000,2491460,27414
Pacific Heights,Thriller,1990-09-28,18000000,55000000,2990
Shadows and Fog,"Comedy, Mystery, Crime",1991-12-05,14000000,2735731,19200
Quick Change,"Comedy, Crime",1990-07-13,15000000,15260154,10729
Lonely Hearts,"Drama, Thriller, Crime, Romance",2006-04-30,18000000,2520000,1252
Sgt. Bilko,Comedy,1996-03-29,39000000,37956793,9099
The Humanity Bureau,"Action, Science Fiction, Adventure",2017-07-11,6000000,17544173,456048
The Big Kahuna,"Comedy, Drama",1999-11-17,7000000,3728888,15723
Red Corner,"Crime, Drama, Thriller",1997-10-30,48000000,22420000,9407
The Fury,"Horror, Science Fiction, Thriller",1978-03-10,5500000,24000000,12611
White Squall,"Drama, Adventure",1996-02-02,38000000,10300000,10534
Convoy,"Action, Comedy",1978-06-27,12000000,45000000,9584
The Nile Hilton Incident,"Thriller, Drama, Crime",2017-06-19,4250000,81089,428495
Action Point,Comedy,2018-06-01,19000000,5059608,454283
School for Scoundrels,"Comedy, Drama, Romance",2006-09-29,20000000,17807569,9842
Nixon,"Drama, History",1995-12-22,44000000,13681765,10858
Disturbing Behavior,"Mystery, Horror, Science Fiction",1998-07-24,15000000,17514980,9424
When the Game Stands Tall,Drama,2014-08-22,15000000,30127963,232679
Dominion: Prequel to The Exorcist,Horror,2005-05-20,30000000,251495,12700
The Recall,"Science Fiction, Horror",2017-06-02,5000000,1319566,455551
The Devils,"Drama, History",1971-07-16,2000000,11000000,31767
The Great Raid,"Action, History, War",2005-08-12,80000000,10166502,13922
The Meddler,"Comedy, Drama",2016-04-05,3200000,4267218,337154
Vanity Fair,"Drama, Romance",2004-09-01,23000000,16123851,11632
I Am Love,"Drama, Romance",2009-09-05,3600000,12014663,41110
Would I Lie to You? 3,Comedy,2012-01-31,25496629,40924982,86868
Fort Apache,Western,1948-06-14,2500000,3000000,37347
Courageous,Drama,2011-09-30,1000000,34522221,72213
The Last Seduction,"Thriller, Crime, Romance, Drama",1994-05-26,2500000,5842603,25284
Center Stage,"Drama, Music",2000-05-12,29000000,26385941,10560
Poison Ivy,"Thriller, Drama",1992-05-08,3000000,1829804,9264
Eye for an Eye,Thriller,1996-01-12,20000000,26877589,17182
Norm of the North,"Adventure, Animation, Comedy, Family",2016-01-14,7000000,17062499,276905
Shaft,"Action, Crime, Thriller",1971-06-25,4000000,12121618,482
Jennifer Eight,"Crime, Drama, Mystery, Thriller",1992-11-06,20000000,11390479,10424
Falcon Rising,"Adventure, Action",2014-09-05,4500000,11774,270938
Masquerade,"Drama, Comedy, Romance, Crime",2022-11-01,14000000,6667598,892515
The Ledge,"Drama, Thriller",2011-05-06,10000000,610986,63493
Falling in Love,"Drama, Romance",1984-11-21,12000000,11129057,52744
Set It Off,"Crime, Drama, Thriller",1996-11-06,9000000,41590886,9400
City by the Sea,"Crime, Drama, Mystery",2002-09-06,40000000,22433915,13536
"Live Twice, Love Once","Comedy, Drama",2019-09-06,1450000,368430,613090
For Love or Money,"Comedy, Romance",1993-10-01,30000000,11146270,9024
The Chase,"Adventure, Comedy, Action, Crime",1994-03-04,26000000,8009329,10694
King of California,"Comedy, Drama",2007-01-24,10000000,1045786,5718
Stalingrad,"War, Action, Drama",2013-10-09,30000000,68129518,203793
The Duel,"Western, Drama",2016-06-24,10000000,4500,333386
Om Shanti Om,"Comedy, Thriller, Drama",2007-11-07,9100000,37707444,8079
The Last Detail,"Drama, Comedy",1973-12-11,2300000,10000000,14886
Nothing but Trouble,"Comedy, Adventure",1991-02-15,40000000,8479793,11933
The Women,"Comedy, Romance",2008-09-12,16000000,50007546,13972
The Den,"Horror, Thriller, Mystery",2013-12-12,500000,410129,244610
The Message,"Adventure, Drama, Action, History",1976-03-09,10000000,15000000,26842
Primal,"Action, Adventure, Thriller",2019-12-27,9000000,146863,500916
Fierce Creatures,"Comedy, Romance",1997-01-23,25000000,9381260,12145
Things We Lost in the Fire,Drama,2007-09-26,16000000,2849142,3877
One Night at McCool's,"Comedy, Crime",2001-04-19,18000000,13500000,2144
The Cooler,"Romance, Drama",2003-11-26,4000000,10400000,10744
Kinky Boots,"Comedy, Drama, Music",2005-08-30,10000000,9950133,16367
She Wore a Yellow Ribbon,Western,1949-10-22,1600000,5400000,13909
Lone Wolf McQuade,"Action, Crime",1983-04-15,5000000,12232628,14854
Strictly Ballroom,"Comedy, Drama, Romance",1992-08-20,3000000,33946224,10409
Heaven's Gate,"Drama, Western, Romance",1980-11-19,44000000,3484331,10935
Amityville II: The Possession,Horror,1982-09-24,5000000,12534817,16235
Rookie of the Year,"Family, Comedy",1993-07-07,31000000,56500758,21845
Private Parts,"Comedy, Drama",1997-03-07,28000000,41230799,9403
Battle of the Year,"Music, Drama",2013-09-21,20000000,16549477,109417
Rock the Kasbah,"Comedy, Music, War",2015-10-22,15000000,3020664,253414
The Astronaut Farmer,"Science Fiction, Adventure, Comedy, Drama",2007-02-23,13000000,11130889,5172
30 Days Max,"Comedy, Action",2020-10-14,13000000,11208529,613377
The Alamo,Western,1960-10-23,12000000,7900000,11209
Zorba the Greek,Drama,1964-12-14,783000,9000000,10604
Recess: School's Out,"Science Fiction, Family, Comedy, Animation",2001-01-27,10000000,44460850,19405
Flee,"Documentary, Animation",2021-06-17,3400000,712229,680813
Crazy/Beautiful,"Drama, Romance",2001-06-29,13000000,16929123,10691
A Boy and His Dog,"Drama, Science Fiction, Comedy",1975-03-23,400000,6900000,4917
Metro,"Action, Thriller",2013-02-21,13000000,4463059,174733
Lone Star,"Drama, Mystery, Romance",1996-06-21,5000000,13269963,26748
My Man Godfrey,"Comedy, Romance",1936-09-02,575375,684200,13562
Raising Cain,"Thriller, Crime",1992-08-07,12000000,37170057,13937
Knockaround Guys,"Crime, Thriller",2001-09-07,15000000,12000000,7501
"Paul, Apostle of Christ","Drama, History",2018-03-23,5000000,22525668,476968
Psycho Goreman,"Science Fiction, Comedy, Horror",2020-10-29,1700000,95384,670428
In the Bedroom,"Drama, Thriller",2001-11-23,1700000,44763181,1999
Salvador,"Drama, War, Thriller",1986-04-23,4500000,1500000,6106
Your Sister's Sister,Comedy,2011-09-11,125000,3242802,84355
Zindagi Na Milegi Dobara,"Drama, Comedy, Romance",2011-07-15,7700000,160000000,61202
Human Traffic,"Comedy, Drama",1999-06-04,600000,4000000,11129
17 Girls,Drama,2011-06-13,4141459,201607,87368
Van Wilder: Freshman Year,Comedy,2009-06-02,6000000,20543,19824
Freedomland,"Drama, Thriller, Crime, Mystery",2006-02-17,37665000,14655628,9959
Phantasm II,"Action, Horror, Science Fiction, Thriller",1988-07-08,3000000,7282851,15158
My Name Is Bruce,"Comedy, Horror, Fantasy",2007-10-01,1500000,173066,1961
The Children's Hour,Drama,1961-12-19,3600000,3000000,20139
From Dusk Till Dawn 3: The Hangman's Daughter,"Western, Horror, Thriller",1999-10-31,5000000,9617,10213
Hatching,"Horror, Fantasy",2022-03-04,3896000,490000,517302
The Public Enemy,"Crime, Drama",1931-04-23,151000,557000,17687
Interiors,Drama,1978-08-02,10000000,10400000,15867
The Ramen Girl,"Romance, Comedy, Drama",2008-02-08,3200000,179590,18585
Repo! The Genetic Opera,"Horror, Science Fiction, Music",2008-07-18,8500000,188126,14353
Yu-Gi-Oh! The Movie,"Animation, Fantasy, Action, Science Fiction",2004-08-13,20000000,29170410,11052
Killing Zoe,"Action, Crime, Drama, Thriller",1993-10-01,1500000,418961,507
Knock Off,"Action, Adventure, Thriller",1998-09-04,35000000,44000000,37498
Sukiyaki Western Django,"Adventure, Action, Comedy, Western, Thriller",2007-09-15,3800000,2725258,13637
A Guy Thing,"Comedy, Romance",2003-01-17,20000000,17432163,9582
The Ten Commandments: The Movie,Drama,2016-01-28,39307171,37070177,372519
Henry's Crime,"Crime, Comedy",2010-01-14,12000000,204940,53172
Mad City,"Action, Drama, Thriller",1997-11-07,50000000,10541523,9770
Paris,Drama,2008-02-20,19000000,23550000,8279
The Requin,"Thriller, Horror",2022-01-28,8500000,130493,803114
Intolerance: Love's Struggle Throughout the Ages,"Drama, History",1916-09-04,385907,1750000,3059
Judgment Night,"Action, Crime, Thriller",1993-10-15,21000000,12136938,6
The Outlaws,"Action, Crime",2017-10-03,5883687,52946454,479718
Accidental Love,"Romance, Comedy",2015-02-10,26000000,24487,316002
The Maiden Heist,"Comedy, Crime",2009-05-09,20000000,96008,24271
Fortress,"Action, Thriller, Crime",2021-12-17,20000000,52169,826749
Rebound,"Comedy, Family",2005-07-01,45000000,16809014,7233
A Coffee in Berlin,"Drama, Comedy",2012-11-01,300000,2750275,130739
Teaching Mrs. Tingle,"Comedy, Crime, Horror",1999-08-11,13000000,8946237,10342
Aftershock,"Horror, Thriller",2012-09-12,2000000,58510,123103
Surveillance,"Horror, Thriller, Mystery",2008-02-08,3500000,1138322,10900
Postal,"Action, Comedy",2007-10-18,15000000,146741,2728
Barfly,"Comedy, Drama, Romance",1987-09-02,3000000,3221568,10937
Joe's Apartment,"Comedy, Fantasy",1996-07-26,13000000,4619014,11962
MirrorMask,Fantasy,2005-01-25,4000000,973613,14517
Bordertown,"Crime, Drama, Mystery, Thriller",2007-02-22,21000000,8329799,4351
Mutiny on the Bounty,"Adventure, Drama, History",1935-11-22,1950000,4460000,12311
The Gilded Cage,Comedy,2013-04-19,7000000,11311521,186161
Manderlay,Drama,2005-05-16,14200000,674918,1951
Devdas,"Drama, Romance",2002-07-11,6663555,13311117,15917
High Anxiety,"Comedy, Mystery, Thriller",1977-12-25,4015000,31063038,12535
Black Water,"Adventure, Drama, Horror",2007-06-01,700000,1271556,14138
UHF,Comedy,1989-07-21,5000000,6157157,11959
The Perfect Guy,Thriller,2015-09-11,12000000,60273173,304372
Lean on Pete,"Drama, Adventure",2018-04-06,8000000,2455027,407890
Renegades,"Thriller, Action",2017-08-21,66190000,2602149,335788
Monkeybone,"Adventure, Fantasy, Animation, Comedy, Science Fiction",2001-02-23,75000000,5409517,23685
Akeelah and the Bee,Drama,2006-04-28,8000000,18948425,13751
Robinson Crusoe,"Animation, Adventure, Comedy, Family",2016-02-04,13500000,40075446,368940
Dr. T & the Women,"Comedy, Drama, Romance",2000-09-13,23000000,22844291,10763
The Alamo,"History, War, Drama",2004-04-07,107000000,25819961,10733
The Postman Always Rings Twice,"Crime, Drama, Romance, Thriller",1946-05-02,1683000,5086000,25736
Petite Maman,"Drama, Fantasy, Family",2021-06-02,3100000,1024575,749004
D.A.R.Y.L.,"Family, Science Fiction, Action",1985-06-14,10000000,7840873,16248
Ratter,"Drama, Horror, Thriller",2015-01-24,500000,110834,320048
Flash Point,Action,2007-07-26,8000000,6177725,35854
The World According to Garp,"Drama, Comedy",1982-08-13,17000000,29712172,11307
The Million Dollar Hotel,"Drama, Thriller",2000-02-09,8000000,105983,318
The Summit of the Gods,"Animation, Adventure, Mystery",2021-09-22,9850000,1756552,712454
Dark Passage,"Romance, Thriller, Mystery",1947-09-05,1678000,3430000,16227
The House at the End of Time,"Horror, Drama, Fantasy",2013-06-21,300000,4588899,207686
Muppets from Space,"Family, Science Fiction, Fantasy, Comedy",1999-07-14,24000000,22300000,10208
She's Gotta Have It,"Comedy, Romance",1986-08-08,175000,7137503,27995
Double Dragon,"Action, Adventure, Comedy",1994-11-04,3500000,2341309,2436
Tess,"Drama, Romance",1979-10-06,12000000,20101247,11121
White God,Drama,2014-06-12,2200000,282358,267999
Ninja,"Action, Crime, Drama, Thriller",2009-10-22,10000000,194243,25602
Tsotsi,"Crime, Drama",2005-12-23,3000000,9879971,868
A Mighty Heart,"Drama, Thriller",2007-06-22,16000000,18928871,1988
Certain Women,Drama,2016-09-25,2000000,1215691,340487
Any Which Way You Can,"Action, Adventure, Comedy",1980-12-17,15000000,70687344,17169
The Age of Shadows,"Action, Thriller",2016-09-07,9620000,53165427,363579
Major League II,Comedy,1994-03-30,25000000,30626182,11067
Extreme Measures,"Drama, Thriller",1996-09-27,38000000,17380126,11306
Reds,"Drama, History, Romance",1981-12-25,35000000,40382659,18254
Balkan Line,"Drama, Action, War",2019-03-21,3500000,4944386,517093
Edison,"Drama, Action, Thriller",2005-07-29,25000000,4165675,10064
Chennai Express,"Romance, Comedy, Action",2013-08-08,18000000,62000000,205022
Flipper,"Adventure, Family",1996-05-17,25530000,20080020,36355
Barfi!,"Drama, Romance, Comedy",2012-09-13,4437508,2804874,127501
Meet Bill,"Comedy, Drama, Romance",2007-09-07,5000000,346592,13243
The Caine Mutiny,"Drama, War",1954-06-23,2000000,21750000,10178
The Ref,"Comedy, Crime, Drama",1994-03-09,11000000,11439193,10872
Fritz the Cat,"Animation, Comedy, Drama",1972-04-12,850000,25000000,12593
Earthquake,"Action, Drama, Thriller",1974-11-15,7000000,79666653,11123
Aline,"Music, Comedy, Drama",2020-11-19,25900000,11131254,498402
Louder Than Bombs,Drama,2015-10-01,11000000,1428004,157827
Six Degrees of Separation,"Mystery, Drama, Comedy",1993-12-08,15000000,6284090,23210
The Spacewalker,"Adventure, Drama, History, Thriller",2017-04-06,7075038,9868942,440642
A Whole Life Ahead,"Comedy, Drama",2008-03-28,6150000,5788176,51917
Things to Come,Drama,2016-04-06,2100000,282382,374465
Silkwood,"Drama, Thriller",1983-12-14,10000000,35600000,12502
12,"Crime, Drama, Mystery",2007-06-06,4000000,7537453,20714
Luther,"Drama, History",2003-10-29,30000000,29413900,5653
Gigi,"Comedy, Romance",1958-05-15,3319355,13200000,17281
Silver Streak,"Comedy, Crime, Romance, Thriller",1976-12-03,6500000,51079064,11558
Mary Reilly,"Drama, Horror, Thriller",1996-02-23,47000000,12379402,9095
Chak De! India,Drama,2007-08-09,6300000,40000000,14163
Red Rock West,"Crime, Drama, Thriller",1993-05-14,8000000,2500000,10427
Night of the Demons,"Horror, Comedy",1988-10-14,1200000,3109904,24924
The Salton Sea,"Crime, Drama, Mystery, Thriller",2002-02-02,18000000,676698,11468
Clockers,"Mystery, Crime, Drama",1995-09-15,25000000,13071518,20649
Serving Sara,"Comedy, Romance",2002-08-23,29000000,16930185,12771
Kiss of Death,"Crime, Thriller, Drama",1995-04-21,40000000,14942422,6071
Suspect Zero,"Crime, Thriller",2004-08-27,27000000,13000000,8080
The Bachelor,"Comedy, Romance",1999-11-05,51000000,36911617,2020
Gemma Bovery,"Romance, Drama, Comedy",2014-09-10,9700000,154701,272435
Ooops! Noah Is Gone...,"Animation, Adventure, Comedy, Family",2015-03-26,6000000,769028,326215
The Pit and the Pendulum,"Horror, Mystery",1961-08-12,200000,2000000,28501
The Story of Us,"Comedy, Drama, Romance",1999-10-14,50000000,58900031,12220
The Year of Living Dangerously,"Romance, Drama",1982-12-17,6000000,1317657,11541
The Fabulous Baker Boys,"Comedy, Drama, Music, Romance",1989-10-13,13000000,18428904,10875
Eye for an Eye,"Drama, Thriller, Crime",2019-08-30,3328289,2407571,574376
Guarding Tess,"Comedy, Drama",1994-03-11,20000000,27058304,6472
House of Wax,"Horror, Crime",1953-04-16,658000,23800000,18573
The Isle,"Drama, Thriller",2000-04-22,50000,24963,8653
The Object of My Affection,"Comedy, Drama, Romance",1998-04-17,15000000,46905889,17127
Willard,"Horror, Drama, Thriller",2003-03-14,22000000,8564586,10929
The Slumber Party Massacre,Horror,1982-09-10,220000,3600000,27475
Phantom,Thriller,2013-01-03,10000000,1034589,152259
"To Sir, with Love",Drama,1967-06-14,625000,42432803,25934
5 Flights Up,Drama,2014-09-05,6000000,1020921,286521
Bunraku,"Thriller, Action, Drama",2010-09-01,25000000,129706,30618
The Wizard,"Adventure, Comedy, Drama, Family",1989-12-15,6000000,14278900,183
The Good German,"Drama, War, Thriller, Mystery",2006-12-15,32000000,5914908,182
Tommy,Music,1975-03-19,5000000,34251525,11326
The Mirror Has Two Faces,"Comedy, Drama, Romance",1996-11-15,42000000,41083864,25189
Ju-on: The Grudge 2,"Horror, Thriller",2003-08-15,20000000,70700000,9666
What's Love Got to Do with It,"Drama, Music, History",1993-06-09,15000000,39100000,15765
Frozen River,Drama,2008-03-26,1000000,5457664,10183
From the Land of the Moon,"Drama, Romance",2016-10-19,10300000,47748,376166
Tesla,"History, Drama",2020-08-14,5000000,459051,517412
Avalon,"Action, Science Fiction",2001-01-20,8000000,8826094,10881
The Great Race,"Comedy, Adventure",1965-07-01,12000000,25333333,11575
Swiss Family Robinson,"Adventure, Family",1960-12-21,5000000,40356000,18444
A Good Doctor,Comedy,2019-12-11,6837995,6294941,613349
Swades,Drama,2004-12-17,2900000,4800000,15774
Ondine,"Drama, Romance",2009-09-14,12000000,1790061,38448
Freejack,"Science Fiction, Action, Crime",1992-01-17,30000000,17129026,9278
Danger Close: The Battle of Long Tan,"War, Action, Drama, History",2019-08-08,23934823,2078370,508664
A Touch of Sin,"Drama, Crime, Action",2013-10-04,4000000,154120,187022
Unaccompanied Minors,"Comedy, Family",2006-12-08,26000000,21949234,18147
Leprechaun 2,"Comedy, Horror",1994-04-08,2000000,2260622,18009
The Company of Wolves,"Horror, Fantasy",1984-09-21,2000000,4389334,11905
Clockstoppers,"Adventure, Family, Science Fiction, Thriller",2002-03-17,26000000,38793283,15028
Porky's II: The Next Day,Comedy,1983-06-24,6500000,33759266,19698
Orlando,"Drama, Fantasy",1992-12-11,4000000,5377643,9300
Love in the Afternoon,"Comedy, Romance",1957-05-29,2100000,2000000,18299
Post Grad,"Comedy, Drama",2009-08-21,15000000,6414729,25704
Wendy and Lucy,Drama,2008-12-10,200000,1192655,8942
Primary Colors,Drama,1998-03-20,65000000,52100000,9440
Catch That Kid,"Family, Action, Adventure",2004-02-06,18000000,16951702,20483
Dark Blue,"Crime, Drama, Thriller, Action",2002-12-14,15000000,12150301,4911
Benji,"Crime, Drama, Family",2018-03-16,6000000,585333,495193
Shorts,"Family, Fantasy, Comedy",2009-08-21,40000000,28972508,25132
Incredible But True,"Comedy, Drama",2022-06-15,4340000,2329813,735697
Grand Hotel,"Drama, Romance",1932-05-25,700000,2594000,33680
Pollock,"Drama, Romance",2000-09-06,6000000,10994533,12509
"For a Good Time, Call...","Comedy, Drama",2012-08-31,850000,1243961,84200
Swimming with Sharks,"Crime, Comedy",1994-09-10,700000,382928,20306
The Baytown Outlaws,"Action, Comedy, Crime",2012-08-27,4000000,37470,81446
Apartment 1303 3D,Horror,2012-12-06,5000000,3377891,160070
Bird,"Drama, Music",1988-06-01,9000000,2000000,24679
Beyond a Reasonable Doubt,Thriller,2009-02-05,25000000,4388563,25137
Justin and the Knights of Valour,"Animation, Adventure",2013-08-09,22000000,19799759,146381
Futureworld,"Action, Adventure, Science Fiction, Thriller",1976-08-13,2500000,4200000,10640
Extraordinary Measures,Drama,2010-01-21,31000000,15134293,27569
Ben X,Drama,2007-08-26,1500000,27,6936
Hacker,"Crime, Drama, Thriller",2016-09-15,2000000,11239,413052
Baby Boy,"Crime, Drama, Romance, Thriller",2001-06-27,16000000,29381649,16161
Solitary Man,"Comedy, Drama, Romance",2009-09-07,15000000,5024782,36691
The Grand Seduction,Comedy,2014-05-30,12700000,3430018,209185
Rugrats Go Wild,"Animation, Family, Adventure, Comedy",2003-06-13,25000000,55443032,20694
Son of God,Drama,2014-02-28,22000000,67800064,235260
The Vikings,"Action, Adventure, History",1958-06-11,5000000,20311,42661
Harlem Nights,"Comedy, Crime, Drama",1989-11-17,30000000,60864870,9085
Dilwale,"Crime, Action, Comedy",2015-12-18,26000000,61000000,370665
Hoop Dreams,Documentary,1994-09-12,700000,7830611,14275
Moms' Night Out,Comedy,2014-03-25,5000000,10429707,252680
The Best Is Yet to Come,"Comedy, Drama",2019-12-04,13000000,7201952,582206
Stage Fright,Thriller,1950-02-23,1450000,1900000,1978
City Slickers II: The Legend of Curly's Gold,"Action, Comedy, Drama, Western",1994-06-10,40,43,11310
American Dreamz,"Comedy, Drama",2006-03-04,17000000,7314027,9310
Forbidden Empire,"Thriller, Adventure, Mystery, Fantasy, Horror, Science Fiction",2014-01-30,26000000,34592118,208763
Blood and Chocolate,"Drama, Fantasy, Horror, Romance",2007-01-26,15000000,6340723,10075
The French Minister,Comedy,2013-11-06,5112027,5586646,209355
Dahmer,"Crime, Drama, Thriller",2002-06-21,250000,144008,25853
The Twilight Samurai,"Drama, Romance, History",2002-11-02,5000000,7338987,12496
A Wednesday!,"Drama, Thriller",2008-09-05,1400000,3500000,19703
Roger & Me,"Documentary, History, Comedy",1989-09-01,160000,6706368,1779
The Train,"War, Thriller",1964-09-24,5800000,6800000,3482
Martian Child,"Comedy, Drama",2007-11-02,27000000,9411042,5126
A Movie of Eggs,"Animation, Comedy, Family",2006-04-21,634793,7978917,16761
Rudderless,"Music, Drama, Comedy",2014-10-17,5000000,58293,244403
Let's Go to Prison,"Comedy, Crime",2006-11-17,4000000,4630045,9809
My Favorite Martian,"Comedy, Drama, Family, Science Fiction",1999-02-11,65000000,36850101,9849
The Girlfriend Experience,Drama,2009-05-22,1700000,1007962,17680
Term Life,"Thriller, Drama, Action, Mystery",2016-04-29,16500000,21256,257440
What's the Worst That Could Happen?,"Action, Comedy, Crime",2001-05-31,60000000,38400000,14034
Veronica Guerin,"Drama, Crime, Thriller",2003-07-11,17000000,9439660,10629
King Ralph,Comedy,1991-02-15,23000000,52487045,10804
My Way,Drama,2012-03-14,27563396,29193330,85870
The Miracle Worker,Drama,1962-05-23,500000,2500000,1162
Birth of the Dragon,"Action, Drama",2017-08-25,31000000,7125027,408266
Rock Dog,"Adventure, Animation, Comedy, Family, Music",2016-07-08,60000000,9420546,333667
Catch-22,"War, Comedy",1970-06-24,18000000,24911670,10364
Split Second,"Action, Crime, Horror",1992-05-01,7000000,5430822,13006
The Edge of Heaven,Drama,2007-09-27,3800000,17804565,2014
Made in Dagenham,"Comedy, Drama, History",2010-10-01,7200000,12629471,46138
Killing Me Softly,Thriller,2002-05-10,25000000,7775138,14365
Adam's Rib,"Comedy, Drama, Romance",1949-11-18,1728000,9470000,25431
Thunderbirds,"Action, Adventure, Comedy, Family, Fantasy, Science Fiction",2004-07-23,57000000,28283637,14623
Dear Evan Hansen,Drama,2021-09-24,27500000,19200000,567690
Kickboxer: Retaliation,"Action, Drama",2018-01-26,13000000,4537,447665
Top Hat,"Comedy, Music, Romance",1935-08-29,609000,3202000,3080
Godzilla: Final Wars,"Action, Adventure, Science Fiction, Fantasy, Thriller",2004-12-04,19500000,12000000,15767
Nobody's Fool,"Comedy, Romance",2018-10-31,19000000,29152618,514619
The Powerpuff Girls Movie,"Animation, Action, Family",2002-07-03,11000000,16426471,59387
Kahaani,"Mystery, Thriller",2012-03-08,1200000,16000000,82825
All the King's Men,"Drama, Thriller",2006-09-10,55000000,9450897,1717
Alien Nation,"Science Fiction, Crime, Thriller",1988-10-07,16000000,32155047,10128
The Hollars,"Comedy, Drama, Romance",2016-08-25,3800000,1016985,325346
Empire of the Wolves,Action,2005-04-20,24000000,11875866,10799
Assassination of a High School President,"Comedy, Crime",2008-01-17,11500000,69564,18176
We Die Young,"Drama, Action, Crime, Thriller",2019-05-09,4000000,143837,538207
Renaissance Man,"Comedy, Drama",1994-06-03,40000000,24332324,11858
Baskin,"Horror, Crime, Thriller, Mystery",2015-12-31,350000,318155,334394
Hud,"Western, Drama",1963-05-28,2500000,10000000,24748
Meet the Blacks,"Comedy, Horror",2016-04-01,900000,9097072,377587
Angela's Ashes,Drama,1999-12-25,50000000,13042112,10397
Emergency Declaration,"Action, Drama, Mystery, Thriller",2022-08-03,18052672,19200000,626872
The Big White,"Comedy, Crime, Drama",2005-10-27,14000000,541840,9968
Iron Eagle,Action,1986-01-17,18000000,24159872,11037
Before the Fall,Drama,2004-07-04,4500000,3764219,9393
DeepStar Six,"Action, Horror, Thriller, Science Fiction",1989-01-13,8000000,8143225,11607
The Legend of the Christmas Witch,"Family, Comedy, Fantasy",2018-12-27,8772289,8769486,554133
Virgin Territory,"Adventure, Action, Comedy, Romance",2007-12-17,38000000,5410749,14324
Margaret,Drama,2011-09-30,14000000,46495,44754
100 Feet,"Horror, Thriller",2008-07-22,10000000,1415804,14098
The Distinguished Gentleman,Comedy,1992-12-04,50000000,83000000,10411
A Star Is Born,"Drama, Music, Romance",1954-10-01,5019770,4335968,3111
The Deaths of Ian Stone,"Horror, Thriller",2007-12-05,10000,10000,12171
Exotica,"Drama, Mystery",1994-11-30,2000000,4221036,20156
Far Cry,"Action, Science Fiction, Thriller",2008-10-02,30000000,743,7916
3 Ninjas Kick Back,"Family, Adventure, Action, Comedy",1994-05-06,20000000,11798854,18885
Gettysburg,"Drama, History, War",1993-10-08,25000000,12700000,10655
About Cherry,Drama,2012-02-14,2500000,8315,94901
Mutiny on the Bounty,"Adventure, Drama, History",1962-11-08,19000000,13680000,11085
The Quiet American,"Romance, Thriller, Drama",2002-11-22,30000000,27674124,8198
Living,Drama,2022-11-04,10000000,6999027,760099
2 Days in New York,"Comedy, Drama, Romance",2012-03-28,8000000,1653792,84165
The Big Bad Fox and Other Tales,"Family, Animation, Comedy",2017-06-21,3000000,19030780,453191
W.E.,"Drama, Romance",2011-09-01,15000000,868439,80591
The Monkey King: Reborn,"Animation, Action, Fantasy, Family",2021-04-02,20000000,13000000,811634
The Brady Bunch Movie,"Family, Comedy",1995-02-16,12000000,46576136,9066
Flicka,"Family, Drama",2006-10-20,15000000,21000000,14012
The Disappearance of Eleanor Rigby: Them,Drama,2014-05-14,3000000,1448076,157829
The Kid,"Western, Drama, Action",2019-03-08,8000000,1561698,492565
The Head Hunter,"Horror, Fantasy",2019-04-05,30000,44652,553141
House of Usher,"Horror, Drama",1960-07-20,270000,1450000,23439
Katy Perry: Part of Me,"Documentary, Music",2012-06-28,12000000,32726956,101267
The Fanatic,"Crime, Thriller",2019-08-30,18000000,3153,509853
Silent Movie,Comedy,1976-06-17,4400000,36145695,10970
Dead Presidents,"Action, Crime",1995-10-06,10000000,24147179,11443
Superstar,Comedy,1999-10-08,14000000,30636478,13824
The Big Red One,"Drama, War",1980-01-22,4500000,7206220,16121
The Great Muppet Caper,"Family, Crime, Comedy, Mystery, Music",1981-06-26,14000000,31200000,14900
Just One of the Guys,"Comedy, Romance",1985-04-26,11500000,11528900,24548
Body of Evidence,"Drama, Thriller, Romance",1993-01-15,30000000,38000000,2149
Unlawful Entry,"Crime, Mystery, Thriller",1992-06-26,23000000,57138719,17494
Big Trouble,"Action, Comedy, Thriller, Mystery",2002-04-05,40000000,8493890,2185
The Bad News Bears,"Family, Comedy",1976-04-07,9000000,42349782,23479
The Signal,"Horror, Science Fiction, Thriller",2008-02-22,50000,249905,13059
Iron Monkey,"Action, Crime, Drama",1993-09-03,11000000,14681661,12780
Captain Ron,"Adventure, Comedy",1992-09-18,24000000,22518097,14361
Fair Game,Action,1995-11-03,50000000,11534477,11859
Jungle Fever,"Drama, Romance",1991-06-07,14000000,32482682,1713
The Trials of Cate McCall,Drama,2013-11-28,7000000,249601,253279
The Master of Disguise,"Comedy, Family",2002-08-02,16000000,43411001,13908
Force 10 from Navarone,"Drama, Adventure, War",1978-08-16,5000000,7230000,17339
Weekend at Bernie's II,Comedy,1993-07-09,7000000,12741891,8494
Monkey Shines,"Thriller, Drama, Horror, Science Fiction",1988-07-29,7000000,5344577,29787
Private Valentine: Blonde & Dangerous,Comedy,2008-11-07,30000000,103971,15616
Slacker,"Comedy, Drama",1991-07-05,23000,1228108,14022
The Awful Truth,"Comedy, Romance",1937-10-20,600000,3000000,14675
Fletch Lives,"Comedy, Crime, Mystery",1989-03-17,8045760,35150960,14628
Megalodon,"Action, Science Fiction, Horror, TV Movie",2018-08-10,130178,5303,523931
Metallica: Through the Never,Music,2013-09-25,18000000,7972967,193613
Fathers' Day,"Comedy, Family",1997-05-09,85000000,35598376,12499
Get Low,"Drama, Mystery, Comedy",2010-07-30,700000,10522511,44718
Diabolique,"Mystery, Thriller, Horror",1996-03-22,45000000,52400000,10988
Once Bitten,"Comedy, Horror, Romance",1985-11-15,3200000,10000000,19064
Frankenhooker,"Comedy, Horror, Science Fiction",1990-06-01,2500000,205068,27274
Basquiat,"Drama, History",1996-08-09,2962051,3011195,549
The Russia House,"Drama, Thriller, Romance",1990-12-21,21800000,22997992,10170
A Passage to India,"Drama, Adventure, History",1984-12-14,8000000,27201487,15927
The Curse of Frankenstein,"Horror, Science Fiction",1957-05-20,270000,8000000,3079
Airport '77,"Action, Adventure, Drama, Thriller",1977-03-11,6000000,30000000,7227
Bud Abbott and Lou Costello Meet Frankenstein,"Comedy, Horror",1948-06-15,800000,4812444,3073
Fur: An Imaginary Portrait of Diane Arbus,"Drama, History",2006-08-30,16800000,2312717,18615
Igby Goes Down,"Comedy, Drama",2002-09-13,9000000,4777465,9685
Hush,"Drama, Thriller",1998-03-06,21000000,13583690,17941
Retribution,"Action, Mystery, Thriller, Crime",2023-08-23,20000000,12905464,762430
Love Is All You Need,"Comedy, Romance, Drama",2012-09-04,5500000,16722143,126250
Head of State,Comedy,2003-03-28,35200000,37788228,9776
While at War,"Drama, History, War",2019-09-27,4735684,12277353,542921
The Black Stallion,"Family, Adventure",1979-10-13,2700000,37799643,17264
Everyone's Hero,"Adventure, Animation, Comedy, Family",2006-08-04,35000000,16627188,15213
"War, Inc.","Action, Adventure, Comedy, Thriller",2008-04-28,5000000,1296184,13191
Less Than Zero,"Drama, Crime, Romance",1987-11-06,8000000,12396383,13703
Wild Orchid,"Romance, Drama",1989-12-22,7000000,11060485,5203
A Dirty Shame,Comedy,2004-09-12,15000000,1914166,13702
My Dog Skip,"Comedy, Drama, Family",2000-01-12,6000000,35547761,17908
Whatever It Takes,"Drama, Comedy, Romance",2000-03-31,15000000,9902115,16222
Il vegetale,Comedy,2018-01-18,8166084,8475827,486078
Waking Ned,Comedy,1998-09-15,3000000,43515982,10162
The Innocent,"Comedy, Crime, Romance",2022-10-12,4000000,5175806,919573
Dark Angel,"Action, Thriller, Science Fiction, Crime, Horror",1990-01-26,7000000,9229401,19384
Precious Cargo,"Action, Crime, Thriller",2016-07-15,10500000,567064,384737
Best of the Best,Action,1989-11-10,5000000,1700000,238751
Battle for Terra,"Action, Adventure, Animation, Science Fiction",2007-09-06,4000000,6101046,16873
The Longest Yard,"Comedy, Drama",1974-08-21,2900000,43008075,4985
Welcome Home Roscoe Jenkins,"Comedy, Drama, Family",2008-02-08,35000000,43650785,13490
The Mercy,"Drama, Adventure",2018-02-09,18000000,4536348,414001
The Admiral: Roaring Currents,"War, Action, Drama, History",2014-07-30,9500000,112156811,282631
Graduation,Drama,2016-05-20,2000000,2015002,374458
Birdman of Alcatraz,"Crime, Drama",1962-07-04,2650000,3100000,898
Casino Jack,"Comedy, Crime, Drama",2010-09-16,12500000,1083683,45324
Death Wish 4: The Crackdown,"Action, Crime, Drama",1987-06-11,5000000,6880310,26263
Turbo: A Power Rangers Movie,"Action, Adventure, Family, Fantasy, Science Fiction",1997-03-27,10000000,9679739,6499
Train of Life,"Drama, Comedy, War",1998-09-16,154790,3311162,8056
Kiss of the Spider Woman,Drama,1985-07-26,11,17005229,11703
Dog Days,"Romance, Comedy",2018-08-10,10000000,6842356,477510
K-12,"Music, Horror, Fantasy",2019-09-05,6000000,359377,616584
Waxwork,"Horror, Comedy",1988-06-17,3000000,808114,29095
Glee: The Concert Movie,"Music, Documentary, Family",2011-08-11,9000000,18663238,67675
Digimon: The Movie,"Fantasy, Animation, Science Fiction, Family",2000-03-04,5500000,16600000,20455
The Man in the Moon,"Drama, Family, Romance",1991-09-30,1237669,2853801,17474
Hardware,"Science Fiction, Thriller, Horror",1990-09-14,1500000,5728953,11309
Three Fugitives,"Comedy, Crime",1989-01-27,15000000,40590000,31608
Queen of the Desert,"Drama, Adventure, History",2015-09-03,15000000,1592853,157843
C.H.U.D.,"Horror, Science Fiction",1984-08-31,1250000,3412497,23730
Everything Everything Nothing Nothing,Comedy,2012-11-30,5579750,8927600,161545
Honeymoon in Vegas,"Comedy, Romance",1992-08-28,25000000,35208854,12518
The Principal,"Action, Adventure, Crime, Drama",1987-09-18,11000000,19734940,10081
Sex and Death 101,"Comedy, Romance, Drama",2007-06-15,5,1,14424
The Bob's Burgers Movie,"Animation, Adventure, Comedy, Music",2022-05-26,38000000,34148750,504827
Bajirao Mastani,"History, Romance, Drama",2015-12-18,19500000,56000000,362045
Dil Chahta Hai,"Drama, Romance",2001-07-24,2079000,4099000,14752
The Wackness,Drama,2008-07-03,6000000,3175469,13990
Cyrano,"Drama, Romance",2021-12-17,20000000,3000000,730047
Kokowääh,Comedy,2011-02-03,5650000,43000000,53174
I Hate Valentine's Day,"Comedy, Romance",2009-06-27,3000000,4243957,20825
Smokey and the Bandit II,"Action, Comedy",1980-08-15,17000000,66132626,12705
The Equalizer 3,"Action, Thriller, Crime",2023-08-30,70000000,158300000,926393
Anywhere but Here,"Drama, Comedy, Romance",1999-11-12,23000000,18653615,21349
Where the Truth Lies,"Drama, Mystery, Thriller",2005-10-07,25000000,3500000,9729
The Private Life of Sherlock Holmes,"Adventure, Comedy, Crime, Mystery, History",1970-10-29,10000000,1500000,5185
Wilde,"Drama, History",1997-09-01,2158775,10000000,11365
Phoenix Forgotten,"Horror, Mystery, Science Fiction",2017-04-21,2800000,3600000,443319
Living in Oblivion,Comedy,1995-07-21,500000,1148752,9071
The In-Laws,"Action, Comedy",2003-05-23,40000000,26800000,5146
Mad God,"Animation, Fantasy, Horror, Science Fiction",2022-06-16,250000,322619,846867
New Kids Turbo,"Action, Comedy",2010-12-09,1500000,8786756,46523
Into the Night,"Thriller, Comedy",1985-02-22,11400000,6700000,11338
Boogeyman 2,"Horror, Thriller",2007-10-20,4500000,1798418,14913
The Sure Thing,"Comedy, Romance",1985-03-01,4500000,18135531,8992
Little Man Tate,"Drama, Family",1991-09-06,10000000,25010896,11521
Black Gold,"Adventure, Drama",2011-12-21,40000000,5446000,77221
Captive,"Crime, Drama, Thriller",2015-09-17,2000000,2801508,331190
The Sweeney,"Action, Crime",2012-09-11,3730500,6294161,116613
The Princess of Montpensier,"Action, Drama, History, Romance",2010-11-03,14734000,6775121,57695
The Prince of Tides,"Drama, Romance",1991-12-25,30000000,74787599,10333
Swept Away,"Comedy, Romance",2002-10-11,10000000,598645,12779
Three O'Clock High,Comedy,1987-10-09,6000000,3685862,13339
Twixt,"Mystery, Fantasy, Horror",2011-09-30,7000000,1300000,78381
Paws of Fury: The Legend of Hank,"Animation, Action, Adventure, Comedy, Family, Western",2022-07-14,45000000,42500000,366672
Kazaam,"Fantasy, Comedy, Family",1996-07-17,20000000,18937262,11511
Pillow Talk,"Comedy, Romance",1959-10-07,1600000,18750000,4952
Obsession,"Thriller, Mystery, Drama",1976-08-01,1400000,4468000,4780
Diner,"Comedy, Drama",1982-04-02,5000000,14100000,13776
Whisper,"Crime, Drama, Horror, Thriller",2007-11-27,12000000,5285197,14397
Lucky You,"Drama, Romance",2007-05-01,55000000,8461686,1950
The Corruptor,Action,1999-03-12,25000000,15156200,9455
Song of the South,"Family, Animation",1946-11-12,2125000,65000000,13850
Elegy,"Drama, Romance",2008-08-08,13000000,14894347,11671
Hellraiser: Judgment,Horror,2018-02-13,350000,426290,444149
Dhoom 3,"Action, Adventure, Crime, Thriller",2013-12-19,19500000,91000000,44977
Dead & Buried,"Horror, Mystery",1981-05-29,3000000,216166,24274
Better Living Through Chemistry,"Drama, Comedy",2014-03-14,5000000,75143,157099
Smashed,"Comedy, Drama",2012-01-22,500000,376597,84341
Rock-A-Doodle,"Comedy, Family, Animation, Fantasy, Music",1991-08-02,18000000,11657385,20421
Missing in Action 2: The Beginning,"Action, War",1985-03-01,2410000,10755447,12764
The Express,Drama,2008-10-10,40000000,9793496,14325
The Spanish Prisoner,"Drama, Mystery, Thriller",1997-12-03,10000000,13835130,29193
You Kill Me,"Comedy, Crime, Thriller, Romance",2007-02-09,4000000,3748295,8141
"Suddenly, Last Summer","Thriller, Drama, Mystery",1959-12-22,3000000,9000000,14698
Queen,"Comedy, Drama",2014-03-07,1900000,17000000,247645
Kalashnikov AK-47,"War, History, Drama",2020-02-20,3500000,1593464,592279
Desperate Measures,"Action, Drama, Thriller",1998-01-30,50000000,13800000,9458
The Man with One Red Shoe,"Action, Comedy",1985-07-18,16000000,8645411,10905
My Old Lady,"Romance, Comedy, Drama",2014-09-09,5000000,7527232,282296
Wings,"Drama, Action, War, Romance",1927-08-12,2000000,3600000,28966
Final Analysis,"Drama, Thriller, Romance",1992-02-07,32000000,28590665,4823
Bad News Bears,Comedy,2005-07-22,30000000,34252847,13341
Saints and Soldiers,"War, Drama, Action, Adventure, History",2003-09-11,780000,1310470,10105
Taps,"War, Drama",1981-12-20,14000000,35856053,10627
Shadowlands,"Drama, Romance",1993-12-25,22000000,25842000,10445
Swimfan,"Thriller, Mystery",2002-09-06,8500000,34411240,20616
Khumba,"Animation, Adventure, Family",2013-07-18,20000000,27187375,172391
Dr. Jekyll and Mr. Hyde,"Horror, Science Fiction, Drama",1931-12-24,535000,1300000,3019
Newsies,"Family, Drama, History, Music",1992-04-10,15000000,2706352,15300
Chances Are,"Fantasy, Comedy, Romance",1989-03-10,16000000,16300000,3064
Padmaavat,"Drama, History, Romance",2018-01-25,31000000,81673897,432527
Little Caesar,"Drama, Crime",1931-01-25,281000,752000,27899
Valmont,"Drama, Romance",1989-11-17,33000000,1132112,37606
Charming,"Animation, Adventure, Comedy, Family, Fantasy, Music",2018-03-26,20000000,8751856,354279
White Dog,"Drama, Horror, Thriller",1982-07-07,8000000,46509,47955
Snow Buddies,"Family, Adventure",2008-02-05,4000000,50802372,14059
The Ottoman Lieutenant,"Romance, Drama, War",2017-03-10,40000000,413844,433356
Sholay,Action,1975-08-15,408000,4800000,12259
Dick,Comedy,1999-08-04,13000000,27500000,16406
Flight Crew,Action,2016-04-21,10000000,27305571,380111
2001: A Space Travesty,"Comedy, Science Fiction, Action",2000-10-31,26000000,270813,7290
Wonderland,Crime,2003-10-23,5000000,2466444,4997
Monkey King: Hero Is Back,"Fantasy, Animation, Comedy",2015-07-10,10000000,150000000,351694
Death Wish V: The Face of Death,"Action, Crime, Drama",1994-01-14,5000000,1702394,34746
Chappaquiddick,"History, Drama, Thriller",2018-04-06,34000000,17904202,432301
Fat Albert,"Comedy, Family, Fantasy",2004-12-25,26000000,48563556,15045
They,"Horror, Thriller",2002-11-01,17000000,12840842,16028
Operation Red Sea,"Action, Thriller, War, Drama",2018-02-16,70000000,579220560,460555
Superlopez,Comedy,2018-11-23,5200000,12496155,457915
Fire and Ice,"Animation, Fantasy, Science Fiction",1983-03-25,1200000,760883,15035
Woodstock,"Documentary, History, Music",1970-03-26,600000,34505110,9459
The Best Man Holiday,Comedy,2013-11-15,17000000,71625195,146304
Terminal Velocity,Action,1994-09-23,50000000,16478900,9057
Postcards from the Edge,"Comedy, Drama",1990-09-14,22000000,39071603,22414
Jade,"Thriller, Mystery",1995-10-13,50000000,9851610,11863
Death Defying Acts,"Drama, Romance",2007-09-13,20000000,8380329,13910
Wolf Warrior 2,"War, Action, Drama",2017-07-27,29700000,870322670,452557
Barbershop 2: Back in Business,"Comedy, Drama",2004-01-20,18000000,65070412,21301
Red Scorpion,"Adventure, Action, War",1988-12-24,16000000,4192440,12663
Malibu's Most Wanted,"Comedy, Crime",2003-04-10,15000000,34000000,13411
Strangerland,"Drama, Thriller, Mystery",2015-07-01,10000000,111107,245846
Brother 2,"Action, Crime, Drama",2000-05-11,1500000,1080000,20993
Dragonslayer,"Fantasy, Adventure",1981-06-26,18000000,14110013,848
Smart People,"Comedy, Drama, Romance",2008-04-11,7000000,10569964,12890
"White Hunter, Black Heart","Adventure, Drama",1990-05-16,24000000,2319124,28761
Show Dogs,"Adventure, Crime, Family, Comedy",2018-05-18,5500000,38830219,425148
The I Inside,"Thriller, Mystery, Science Fiction, Drama",2004-01-15,8800000,72962,11588
Beaches,"Comedy, Drama",1988-12-21,20000000,57041866,15592
Affliction,"Drama, Crime, Mystery",1998-02-12,6000000,6330054,31662
Funny Farm,Comedy,1988-06-03,19000000,25537221,14170
Shopgirl,"Comedy, Drama, Romance",2005-10-21,10284523,11588205,2610
9th Company,"War, Action, Drama, History",2005-09-19,9500000,24000000,14097
Renaissance,"Action, Animation, Science Fiction",2006-03-16,18000000,1831348,9389
Derailed,"Action, Thriller",2002-05-19,11000000,297835,17774
The Sheltering Sky,"Adventure, Drama, Romance",1990-10-25,25000000,2075084,24016
Mama Weed,"Crime, Drama, Comedy",2020-09-09,5080800,5460628,575463
Atlantic City,"Crime, Drama, Romance",1980-09-03,7200000,12729675,23954
The Black Cat,"Horror, Mystery",1934-05-07,95745,236000,24106
Initial D,"Action, Crime, Drama",2005-05-12,1549000,7096000,16411
Sugar & Spice,"Crime, Comedy, Drama",2001-01-24,11000000,13276953,16723
Project X,"Drama, Comedy",1987-04-17,18000000,18532286,18410
Slack Bay,Comedy,2016-05-13,8104734,920719,371865
Jab We Met,"Drama, Comedy, Romance",2007-10-26,2300000,4600000,11807
I'm Not Ashamed,Drama,2016-10-21,1500000,2100000,409502
My Beautiful Laundrette,"Comedy, Drama, Romance",1985-11-16,860000,2451545,11240
Paradise Now,"Thriller, Crime, Drama",2005-09-07,2000000,3395627,67
At Close Range,"Crime, Drama, Thriller",1986-04-18,6500000,2347000,13715
Violet & Daisy,"Thriller, Crime, Drama, Action, Comedy",2011-09-15,8000000,108139,91550
The Upside of Anger,"Comedy, Drama",2005-01-23,12000000,28237488,11354
Don,"Action, Drama, Thriller",2006-10-20,5000000,15000000,17501
Breaking Away,"Drama, Comedy",1979-05-24,2300000,20000000,20283
Marlowe,"Mystery, Thriller, Crime",2023-02-15,20000000,6262663,844417
English Vinglish,"Comedy, Drama, Family",2012-09-21,2840000,11620000,118628
Tamara,"Fantasy, Horror, Thriller",2005-05-12,4750000,206871,10263
The Battleship Island,"Action, History, Drama, War",2017-07-26,21000000,46183383,436391
Johnny Handsome,"Crime, Drama",1989-09-12,20000000,7237794,505
Veer-Zaara,"Drama, Romance",2004-11-12,7000000,29385320,4251
The Red Baron,"Action, Adventure, Drama, History, War",2008-03-29,18000000,2783332,8349
Run Hide Fight,"Action, Crime, Thriller",2021-06-17,2000000,34561,629017
Xanadu,"Fantasy, Science Fiction, Romance",1980-08-08,20000000,22762571,15668
The Canyons,"Thriller, Drama",2013-08-02,250000,56825,109729
Airport 1975,"Action, Thriller, Drama",1974-10-18,3000000,47000000,27932
War of the Arrows,"Drama, Action, History",2011-08-10,8000000,49000000,79224
London Fields,"Crime, Thriller",2018-09-20,8000000,487420,220882
Kevin Hart: What Now?,Comedy,2016-10-14,9900000,23600000,339927
Stop-Loss,"Drama, War",2008-03-28,25000000,11207130,8988
Extreme Job,"Action, Comedy, Crime",2019-01-23,8120000,124652206,567646
The Damned,"Thriller, Horror, Mystery",2014-06-20,3000000,5758519,258086
Operation Mekong,"Action, Adventure, Crime, War",2016-09-30,30200000,173000000,415214
Steel,"Science Fiction, Action, Adventure",1997-08-15,16000000,1686429,8854
Jagged Edge,Thriller,1985-10-04,15000000,40500000,12235
Country Strong,"Drama, Romance, Music",2010-12-22,15000000,20601987,45272
Married to the Mob,"Comedy, Crime, Romance",1988-08-19,10000000,21486757,2321
Shinjuku Incident,"Drama, Action, Thriller, Crime",2009-03-22,15000000,5461200,20083
The Crime Is Mine,"Comedy, Mystery",2023-03-08,13700000,9693463,977506
The Chamber,"Crime, Drama",1996-10-11,50000000,22540359,6346
All the Right Moves,"Romance, Drama",1983-10-21,5600000,17233166,18172
The Romantics,"Drama, Romance",2010-09-10,4500000,123820,41556
Poetic Justice,"Drama, Romance",1993-07-23,14000000,27515786,8291
Shadow Dancer,Thriller,2012-02-12,6300000,1777709,84336
Hearts Beat Loud,"Music, Drama, Comedy, Family",2018-06-08,2000000,2115765,470333
Heaven & Earth,"History, War, Action, Drama",1993-12-25,33000000,5864949,31642
Swing Vote,"Comedy, Drama",2008-08-01,21000000,17600000,10187
Casshern,"Drama, Horror, Science Fiction",2004-04-24,6000000,12353768,11662
Pirates,"Adventure, Comedy",1986-05-08,40000000,1641825,11483
Santa Claus: The Movie,"Family, Fantasy, Adventure",1985-10-29,50000000,23717291,13764
Mishima: A Life in Four Chapters,Drama,1985-05-15,5000000,502758,27064
Only the Animals,"Drama, Crime",2019-12-04,5000000,878668,574321
Yeh Jawaani Hai Deewani,"Romance, Comedy",2013-05-31,7700000,46000000,185008
A Field in England,"Drama, History, Horror, Thriller, Comedy, Adventure, Fantasy",2013-07-05,300000,600000,179111
Fan,"Action, Adventure, Thriller",2016-04-14,12750000,28000000,377985
The Big Bounce,"Comedy, Crime",2004-01-30,50000000,6808550,12634
The Banger Sisters,"Comedy, Drama",2002-09-20,10000000,38068353,9034
Mrs. Miniver,"Drama, Romance, War",1942-07-03,1344000,13500000,27367
Capture the Flag,"Comedy, Animation, Adventure, Family",2015-08-28,14000000,8306690,300602
Tomcats,"Comedy, Romance",2001-03-30,11000000,23430766,10646
Geronimo: An American Legend,"Western, History, Action",1993-12-10,35000000,18635620,35588
The Wild Geese,Action,1978-06-28,11600000,9884149,7010
Down and Out in Beverly Hills,Comedy,1986-01-31,14000000,62134225,9941
Veronika Decides to Die,"Drama, Romance",2009-05-16,9000000,1709178,25968
Black Dog,Action,1998-05-01,30000000,12951088,18316
The Lure,"Horror, Fantasy, Music",2015-12-25,1300000,102986,375742
Jab Tak Hai Jaan,"Drama, Romance",2012-11-13,6087315,256884693,132316
Human Nature,"Drama, Comedy",2001-09-12,6000000,1600000,441
Kontroll,"Thriller, Comedy, Crime",2003-11-20,500000,1277800,5204
Gimme Shelter,Drama,2013-10-17,7500000,1359910,232175
Code Name: The Cleaner,"Action, Comedy, Crime",2007-01-05,20000000,10337477,14396
Battle of the Bulge,"Drama, History, War",1965-12-16,6500000,11118000,13524
The Quiet,"Drama, Thriller",2005-09-12,900000,381420,9813
Godzilla 2000: Millennium,"Action, Adventure, Science Fiction",1999-12-11,8300000,25037390,10643
Bronco Billy,"Drama, Romance, Comedy",1980-06-11,6500000,24265583,21866
The Good Doctor,"Drama, Thriller, Mystery",2011-04-23,6000000,5206,65650
The Bride Wore Black,"Crime, Drama, Mystery",1968-03-22,747000,9600000,4191
African Cats,"Documentary, Adventure",2011-04-21,5000000,30857747,57586
The Secrets We Keep,"Thriller, History, Drama",2020-09-16,7200000,615233,615115
The Flock,"Crime, Drama, Mystery, Thriller",2007-08-04,35000000,7155358,14148
Coal Miner's Daughter,"Music, Drama",1980-03-07,15000000,67182787,16769
Bad Moon,Horror,1996-11-01,7000000,1100000,49763
The Last Dragon,"Action, Adventure, Music",1985-03-22,10000000,25754284,13938
20 Feet from Stardom,"Documentary, Music",2013-06-14,1000000,5892466,159014
Dance Flick,"Music, Comedy, Action",2009-05-22,25000000,31439140,21724
Pina,Documentary,2011-02-24,4317946,14624826,57276
The End of the Affair,"Romance, Drama",1999-12-03,23000000,10827816,20024
"Mystery, Alaska","Drama, Comedy",1999-10-01,28000000,8891623,15198
On the Town,"Romance, Comedy, Music",1949-12-08,2133000,4428000,31516
Bulworth,"Comedy, Drama",1998-05-15,30000000,29202884,9452
Bhaag Milkha Bhaag,"History, Action, Drama",2013-07-12,4600000,25000000,206324
Head Over Heels,"Romance, Comedy",2001-02-02,14000000,13127022,24940
Delicious,"History, Drama",2021-09-08,5000000,8356097,745611
Soapdish,Comedy,1991-05-31,25000000,36489888,25562
Box Office 3D - Il film dei film,Comedy,2011-09-09,5000000,2777000,76994
Reno 911!: Miami,"Action, Comedy, Crime",2007-02-23,10000000,20342161,10090
House II: The Second Story,"Fantasy, Horror, Comedy",1987-05-14,3000000,10000000,37530
Ring 0,"Horror, Thriller, Drama",2000-01-22,6000000,11918069,9674
The Wiz,"Adventure, Family, Fantasy, Music",1978-10-24,24000000,21049053,24961
Smoke & Mirrors,"History, Thriller",2016-09-23,5000000,2387127,361777
Latter Days,"Drama, Comedy, Romance",2004-01-30,850000,819939,15708
The Great Gilly Hopkins,"Comedy, Drama, Family",2015-10-05,5000000,97798,331588
Paris Can Wait,"Comedy, Drama, Romance",2016-09-12,5000000,13203541,375867
Game Therapy,"Science Fiction, Adventure, Action, Fantasy, Drama",2015-10-22,2000000,1341185,364470
The Return of Swamp Thing,"Horror, Science Fiction",1989-05-11,4000000,192816,19142
"Hush... Hush, Sweet Charlotte","Drama, Horror, Mystery",1964-12-15,2200000,4000000,10299
War,"Action, Thriller, Adventure",2019-10-02,27941858,66293455,585268
American Outlaws,"Western, Action",2001-08-17,35000000,13678913,13496
Brainstorm,"Science Fiction, Thriller",1983-09-30,18000000,10219460,15050
The Heiress,"Drama, Romance, History",1949-10-06,2600000,2300000,28571
Thunderstruck,"Comedy, Family",2012-08-24,587211,587211,119738
Jodhaa Akbar,"Romance, History, Drama",2008-02-13,5800000,28700000,14073
The Sand Pebbles,"Adventure, War, Drama",1966-12-20,12000000,20000000,5923
Factory Girl,"Drama, History",2006-12-29,7000000,3572632,12271
Ca$h,"Crime, Thriller, Comedy, Mystery",2010-03-01,7000000,46488,27004
Flirting with Disaster,Comedy,1996-03-22,7000000,14702438,2074
The Abandoned,"Horror, Thriller",2006-09-11,3000000,4529892,10790
Dracula: Prince of Darkness,Horror,1966-01-09,280379,364937,17102
Haunted Mansion,"Fantasy, Comedy",2023-07-26,157800000,91000000,616747
BloodRayne 2: Deliverance,"Action, Horror, Western",2007-09-18,10000000,167445,17456
Godzilla Raids Again,"Science Fiction, Horror, Action",1955-04-24,800000,1952653,1679
The Eight Hundred,"War, History, Drama, Action",2020-08-14,80000000,461421559,508935
Divorce Club,Comedy,2020-07-14,9466480,5127426,665488
Running with Scissors,"Drama, Comedy",2006-10-27,12000000,6754898,7510
Katyn,"Drama, History, War",2007-09-21,5600000,14768451,13614
Gentleman's Agreement,"Drama, Romance",1947-11-11,2000000,7800000,33667
Ava,Drama,2017-06-21,3000000,500000,453354
Breathless,"Romance, Drama, Action",1983-05-13,7500000,19910002,1058
She's the One,"Romance, Comedy",1996-08-26,3500000,9538948,11363
Simon Birch,"Comedy, Drama, Family",1998-09-11,20000000,18253415,22796
Seberg,"Thriller, Drama",2019-12-13,8000000,592565,510298
Graveyard Shift,Horror,1990-10-26,10500000,11582891,19158
Legacy of Lies,"Thriller, Action",2020-07-28,4500000,94583,601165
A.R.O.G,"Science Fiction, Fantasy, Comedy",2008-12-05,8500000,9582732,24426
The Paradine Case,"Mystery, Romance, Drama",1947-12-31,4258000,2100000,31667
Rendel,"Fantasy, Action, Crime",2017-09-22,1686858,1891907,397852
Simply Irresistible,"Comedy, Romance",1999-02-05,6000000,4398989,16172
A Mighty Wind,"Comedy, Music",2003-04-16,6000000,18750246,13370
The Bad and the Beautiful,"Drama, Romance",1952-12-25,1558000,3373000,32499
Divine Secrets of the Ya-Ya Sisterhood,"Comedy, Drama",2002-06-07,27000000,73839240,9583
10,"Comedy, Romance",1979-10-05,7000000,74865517,9051
The Man Who Cried,"Romance, Drama, Music, War",2000-08-29,20170000,1800000,29572
Battle in Seattle,"Action, Drama",2007-09-07,8000000,908847,13177
Song One,Drama,2014-01-20,6000000,32251,244783
The Contender,"Drama, Thriller",2000-10-13,20000000,22428990,6521
Used Cars,Comedy,1980-07-11,8000000,11715321,14475
Paint Your Wagon,"Comedy, Western, Music",1969-10-15,20000000,31678778,20391
Alatriste,Action,2006-09-01,24000000,23321954,13495
Just Getting Started,"Action, Comedy",2017-12-01,22000000,6069605,398177
The Doom Generation,"Comedy, Crime, Drama, Romance",1995-10-27,800000,284785,13552
Invaders from Mars,"Science Fiction, Horror",1986-06-06,12000000,4884663,31909
"Godzilla, King of the Monsters!","Science Fiction, Horror",1956-04-27,25000,2000000,18983
Motel Hell,"Comedy, Horror",1980-08-14,3000000,6342668,30924
Miracle Mile,"Romance, Drama, Science Fiction, Thriller, Comedy",1988-05-19,3700000,1145404,24739
Amelia,"Adventure, Drama",2009-10-22,40000000,19643086,8915
The Keep,"Horror, War, Fantasy",1983-12-16,6000000,3661757,26198
Dhoom 2,"Drama, Action, Thriller, Crime",2006-11-24,11000000,46396427,14194
Runaway,"Science Fiction, Crime, Thriller",1984-12-14,8000000,6770587,9507
Next of Kin,"Adventure, Action, Thriller",1989-10-20,12000000,15942628,27418
Ghoulies,"Comedy, Horror, Fantasy",1985-01-18,5500000,35000000,18498
Eight Men Out,"Drama, History",1988-09-02,6100000,5700000,13554
Turning Tide,"Adventure, Drama",2013-11-06,1700000,7029858,149087
The Greatest Show on Earth,"Drama, Family, Romance",1952-02-16,4000000,36000000,27191
The Adventurer: The Curse of the Midas Box,"Fantasy, Adventure, Family",2013-12-05,25000000,6399,227707
The Night Flier,"Horror, Mystery",1997-04-30,1000000,91549,12238
War and Peace,"Drama, War, Romance, History",1956-08-21,6000000,12500000,11706
Wuthering Heights,"Drama, Romance",2011-09-09,5692172,1742215,9364
Lay the Favorite,"Drama, Comedy",2012-06-22,26350000,1576687,84305
Madeline,"Family, Comedy, Drama",1998-07-10,20000000,29967750,35680
The D Train,"Drama, Comedy",2015-05-08,447524,771317,308638
Wake of Death,Action,2004-12-28,14000000,521918,14172
The Long Riders,Western,1980-05-16,10000000,15795189,14729
Smilla's Sense of Snow,"Action, Crime, Drama, Mystery, Thriller",1997-02-28,35000000,2372903,9311
The Cowboys,"Western, Adventure, Drama, Action",1972-01-13,6000000,7500000,15573
Children of the Corn II: The Final Sacrifice,Horror,1992-01-29,900000,6980986,25748
The Spiral Staircase,"Mystery, Thriller, Horror",1946-02-06,750000,2800000,27452
Because of Winn-Dixie,"Family, Comedy, Drama",2005-02-18,14000000,32645546,17880
House Party,Comedy,1990-03-09,2500000,26386000,16094
Porky's Revenge,Comedy,1985-03-22,9000000,20518905,23919
Stop Making Sense,"Music, Documentary",1984-11-16,1200000,4978922,24128
Sorority Boys,Comedy,2002-03-22,12000000,12517488,6020
Louis C.K.: Live at the Beacon Theater,Comedy,2011-12-10,250000,1000000,80379
Turbulence,"Action, Thriller, Crime",1997-01-09,55000000,11466088,34314
Mo' Better Blues,"Drama, Romance, Music, Comedy",1990-08-03,10000000,16153593,41823
The Other Man,"Drama, Thriller, Mystery, Romance",2008-12-25,15000000,1143856,17606
Action Jackson,"Action, Comedy",1988-02-12,7000000,20256975,10117
Pound of Flesh,Action,2015-05-07,7500000,163080,326284
Butterfly,Drama,1999-09-24,3000000,7738129,31023
For Richer or Poorer,Comedy,1997-12-11,35000000,31611225,10371
The Two Jakes,"Crime, Drama, Mystery",1990-08-10,19000000,10005969,32669
Dear Zindagi,"Drama, Romance",2016-11-23,4300000,3376375,413543
The Stronghold,"Action, Adventure, Comedy, Family, Fantasy, History",2017-10-12,2000000,2745966,434245
King Kong vs. Godzilla,"Action, Adventure, Science Fiction",1963-06-26,12000,2700000,686487
Coffy,"Action, Thriller, Crime",1973-06-13,500000,4000000,22021
Neerja,"Drama, Thriller",2016-02-19,2900000,17618280,376869
The Robe,"Drama, History",1953-09-16,4100000,36000000,29912
The Wedding Banquet,"Comedy, Drama, Romance",1993-03-01,1000000,6933459,9261
Guys and Dolls,"Comedy, Crime, Romance",1955-12-23,5500000,6874673,4825
Gossip,"Mystery, Thriller",2000-04-21,14000000,5108820,18041
Life in a Day,"Documentary, Drama",2011-01-27,45202,225861,66150
The Musketeer,"Adventure, Action, Family, Romance",2001-09-07,40000000,27053815,11370
Cherry 2000,"Action, Adventure, Comedy, Science Fiction",1987-11-10,10000000,14000,15785
Rapid Fire,"Action, Thriller",1992-08-21,10000000,14356479,13153
Haider,"Crime, Action, Drama, Romance",2014-10-02,7000000,11500000,280795
Mojin: The Lost Legend,"Action, Adventure, Fantasy",2015-12-18,37000000,278300000,299824
The Raven,"Comedy, Fantasy, Horror",1963-01-25,350000,1499275,29056
Beowulf,"Adventure, Fantasy, Action",1999-04-01,20000000,1531251,5470
The Lair of the White Worm,"Comedy, Horror",1988-09-21,2500000,1189315,11347
VFW,"Action, Horror",2019-09-21,1000000,23101,624779
Who's That Girl,"Comedy, Romance",1987-08-07,18500000,7305209,26827
Youth Without Youth,"Fantasy, Drama, Mystery",2007-10-26,5000000,244397,7797
Strange Wilderness,Comedy,2008-02-01,20000000,6964734,14220
Winx Club: The Secret of the Lost Kingdom,"Fantasy, Animation, Family",2007-11-29,31052475,16688332,80797
Occupation: Rainfall,"Science Fiction, Action",2020-10-30,25000000,331091,688258
Moonlight Mile,"Romance, Drama",2002-09-09,21000000,10011050,31005
Godzilla vs. Destoroyah,"Action, Science Fiction, Horror",1995-12-09,10000000,18000000,12561
Yentl,"Music, Drama, Romance",1983-11-18,12000000,30400000,10269
Slums of Beverly Hills,"Comedy, Drama",1998-08-14,5000000,5502773,14662
Till,"Drama, History",2022-10-14,20000000,8900000,854239
Office Uprising,"Comedy, Horror, Action",2018-06-19,2500000,165623,381237
Don 2,"Action, Thriller",2011-12-23,11000000,2900000,41109
Moscow Does Not Believe in Tears,"Drama, Comedy, Romance",1980-02-11,900000,2500000,21028
Abigail,"Adventure, Fantasy, Mystery",2019-08-22,7000000,1940234,575094
Lou!,Comedy,2014-10-08,6113859,1581125,294463
Switchback,"Thriller, Mystery, Crime",1997-10-31,37000000,6482195,10871
The Preacher's Wife,"Family, Fantasy, Drama, Comedy, Romance",1996-12-13,40000000,48102795,21539
A Star Is Born,"Drama, Music, Romance",1976-12-17,6000000,80000000,19610
The Card Player,"Horror, Mystery, Thriller",2004-01-02,2600000,3368452,15483
EXIT,"Action, Comedy",2019-07-31,10892000,69501772,572164
Heal the Living,Drama,2016-11-01,10000000,3176,383807
Away from Her,"Drama, Romance",2007-05-04,3000000,9194283,1919
A Better Life,Drama,2011-06-24,10000000,1759252,55720
The Deep,"Mystery, Thriller, Adventure",1977-06-17,9000000,100000000,20416
The Brown Bunny,Drama,2004-04-07,10000000,365734,12703
The Class,Drama,2007-03-16,145625,4117,28205
This Island Earth,"Science Fiction, Adventure",1955-06-01,800000,1700000,831
Golden Men,"Crime, Drama",2019-11-07,929868,929868,605278
Bus Stop,"Comedy, Drama, Romance",1956-08-31,220000,7270000,24010
Every Thing Will Be Fine,Drama,2015-02-10,12000000,554953,246127
The Man with the Golden Arm,"Drama, Crime",1955-12-26,1000000,4350000,541
The Draughtsman's Contract,"Comedy, Mystery, History",1982-11-12,370800,2256246,10831
Valley Girl,"Comedy, Romance",1983-04-08,350000,17343596,19053
Swing Time,"Comedy, Music, Romance",1936-08-27,886000,2600000,20325
"Godzilla, Mothra and King Ghidorah: Giant Monsters All-Out Attack","Action, Science Fiction, Fantasy",2001-12-15,9400000,20000000,36243
...And God Created Woman,"Drama, Romance",1956-11-28,300000,33000000,8420
Pink Cadillac,"Action, Adventure, Comedy, Drama, Romance",1989-05-26,19000000,12100000,20006
City of Life and Death,"Drama, History, War",2009-04-22,12000000,10652498,21345
Big Night,"Drama, Romance",1996-09-20,4100000,12008376,18203
The Informers,Drama,2008-11-05,18000000,382174,17436
The Bridge,Documentary,2006-10-27,25000,179780,1666
Kissing Jessica Stein,Comedy,2002-03-13,1000000,10013424,15647
Taxi to the Dark Side,Documentary,2007-04-30,1000000,274661,13362
Sultan,"Drama, Action, Romance",2016-07-06,10400000,102000000,376812
Ragnarok,"Action, Adventure",2013-10-04,6500000,3721345,140818
Lucas,"Comedy, Drama, Romance",1986-03-28,6000000,8200000,13346
Maigret,"Mystery, Drama",2022-02-23,7000000,5934907,752564
Son of the Pink Panther,"Comedy, Crime",1993-08-27,25000000,2438031,46828
Huevos: Little Rooster's Egg-Cellent Adventure,"Animation, Adventure, Comedy, Family",2015-09-04,5300000,26072723,264419
Doctor Who,"TV Movie, Adventure, Science Fiction",1996-05-12,5000000,42000000,15691
The Out-of-Towners,Comedy,1999-04-02,75000000,29000000,8970
Fled,Action,1996-07-19,25000000,17193231,18550
Foul Play,"Comedy, Mystery, Thriller",1978-07-14,5000000,45000000,15659
Blue Story,"Crime, Drama, Romance",2019-11-22,1600000,5750000,621191
Born Into Brothels: Calcutta's Red Light Kids,Documentary,2004-12-08,350000,3529201,1392
My Life,"Drama, Romance",1993-11-12,17500000,27484464,41659
Billy Bathgate,Crime,1991-11-01,48000000,15565363,12647
The Associate,Comedy,1996-10-25,23000000,12800000,11112
Infinite Storm,"Thriller, Adventure, Drama",2022-03-25,4749917,1564696,811631
Another Stakeout,"Comedy, Crime, Action",1993-07-22,30000000,30000000,9409
I Love Trouble,"Romance, Comedy",1994-06-29,45000000,61947267,10879
Written on the Wind,"Drama, Romance",1956-10-04,1300000,4300000,69605
Wolf Warrior,"Action, War",2015-04-02,12000000,80000000,335462
Music of the Heart,"Music, Drama",1999-10-29,27000000,14859394,26149
Tape,Drama,2001-11-02,100000,490475,23949
Dark Tide,"Thriller, Adventure, Drama",2012-03-28,25000000,432274,59963
Animal Factory,"Crime, Drama",2000-10-13,3600000,43805,9791
Zola,"Comedy, Crime",2020-01-24,5000000,3500000,539565
Class of 1999,"Science Fiction, Action",1990-04-01,5200000,2459895,23535
The Toy,"Comedy, Family",1982-12-10,28000000,47118057,23805
Talk Radio,Drama,1988-12-21,4000000,3468572,10132
Mondays in the Sun,"Drama, Comedy",2002-09-27,4000000,146402,54580
Never Grow Old,Western,2019-03-15,12000000,106796,498743
The Dancer,"Drama, History",2016-09-28,8000000,2000000,392794
Down in the Valley,"Drama, Romance, Thriller, Western",2005-05-13,8000000,852872,7870
Space Battleship Yamato,"Science Fiction, Action, Adventure",2010-12-01,12000000,49827298,61984
Legal Eagles,"Comedy, Crime",1986-06-18,40000000,93151591,9930
Pink,"Drama, Thriller",2016-09-16,75000000,15020702,415358
The Samaritan,Thriller,2012-03-02,12000000,2521,98339
Playing by Heart,"Comedy, Drama, Romance",1998-12-30,20000000,3970078,825
About Last Night...,"Comedy, Drama, Romance",1986-07-02,8500000,38702310,18169
Mr. Stein Goes Online,"Romance, Drama, Comedy",2017-02-17,5000000,3358085,434273
Wolfen,"Horror, Thriller",1981-07-24,17000000,10626725,10725
East Is East,"Drama, Comedy",1999-05-14,3800000,28200000,10557
Canadian Bacon,Comedy,1995-06-08,11000000,178104,1775
The Photograph,"Drama, Romance",2020-02-14,16000000,20690779,589049
Chéri,"Drama, Comedy, Romance",2009-04-08,23000000,9368242,22215
"Lord, Give Me Patience",Comedy,2017-06-16,4600000,7315040,437297
The Band Wagon,"Comedy, Music, Romance",1953-08-07,2900000,3500000,29376
Cactus Flower,"Comedy, Romance",1969-12-16,3000000,25800000,28289
Kung Fu Dunk,"Action, Adventure, Comedy",2008-02-07,10000000,22896728,17108
Alex & Emma,"Comedy, Romance",2003-06-20,30000000,15368897,17813
The Burning Sea,"Action, Drama, Thriller",2021-10-29,8300000,2836382,623511
Godzilla vs. Biollante,"Action, Science Fiction, Thriller",1989-12-16,5000000,7000000,18289
Fury,"Crime, Drama",1936-06-05,604000,1300000,14615
Boys on the Side,"Comedy, Drama",1995-02-03,21000000,23450000,9382
Enthiran,"Action, Science Fiction, Fantasy",2010-10-01,26400000,62000000,148284
Shampoo,"Comedy, Drama",1975-02-11,4000000,60000000,31121
King Kong Lives,"Fantasy, Action, Adventure",1986-12-19,10000000,4711220,31947
Madea's Family Reunion,"Drama, Comedy, Romance",2006-02-24,6000000,57231524,16781
Brian Banks,Drama,2019-08-09,10000000,4300000,535845
The Hoax,"Comedy, Drama",2006-10-14,25000000,11772461,9903
Samson and Delilah,"Drama, Romance, Adventure",1949-12-21,3000000,11500000,29993
Bon Cop Bad Cop,"Action, Comedy, Crime",2006-07-06,8000000,12671300,15049
The Door in the Floor,Drama,2004-07-18,7500000,6715067,1944
I Saw the Light,"Music, Drama",2016-02-05,13000000,1646788,297806
Mr. Destiny,"Fantasy, Comedy, Science Fiction, Romance",1990-10-12,20000000,15379253,2612
Knight Moves,"Mystery, Thriller",1992-01-14,9000000,923418,5765
Jumping the Broom,Comedy,2011-05-06,6600000,37710610,57119
Don't Look Back,"Drama, Horror, Mystery, Thriller",2009-06-03,13000000,2651917,18897
Fireflies in the Garden,Drama,2008-08-07,8000000,6692182,7353
To Be or Not to Be,Comedy,1983-12-16,9000000,13030214,22998
Snow Day,"Comedy, Family, Adventure",2000-02-11,13000000,62464731,15489
A Stroke of Luck,"Romance, Drama, Comedy",2016-12-02,3500000,12304617,375868
Pad Man,"Comedy, Drama",2018-02-09,10000000,23000000,447856
The Adventures of Ford Fairlane,"Action, Comedy, Thriller, Crime, Mystery",1990-07-11,49000000,20423389,9548
Evil Angels,Drama,1988-11-03,15000000,6908797,35119
Biloxi Blues,"Comedy, Drama, War",1988-03-25,20000000,51684798,19382
Chestnut: Hero of Central Park,"Family, Comedy",2004-10-21,6,10,34672
Hombre,Western,1967-03-21,5860000,12000000,27945
Ready to Wear,Comedy,1994-12-23,15000000,11300653,3586
The Sapphires,"Comedy, Drama",2012-08-08,9000000,20400000,110146
Ridicule,"Comedy, Drama, Romance",1996-05-09,3000000,2503829,12709
Outside the Law,"Action, Drama, History, War",2010-09-21,30000000,3470487,47904
Manglehorn,Drama,2015-06-03,4000000,143101,254905
Samaritan Girl,Drama,2004-03-05,1000000,328161,1279
4.3.2.1,"Action, Thriller, Crime, Romance",2010-06-02,4600000,1163967,44877
One-Eyed Jacks,Western,1961-03-30,6000000,4300000,18647
Dutch,Comedy,1991-07-19,17000000,4603929,25330
Sergeant York,"History, War, Drama",1941-09-27,1400000,16361885,16442
The Jazz Singer,"Drama, Music",1928-02-04,422000,2600000,939
Love Again,"Romance, Drama, Comedy",2023-05-04,9000000,10000000,758336
Bottle Shock,"Comedy, Drama",2008-09-05,5000000,4040588,13996
Cry Freedom,Drama,1987-11-06,29000000,25899797,12506
Summer Storm,"Comedy, Drama",2004-09-02,2700000,2085166,342
Black Snow,"Mystery, Drama, Crime, Thriller",2017-01-19,4000000,1440000,425942
Kabhi Alvida Naa Kehna,"Drama, Romance",2006-08-11,7400000,17000000,14395
Machuca,Drama,2004-02-24,1500000,3187700,12086
Operation Chromite,"History, Drama, War, Action",2016-07-27,12700000,49196532,407887
Monster High: The Movie,"Family, Fantasy, Comedy, Adventure, Music, TV Movie",2022-10-06,1000000,5000,335795
The Cassandra Crossing,"Action, Thriller",1976-12-18,6000000,15300000,32037
Troll,"Fantasy, Horror",1986-01-17,1100000,5450815,33061
She's Having a Baby,"Comedy, Drama, Romance",1988-02-05,20000000,16000000,12714
Secret Sunshine,Drama,2007-05-17,2900000,11581469,2015
December Boys,"Drama, Romance",2007-09-14,4000000,46474,4629
"Turn Me On, Dammit!","Drama, Comedy",2011-08-19,3100000,1743743,62564
Baggage Claim,"Romance, Comedy",2013-09-27,8500000,22456509,175528
Let the Sunshine In,"Comedy, Drama, Romance",2017-09-27,2978000,4192590,431017
The House on Sorority Row,"Horror, Mystery, Thriller",1983-01-21,425000,10604986,40229
The Pirates,"Action, Adventure, Comedy, History, Fantasy",2014-08-06,13000000,64400000,285213
The Ballad of Cable Hogue,"Comedy, Western, Action",1970-03-18,3716946,5000000,23330
Fresh,"Crime, Drama, Thriller",1994-06-15,3500000,8094616,13815
Infamous,"Drama, Crime",2006-10-13,13000000,2689799,9672
The Opposite of Sex,"Comedy, Drama",1998-05-22,5000000,5879254,9844
BlackBerry,"Comedy, Drama, History",2023-02-13,5000000,2600000,1016084
Little Monsters,"Adventure, Fantasy, Comedy, Family",1989-08-25,7000000,793775,15138
Tom Jones,"Adventure, Comedy, Romance",1963-08-24,1000000,37600000,5769
Black Lightning,"Science Fiction, Action, Adventure, Thriller",2009-12-28,10000000,21500000,31162
Southside with You,"Romance, Drama",2016-08-26,1500000,6628603,310888
Godzilla Against MechaGodzilla,"Action, Science Fiction",2002-11-02,8500000,16000000,12636
The History Boys,"Comedy, Drama",2006-10-02,4000000,13401952,8618
The Adventures of Milo and Otis,"Adventure, Drama, Family",1986-06-27,7520000,13299749,47951
Black Widow,Thriller,1987-02-06,10500000,25205460,19345
Me and Orson Welles,"Drama, History",2009-11-25,25000000,2336172,12404
The Berlin File,"Action, Thriller, Crime",2013-01-30,9000000,48965210,160704
Fanaa,"Action, Drama, Romance, Thriller",2006-05-26,5300000,22175908,8453
Sky Fighters,"Action, Adventure",2005-10-15,19610000,10720864,10798
Clerks III,Comedy,2022-09-04,7000000,4717597,635891
Iceman,"Adventure, Action, Science Fiction, Comedy, Fantasy",2014-04-17,25477000,26033917,105001
Lage Raho Munna Bhai,"Comedy, Drama, Romance",2006-09-01,1800000,31517561,21461
Radio Flyer,Drama,1992-02-21,35000000,4651977,20763
"Love, Wedding, Marriage","Comedy, Romance",2011-06-03,13000000,51917,59296
Mr. & Mrs. Smith,"Comedy, Romance",1941-01-31,743000,1400000,24197
Joe Somebody,"Comedy, Romance, Family, Drama",2001-12-21,38000000,24516772,12312
Battle in Heaven,Drama,2005-05-15,1601792,253527,17247
Absence of Malice,"Crime, Drama, Romance",1981-11-19,12000000,40716963,19429
Gung Ho,"Comedy, Drama",1986-03-14,13000000,36611610,13698
Mommie Dearest,Drama,1981-09-18,19032261,5000000,15660
Stung,"Horror, Comedy, Science Fiction",2015-07-03,2500000,71085,254472
10 to Midnight,"Crime, Drama, Thriller",1983-03-11,4520000,7175592,18587
The Ten,Comedy,2007-08-03,5250000,785528,13173
Eyes of Laura Mars,"Drama, Mystery, Thriller, Horror",1978-08-02,7000000,20000000,29143
The Debt Collector,"Action, Comedy",2018-06-05,3000000,28645,513691
The Return of Godzilla,"Science Fiction, Action, Thriller",1984-12-15,6000000,11000000,421467
Dance with the Devil,"Action, Thriller",1997-10-31,7552917,2957970,9845
Airlift,"Drama, History, Action",2016-01-22,4500000,32000000,375290
Another Gay Movie,"Comedy, Romance",2006-04-28,500000,745327,12795
Long Live Freedom,"Comedy, Drama",2013-02-13,5000000,48125,167221
Paparazzi,"Action, Drama, Thriller",2004-09-03,20000000,16796512,15644
Iris,"Drama, Romance",2001-12-14,5500000,16153953,11889
King of Kings,"Drama, History",1961-10-11,5037000,14483352,36362
Toilet: A Love Story,"Comedy, Drama, Romance",2017-08-11,3700000,13800000,441875
Where Do We Go Now?,"Drama, Comedy",2011-09-14,21000000,6700000,77461
The Chumscrubber,"Comedy, Drama",2005-06-08,6800000,351401,13919
Man-Thing,"Action, Fantasy, Horror",2005-04-21,5000000,1123136,18882
It Came from Outer Space,"Horror, Science Fiction",1953-06-05,800000,1600000,19483
Atlas Shrugged: Part I,"Drama, Thriller, Science Fiction, Mystery",2011-04-14,15000000,4627375,56780
5 Days of War,"War, Drama",2011-04-14,20000000,87793,50601
Bigfoot Family,"Animation, Adventure, Family",2020-07-23,17520000,10855626,702525
The Nutcracker: The Untold Story,"Music, Fantasy, Action, Family",2010-11-24,90000000,17177993,49852
Torrente 5,"Action, Comedy",2014-10-03,9272437,11672363,254869
Hard Times,"Drama, Action, Crime",1975-08-13,2700000,5000000,22094
Ghosts of the Abyss,Documentary,2003-04-10,13000000,17040871,24982
Uncommon Valor,"Drama, War, Action",1983-12-16,11000000,30503151,9967
Eega,"Fantasy, Action, Comedy",2012-07-05,5990000,19450000,148265
Slackers,"Comedy, Romance",2002-02-01,14000000,6413915,20009
Bats,"Horror, Thriller, Science Fiction",1999-10-22,5250000,10155690,10496
Operation Avalanche,"Thriller, Mystery, Comedy",2016-07-29,1250000,55000,376453
The Pick-up Artist,"Romance, Comedy, Crime",1987-09-18,15000000,13290368,17258
Teen Wolf Too,"Comedy, Fantasy, Family",1987-11-20,3000000,7900000,15582
I Think I Love My Wife,"Comedy, Romance",2007-03-07,11000000,13196245,14434
Mississippi Mermaid,"Crime, Drama, Romance, Thriller",1969-06-18,1600000,7356000,1651
David Lynch: The Art Life,Documentary,2017-02-15,179554,311470,413765
Heartburn,"Comedy, Drama, Romance",1986-07-25,15000000,52600000,13818
Summer Catch,"Comedy, Romance",2001-08-22,34000000,19693891,26602
Dirty Girl,"Drama, Comedy",2010-09-12,4000000,143485,70695
Astro Kid,"Animation, Comedy, Adventure, Family",2019-04-03,5100000,3123088,580600
Arif V 216,"Adventure, Comedy, Science Fiction",2018-01-05,1705235,3501037,450720
Fly Me to the Moon,"Adventure, Animation, Family",2008-08-15,25000000,41412264,13956
Godzilla vs. Hedorah,"Action, Science Fiction",1971-07-24,250000,2768400,39464
Unknown Soldier,"War, Drama",2017-10-27,8000000,15550000,400728
The Next Best Thing,"Comedy, Drama, Romance",2000-03-03,25000000,24362772,1831
A Dirty Carnival,"Crime, Drama, Action",2006-10-17,4700000,10371998,23538
The Castle,"Drama, Comedy",1997-04-10,786675,861789,13852
Savage Grace,Drama,2007-05-18,4600000,1432799,10822
Udaan,Drama,2010-06-17,800000,520000,45316
Night Shift,Comedy,1982-07-30,8100000,21095683,14742
Sinbad and the Eye of the Tiger,"Action, Adventure, Family, Fantasy, Science Fiction",1977-07-15,3500000,16000000,11940
Mr. Nanny,"Family, Comedy",1993-04-02,10000000,4300000,19371
Carlos,"Crime, Drama, Thriller, History",2010-07-07,18000000,871279,43434
The Twin,"Horror, Mystery",2022-04-06,2620000,492000,477462
Godzilla vs. King Ghidorah,"Action, Adventure, Science Fiction",1991-12-14,12000000,11000000,36679
Special 26,"Crime, Drama, Thriller",2013-02-07,7100000,18000000,165904
Narrow Margin,"Action, Thriller, Crime, Mystery",1990-09-21,17500000,10900000,31597
Veteran,"Action, Comedy, Crime",2015-08-05,7528230,87970000,346646
Only the Strong,Action,1993-08-27,6000000,3283371,15797
For Whom the Bell Tolls,"Drama, History, Romance, Thriller, Adventure, War",1943-07-12,3000000,17800000,27854
An Ideal Husband,"Drama, Comedy, Romance",1999-04-15,14000000,18535191,24137
Jane Austen's Mafia!,"Comedy, Crime",1998-07-24,10000000,19000000,9835
The Fall of the Roman Empire,"Drama, History, War",1964-03-24,19000000,4750000,17277
Welcome to Dongmakgol,"Comedy, Drama, War",2005-08-04,8000000,33579813,14968
Desperate Hours,"Mystery, Thriller, Crime",1990-10-05,18000000,2742912,31676
Drishyam,"Crime, Drama, Thriller",2013-12-19,750000,12000000,244049
Made,"Comedy, Crime",2001-07-13,5000000,5476060,15745
Piku,"Comedy, Drama",2015-05-08,5500000,22159216,332835
Exodus,"War, Drama",1960-12-15,4000000,21750000,1941
Ride with the Devil,"Drama, War, Romance, Western",1999-11-24,35000000,635096,22267
Dhoom,"Action, Crime, Drama, Thriller",2004-08-27,1500000,12000000,17478
Godzilla vs. Megalon,"Action, Science Fiction",1973-03-17,760000,980000,39264
Johnson Family Vacation,"Comedy, Family",2004-04-07,12000000,31179516,19084
The Hunchback of Notre Dame,"Drama, Romance, Horror",1939-12-29,1800000,6877900,31685
Animal Crackers,"Comedy, Animation, Adventure",2017-06-23,17000000,13285512,315064
Twist,"Crime, Drama, Action",2021-01-22,2000000,510466,644083
Riding the Bullet,"Drama, Horror, Thriller",2004-10-15,5000000,264505,12483
Godzilla vs. Mechagodzilla II,"Science Fiction, Action, Adventure",1993-12-11,9500000,18000000,6593
Beyond the Valley of the Dolls,"Comedy, Drama, Music",1970-07-17,2090000,40000000,5722
Gold,"Drama, History, Action, Adventure",2017-11-10,7130000,1528185,436830
The Last Days of Disco,"Comedy, Drama, Romance",1998-05-29,8000000,3020601,16980
Auto Focus,"Crime, Drama",2002-10-18,7000000,2062066,14112
How to Make an American Quilt,"Drama, Romance",1995-10-06,10000000,41200020,11861
Before and After,"Drama, Thriller, Mystery",1996-02-23,35000000,8797839,43566
The Paper,"Comedy, Drama",1994-03-18,6000000,48400000,12280
Kidulthood,Drama,2006-03-03,994000,165000,13185
Cats Don't Dance,"Animation, Comedy, Family, Music",1997-03-26,32000000,3566637,24662
Chisum,Western,1970-07-23,4000000,6000000,38765
Howl,Drama,2010-08-26,5000000,1183258,38568
Wizards,"Animation, Fantasy, Science Fiction",1977-02-09,1200000,9000000,16220
Dead Heat,"Action, Horror, Science Fiction, Thriller, Comedy",1988-05-06,5000000,3588626,40095
Woodlawn,Drama,2015-10-15,12000000,14394097,333596
The Bow,Drama,2005-05-12,950000,2032404,1963
Godzilla vs. SpaceGodzilla,"Action, Adventure, Science Fiction",1994-12-10,10300000,20000000,39466
The Adventures of Huck Finn,"Adventure, Drama, Family",1993-04-02,6500000,24103594,34723
The Ardennes,Drama,2015-10-14,2200000,1366879,351037
Last Stop 174,"Drama, Crime",2008-10-24,4700002,1672292,20268
Johnny Dangerously,"Comedy, Crime",1984-12-21,9000000,17000000,16806
Who Killed the Electric Car?,Documentary,2006-08-04,1000000,1678874,13508
Pollyanna,"Comedy, Drama, Family",1960-05-19,2500000,3750000,31102
Madea's Witness Protection,"Drama, Comedy, Crime",2012-06-29,20000000,66899242,103370
Hamlet 2,"Comedy, Music",2008-01-21,9000000,4886216,12621
In Dreams,"Mystery, Thriller, Horror",1999-01-15,30000000,12017369,28902
SpaceCamp,"Family, Adventure, Science Fiction",1986-06-06,18000000,9697739,13766
Hoodlum,"Crime, Drama",1997-08-27,30000000,23461013,22073
Conquest 1453,"Adventure, Drama, Action, War",2012-02-16,2581561,9001826,89584
Winged Migration,Documentary,2001-12-12,35866397,20217080,11516
"The Beast from 20,000 Fathoms","Drama, Horror, Science Fiction",1953-06-13,210000,5000000,35073
Battle Beyond the Stars,"Science Fiction, Action, Adventure",1980-09-08,2000000,11000000,14460
Surviving the Game,"Action, Thriller",1994-04-15,7400000,7690013,17585
A Quiet Passion,Drama,2016-10-07,8138338,1864266,368942
The Last Wave,"Mystery, Drama, Thriller",1977-12-15,810000,1258000,72277
Trespass,"Action, Thriller, Crime",1992-12-25,14000000,13249535,22004
Deliver Us from Evil,"Crime, Action, Drama",2020-08-05,12000000,34662454,581526
Winter in Wartime,"Drama, History, War",2008-11-17,4000000,530048,16564
Rockstar,"Drama, Music, Romance",2011-11-11,10920000,19660000,79464
Waterloo,"History, Drama, War",1970-10-26,25000000,3052000,33157
Alienoid,"Science Fiction, Action, Fantasy, Adventure",2022-07-20,24457676,12067556,601796
Kickboxer 2: The Road Back,"Action, Adventure",1991-01-30,89,1250712,24993
Navy Seals vs. Zombies,"Horror, Action",2015-10-08,1181389,56191,361159
Perfect,"Drama, Romance",1985-05-15,19000000,12918858,49370
Greed,"Drama, Crime",1924-12-04,665603,274827,1405
Journey to the Christmas Star,"Fantasy, Adventure, Family",2012-11-09,5000000,7419431,149427
Paradise: Love,Drama,2012-04-27,3600000,24267,103686
The Echo,"Horror, Thriller, Drama, Mystery",2008-05-25,5000000,124048,25329
It's All Gone Pete Tong,"Drama, Comedy, Music",2004-09-12,2000000,120620,12109
Yahşi Batı,"Comedy, Western, Adventure",2009-12-31,2000000,13565059,30691
Blink,"Crime, Thriller",1993-10-01,11000000,16668552,26203
Witchboard,"Horror, Mystery, Thriller",1986-12-31,2000000,7369373,17994
Sanju,"Drama, Comedy",2018-06-29,21918618,67414985,496328
Best Man Down,"Comedy, Drama",2012-10-20,1500000,1938,138222
I'm Gonna Git You Sucka,"Comedy, Action, Crime",1988-11-10,3000000,13000000,17006
Furie,"Action, Drama, Thriller",2019-02-22,1000000,6890000,567973
The Ballad of Lefty Brown,Western,2017-12-15,8000000,7856,438457
Shattered,"Mystery, Thriller",1991-10-11,22000000,11511031,2071
Another Egg and Chicken Movie,"Animation, Comedy, Adventure, Family",2009-03-20,1900000,8600000,37221
71: Into the Fire,War,2010-06-16,10400000,20967660,51200
Party Monster,"Comedy, Drama, Crime",2003-09-05,5000000,742898,1415
Mortal Thoughts,"Mystery, Thriller, Drama",1991-04-19,8000000,18800000,30815
Almost Heroes,"Adventure, Comedy, Western",1998-05-29,30000000,6100000,14342
Aftershock,Drama,2010-07-22,25000000,100297064,44560
House of Voices,"Horror, Mystery",2004-06-23,320000,6782283,21198
Noises Off...,Comedy,1992-03-20,12000000,2280148,26670
The Death of Mr. Lazarescu,Drama,2005-05-17,390000,216000,31032
Stone Cold,"Action, Crime, Thriller",1991-05-17,25000000,9000000,21338
Finding Your Feet,"Comedy, Drama, Family, Music, Romance",2017-12-26,7154497,15500000,426030
The Ice Pirates,"Science Fiction, Action, Adventure, Comedy",1984-03-16,9000000,14250000,10179
Cool as Ice,"Romance, Music, Comedy",1991-10-18,6000000,1193062,1496
Here on Earth,"Romance, Drama",2000-03-24,15000000,10873148,13539
Gods and Generals,"Drama, History, War",2003-02-21,56000000,12923936,16072
The Visitor from the Future,"Science Fiction, Comedy, Adventure",2022-09-07,4500000,1946816,810389
Grand Prix,"Action, Drama",1966-12-21,9000000,20800000,20379
The Greatest Story Ever Told,"Drama, History",1965-02-15,20000000,15473333,2428
Dany,Comedy,2018-05-30,6861490,2080679,515820
The Other End of the Line,"Comedy, Romance",2008-10-29,14000000,115592,17334
Ek Tha Tiger,"Action, Romance, Thriller",2012-08-15,12000000,51000000,85985
Someone to Watch Over Me,"Drama, Romance, Thriller",1987-10-09,17000000,10278549,31650
Bucky Larson: Born to Be a Star,Comedy,2011-09-09,10000000,2500000,67911
Do You Do You Saint-Tropez,"Comedy, Crime",2021-07-14,16438275,1453459,611408
Blood Feast,Horror,1963-07-06,24500,4000000,28172
Cairo Conspiracy,"Thriller, Drama",2022-10-26,7047000,3646605,788977
When Worlds Collide,Science Fiction,1951-09-14,936000,1600000,16380
Return to Sender,Drama,2004-09-17,7800000,326563,25460
The Mountain II,"War, Drama",2016-11-04,670000,11378898,427008
Zero Effect,"Comedy, Crime, Mystery, Thriller",1998-01-30,5000000,1980338,16148
Delhi Belly,"Action, Comedy",2011-07-01,4090000,18035000,67109
The Nun's Story,Drama,1959-06-18,3500000,12800000,27029
Possession,"Drama, Mystery, Romance",2002-10-02,25000000,10113733,30072
Armed and Dangerous,"Action, Comedy, Crime",1986-08-15,12000000,15945534,2620
Mobsters,"Action, Crime, Drama, Thriller",1991-07-26,23000000,20246790,21219
Gully Boy,"Drama, Music",2019-02-14,5782853,33974264,491625
Kama Sutra: A Tale of Love,"Drama, History, Romance",1996-09-11,3000000,4109095,28005
Soul Survivors,"Horror, Mystery, Thriller",2001-09-06,17000000,4299141,14033
3 Godfathers,Western,1948-12-31,1243000,2841000,29244
Out Cold,Comedy,2001-11-21,24000000,14782676,14369
42nd Street,"Comedy, Drama, Romance",1933-03-11,439000,2281000,3062
A Company Man,"Drama, Action",2012-10-11,3500000,7339398,134126
Something Wicked This Way Comes,"Fantasy, Mystery, Horror",1983-04-29,20000000,8400000,24808
Nine Days,"Drama, Fantasy",2021-07-15,10000000,969204,607430
Rudolph the Red-Nosed Reindeer: The Movie,"Animation, Family, Music",1998-10-16,10000000,113484,33719
Snow Cake,"Romance, Drama",2006-09-08,12000000,1381665,313
Mr. 3000,"Comedy, Drama",2004-06-15,30000000,21800302,16232
Doctor Dolittle,"Comedy, Family, Fantasy",1967-12-05,18000000,9000000,16081
Nothing Left to Fear,Horror,2013-09-26,3000000,1675381,209901
The Concorde... Airport '79,"Action, Drama, Thriller",1979-08-17,14000000,13015688,29723
A Soldier's Story,"Drama, Mystery, War, Crime",1984-09-14,6000000,21821347,26522
Anastasia,"Drama, History, Romance",1956-12-13,3520000,4300000,38171
The Meteor Man,"Fantasy, Action, Comedy, Science Fiction, Family",1993-08-06,20000000,8016708,11244
Razorback,Horror,1984-04-19,5500000,801000,26178
Antibodies,"Thriller, Crime, Drama, Horror",2005-04-24,1900000,891133,8332
I Can Quit Whenever I Want,Comedy,2019-04-12,4833490,11788968,574370
The Dawns Here Are Quiet,"Drama, War",2015-04-30,3300000,5249225,338517
Tetro,Drama,2009-06-11,5000000,2852915,11928
Ernest Saves Christmas,"Comedy, Family",1988-11-11,6000000,28202109,26386
Stuck,"Crime, Thriller",2007-05-21,5000000,151449,13848
Film Stars Don't Die in Liverpool,"Romance, Drama",2017-11-17,10000000,3179847,398174
City Heat,"Action, Crime, Comedy",1984-12-07,25000000,38348988,16969
The Newton Boys,"Crime, Action, Drama",1998-03-26,27000000,76000000,42807
Shanghai,"Drama, Thriller, Mystery, Crime",2010-06-10,50000000,15302850,38407
Lost Souls,"Horror, Thriller",2000-10-13,50000000,31355910,10383
Class,"Comedy, Drama",1983-07-22,7000000,21600000,21500
Hansel & Gretel,"Fantasy, Drama, Horror",2007-12-27,4000000,2206625,25597
Home of the Brave,"War, Drama",2006-12-15,12000000,499620,14171
Elles,Drama,2011-09-09,4000000,911466,85545
Spanish Movie,Comedy,2009-12-03,33000000,6982465,35640
Norma Rae,Drama,1979-03-02,4500000,22228000,40842
Suburban Commando,"Action, Comedy, Family, Science Fiction",1991-10-04,11000000,8000000,11504
The Swarm,"Thriller, Science Fiction",1978-07-14,21000000,7700000,46878
Toro,"Drama, Crime, Thriller",2016-04-22,4000000,1903083,364615
Mutant Action,"Action, Comedy, Science Fiction",1993-02-03,1804296,1089975,25466
A Simple Wish,"Adventure, Comedy, Family, Fantasy",1997-07-11,28000000,8345056,17834
Hanging Up,"Drama, Comedy",2000-02-16,60000000,51880044,10385
Eddie,"Action, Comedy",1996-05-31,30000000,31387164,11107
Curse of the Pink Panther,"Comedy, Crime, Mystery",1983-08-12,11000000,4491986,36576
Redacted,"War, Drama",2007-11-16,5000000,782102,11600
Foolproof,Action,2003-10-03,8256269,460978,14527
A Countess from Hong Kong,"Comedy, Romance",1967-01-05,3500000,2000000,2984
Romeo Is Bleeding,Crime,1993-09-13,11500000,3275585,2088
Kolya,"Music, Drama, Comedy",1996-05-15,1031764,7566841,784
People I Know,"Drama, Thriller",2002-11-21,20000000,5484302,11458
Jailhouse Rock,"Drama, Music",1957-11-08,1000000,4000000,15697
Godzilla vs. Megaguirus,"Action, Science Fiction, Horror",2000-11-03,8300000,11068800,39468
The Pirates: The Last Royal Treasure,"Action, Adventure, Comedy",2022-01-26,19597380,10247262,591120
Hurricane,"War, Drama, Action",2018-09-07,10000000,2137751,506863
Dil Se..,"Drama, Romance",1998-08-22,5200000,13000000,21210
Communion,"Drama, Horror, Science Fiction, Thriller",1989-11-10,5000000,1919653,28774
Copying Beethoven,Drama,2006-09-10,11000000,6191746,1590
For Your Consideration,Comedy,2006-11-17,12000000,5542025,14799
Tupac: Resurrection,"Music, Documentary",2003-11-14,300000,7808524,21525
Men in Hope,"Comedy, Romance",2011-08-25,1130710,6638849,85621
200 Cigarettes,"Comedy, Drama, Romance",1999-02-26,6000000,6852450,15256
Change of Plans,"Comedy, Romance",2009-02-18,12000000,15016366,14688
What Men Talk About,Comedy,2010-03-04,1950000,12005838,35428
The Road to Wellville,"Comedy, Romance, Drama",1994-10-28,25000000,26000000,10467
The Snow Queen,"Animation, Fantasy, Family",2012-10-11,7000000,12400000,164372
The Green Berets,"War, Drama",1968-07-04,7000000,11000000,22377
Pocketful of Miracles,"Comedy, Drama",1961-12-18,2900000,5000000,248
Never Talk to Strangers,"Thriller, Romance",1995-10-20,6400000,6858261,48781
The Funeral,"Crime, Drama",1996-01-26,12500000,1227324,21612
Ivanhoe,"Adventure, Romance",1952-07-31,3842000,10878000,26175
Student of the Year,"Comedy, Drama, Romance",2012-10-19,8391922,13749809,138122
Air Bud: Golden Receiver,"Comedy, Family",1998-08-14,11000000,10224116,21661
Harper,"Crime, Mystery, Thriller",1966-02-22,3500000,12000000,26268
Fire,"Action, Drama",2020-12-24,7000000,12916151,585257
Welcome to Mooseport,Comedy,2004-02-24,30000000,14000000,16784
Kapoor & Sons,"Drama, Romance, Comedy",2016-03-18,3577143,18897918,374173
No Mercy,"Action, Crime, Thriller",1986-12-19,14000000,12303904,26789
Stay Tuned,"Comedy, Fantasy",1992-08-14,25000000,10736401,23939
Corky Romano,"Action, Comedy, Crime",2001-10-12,11000000,23978402,17708
Hallam Foe,"Drama, Comedy, Thriller",2007-02-16,8000000,60641,2239
Bareilly Ki Barfi,"Romance, Comedy",2017-08-17,2740700,8050806,467106
The Fourth Protocol,"Action, Thriller",1987-02-24,6000000,12423831,4918
All About the Benjamins,"Action, Adventure, Comedy",2002-03-08,14000000,25482931,13950
Beyond the Sea,"Drama, Music",2004-11-16,25000000,8400000,6478
Happy Christmas,"Comedy, Drama",2014-07-25,70000,30312,244534
Skinamarink,"Horror, Mystery",2023-01-13,15000,2100000,994143
The Countess,"Drama, History",2009-03-13,8500000,784522,8316
Drowning Mona,"Comedy, Crime, Mystery",2000-03-03,6000000,15427192,25166
Young Adam,"Drama, Thriller, Crime, Romance",2003-09-26,6400000,2500000,237
Godzilla 1985,"Action, Science Fiction, Thriller, Horror",1985-07-26,700000,4116395,39256
Cookie's Fortune,"Comedy, Drama",1999-03-24,10000000,10920544,9465
Taking Care of Business,Comedy,1990-08-16,14000000,20000000,6393
The Weight of Water,"Mystery, Drama, Thriller",2000-09-25,16000000,109130,13526
Hindi Medium,"Comedy, Drama",2017-05-19,3213790,52390000,456570
Say It Isn't So,"Comedy, Romance",2001-03-10,25000000,12320393,20309
The Air Up There,"Family, Comedy",1994-01-07,17000000,21011500,46094
FRED: The Movie,"Comedy, Family, Adventure, TV Movie",2010-09-18,4000000,1309580,45839
Buona giornata,Comedy,2012-03-30,3500000,2900000,121286
Hell in the Pacific,"Drama, War",1968-12-19,4150000,3230000,31681
Those Magnificent Men in Their Flying Machines or How I Flew from London to Paris in 25 Hours 11 Minutes,Comedy,1965-06-16,5600000,29950000,10338
Lion of the Desert,"History, War, Drama",1981-04-17,35000000,1500000,26843
Burnt by the Sun,Drama,1994-05-01,2800000,2616503,50797
Under Capricorn,"Drama, History, Romance",1949-10-08,2500000,1500000,4175
The Namesake,Drama,2006-09-02,12000000,20354321,16727
Abandon,"Drama, Mystery, Thriller",2002-10-14,25000000,10719357,15992
Shithouse,"Comedy, Drama, Romance",2020-10-16,80000,18370,637053
An Inconvenient Sequel: Truth to Power,Documentary,2017-07-28,1000000,5398976,432602
Blood and Wine,"Crime, Thriller",1996-10-03,26000000,1094668,31640
Parents,"Comedy, Horror",1989-01-27,3000000,870532,27607
About Endlessness,"Drama, Fantasy",2019-11-15,4700000,434977,348672
Giallo,"Crime, Horror, Mystery, Thriller",2010-03-13,14000000,50113,29159
Intersection,"Drama, Romance",1994-01-21,45000000,21355893,46717
Gone in 60 Seconds,"Action, Crime",1974-07-28,1000000,40000000,16246
Blue Collar,"Drama, Crime",1978-02-10,1700000,6521083,14839
A Very Brady Sequel,"Family, Comedy",1996-08-23,12000000,21440752,12606
Viper in the Fist,Drama,2004-10-06,8311205,7095755,24685
The Star Chamber,"Drama, Thriller",1983-08-05,8000000,5555305,12633
Ice Station Zebra,"Action, Adventure, Thriller",1968-10-23,8000000,4600000,17657
Narco,Comedy,2004-12-01,823258,823258,20200
Spiders,"Science Fiction, Thriller",2013-02-08,7000000,257019,164331
CBGB,"Drama, Music",2013-10-11,5000000,40400,111479
College,Comedy,2008-08-28,7000000,6265483,13991
Corsage,"Drama, History",2022-07-07,7580600,3092534,888321
Down,"Action, Horror, Mystery, Thriller",2001-09-06,15000000,163169,19058
Silent Rage,"Action, Horror, Science Fiction, Romance",1982-04-02,4500000,10500000,27150
The Music Never Stopped,Drama,2011-03-18,4000000,253899,56401
55 Days at Peking,"Action, Adventure, Drama, History, War",1963-05-06,17000000,10000000,27759
The Last Warrior,"Fantasy, Family, Adventure, Action, Comedy",2017-10-19,8250000,30060061,471968
8 Heads in a Duffel Bag,"Comedy, Crime",1997-04-18,3000000,3602884,13982
Mammuth,Comedy,2010-04-21,3000000,7100000,37832
Locked Out,Comedy,2006-04-05,6515167,3666789,13728
Secret Superstar,"Drama, Music",2017-10-19,286284,137416709,441889
Dragon Rider,"Animation, Family, Adventure, Fantasy",2020-10-15,17830000,3175644,523366
Fortress of War,"War, Drama, History, Action",2010-11-04,8500000,4404729,50618
A Home at the End of the World,"Drama, Romance",2004-07-23,6500000,1548955,18923
While She Was Out,"Drama, Horror, Thriller",2008-10-27,6000000,498088,15749
Powaqqatsi,Documentary,1988-04-29,2500000,589244,24348
Blame It on Rio,"Comedy, Romance",1984-02-17,9000000,18644570,14347
The Great Battle,"War, History, Action",2018-09-19,13305000,41509280,535389
The Notorious Bettie Page,"Comedy, Drama",2005-09-14,90,1410778,15402
In the Land of Blood and Honey,"Drama, Romance, War",2011-12-22,10000000,303877,79777
Ready to Rumble,"Action, Comedy",2000-04-07,24000000,12372410,20697
Waiting to Exhale,"Comedy, Drama, Romance",1995-12-22,16000000,81452156,31357
This Gun for Hire,"Crime, Mystery, Thriller",1942-04-24,512423,1000000,16703
The Girl in the Book,Drama,2015-06-13,8245,81379,339145
Smokey and the Bandit Part 3,"Action, Comedy, Crime",1983-08-12,9000000,7000000,15120
Play It to the Bone,Comedy,1999-12-25,24000000,8434146,20761
Anchors Aweigh,"Comedy, Fantasy, Music, Romance, War",1945-08-13,2600000,7500000,17889
Dil To Pagal Hai,"Drama, Romance, Comedy",1997-10-30,1300000,11000000,13986
After the Thin Man,"Comedy, Crime, Mystery",1936-12-25,673000,3165000,14588
Roadgames,"Horror, Mystery, Thriller",1981-02-27,1750000,100000,43089
The Night of the Generals,"Crime, Mystery, Thriller, War",1967-01-29,5200000,2400000,42700
Haunted Honeymoon,"Comedy, Horror, Music, Drama, Mystery",1986-07-25,13000000,8033397,24103
Blue in the Face,Comedy,1995-09-15,2000000,1275000,5894
Ted Bundy,"Crime, Drama, Horror",2002-08-02,1200000,68716,34081
City of Joy,Drama,1992-04-15,27000000,14683921,47821
90 Minutes in Heaven,Drama,2015-09-11,5000000,4842699,343795
Duel in the Sun,"Western, Romance, Drama",1946-12-31,6000000,20400000,32275
Raazi,"Thriller, Action, Drama, History",2018-05-10,4500000,23800000,491629
Chicken with Plums,"Comedy, Drama",2011-10-26,12000000,3265941,78206
Band Aid,"Comedy, Drama, Music",2017-06-02,10000000,248370,426230
The Greatest,Drama,2009-02-07,6000000,1344544,32395
One False Move,"Crime, Drama, Thriller",1992-05-08,2500000,1543112,21128
Fortress: Sniper's Eye,"Action, Thriller, Crime",2022-04-29,22000000,69075,883502
The Last Warrior: Root of Evil,"Fantasy, Adventure, Comedy",2021-01-01,8400000,27658331,589754
Cemetery of Splendor,"Drama, Fantasy",2015-09-02,980000,89487,298721
Somebody Up There Likes Me,Drama,1956-07-04,1920000,3360000,28000
The Thief of Bagdad,"Romance, Adventure, Fantasy",1924-03-18,1135654,1490419,28963
ATL,"Drama, Comedy, Mystery",2006-03-31,20000000,21170563,13960
Sooryavanshi,"Action, Crime, Thriller",2021-11-05,13000000,37700000,592508
The Candidate,"Comedy, Drama",1972-06-29,1600000,2500000,21711
The Ballad of Jack and Rose,Drama,2005-02-25,1500000,712294,17113
My Favorite Wife,"Comedy, Romance",1940-05-17,921000,2057000,41463
The Good Guy,"Comedy, Romance",2009-04-25,10000000,100688,39037
For Greater Glory: The True Story of Cristiada,"History, Drama",2012-06-01,12000000,9622846,96399
The Children of Huang Shi,"Drama, War",2008-04-03,40000000,7785317,13405
Elmer Gantry,Drama,1960-07-07,3000000,10400000,22013
Major Dundee,Western,1965-04-07,3800000,14873,29715
Ernest Goes to Camp,"Comedy, Family",1987-05-22,3000000,23509382,18935
The Heart Is Deceitful Above All Things,Drama,2004-09-15,74050,176153,26579
Liberty Stands Still,"Thriller, Action, Drama",2002-01-18,11000000,595214,2165
Fort Apache Napoli,"History, Drama",2009-03-27,4800000,785422,50987
Vamp,"Comedy, Horror",1986-07-18,3300000,4941117,34223
Tiny Furniture,"Romance, Comedy, Drama",2010-11-12,65000,416498,47607
Bilal: A New Breed of Hero,"Action, Adventure, Animation, History",2016-09-08,30000000,1750000,332718
1911,"Adventure, Drama, Action, History, War",2011-07-03,30000000,3807134,76349
Soul Man,Comedy,1986-10-24,4500000,35000000,12278
The Desperate Hours,"Crime, Thriller",1955-10-05,2300000,2500000,18612
Torrente 3: The Protector,"Comedy, Crime",2005-09-30,5473145,19888231,1285
Vincere,"Drama, History",2009-05-20,13000000,5701481,30239
Gone Fishin',Comedy,1997-05-30,53000000,19745922,9054
The King of Fighters,"Action, Thriller, Science Fiction",2010-08-26,12000000,2000371,44571
The Best Little Whorehouse in Texas,Comedy,1982-07-23,35000000,69701637,16363
Deep Throat,Comedy,1972-06-12,25000,100000000,5853
Max Keeble's Big Move,"Comedy, Family",2001-10-05,25000000,18634654,34549
Brideshead Revisited,"Drama, Romance",2008-07-25,20000000,13204291,12568
Married Life,"Crime, Drama, Romance",2007-09-12,12000000,2888315,8060
Sunny,"Drama, Comedy",2011-05-04,3550000,48000000,77117
Warlock: The Armageddon,"Fantasy, Horror, Science Fiction, Action",1993-05-01,3000000,3902679,24126
King of the Hill,"Drama, History",1993-08-20,8000000,1214231,34024
One from the Heart,"Drama, Romance",1982-02-11,26000000,636796,41291
Aśoka,"Action, Adventure, Drama, History, Romance, War",2001-09-13,17000000,19000000,4435
The King's Choice,"War, Action, Drama",2016-09-29,7500000,9100000,396616
Our Times,"Romance, Comedy",2015-08-13,2700000,82027760,354072
Trap.com,"Comedy, Romance",2011-07-08,1483515,7586448,69938
"Silent Night, Deadly Night Part 2","Comedy, Horror",1987-04-10,250000,154323,50719
Owning Mahowny,"Crime, Drama, Thriller",2003-05-02,10000000,1271244,15394
High School,Comedy,2010-06-03,10000000,221590,27584
Beneath the Darkness,"Thriller, Horror",2012-01-06,7300000,23998,78461
The Gingerbread Man,"Thriller, Drama",1998-01-23,25000000,1677131,12488
Space Truckers,"Comedy, Science Fiction, Thriller, Adventure",1996-03-01,25000000,1614266,10690
Gunga Din,"Adventure, War, Comedy, Action",1939-01-26,1915000,2807000,24965
The Women,"Comedy, Drama",1939-09-01,1688000,2270000,22490
Guilty by Suspicion,"Drama, Thriller",1991-03-15,13000000,9480198,22423
Mrs. Winterbourne,"Romance, Drama",1996-04-19,25000000,10082005,40001
Hero Wanted,"Crime, Action, Thriller",2008-03-28,6,10,16450
I'll See You in My Dreams,"Drama, Comedy",2015-05-15,1000000,7449681,310121
Tales from the Hood,"Horror, Crime, Thriller",1995-05-24,6000000,12000000,25066
White Sands,"Crime, Thriller, Action, Adventure",1992-04-24,22000000,9011574,19380
Why Did I Get Married Too?,"Comedy, Romance",2010-04-02,20000000,60072596,35688
Freaked,"Comedy, Science Fiction, Horror",1993-09-11,13000000,29296,17796
Stanley & Iris,"Drama, Romance",1990-02-09,23000000,5820015,36094
Wake Up Sid,"Comedy, Drama, Romance",2009-10-02,3000000,11000000,21297
Volunteers,Comedy,1985-08-16,10000000,19875740,19259
Bones,"Horror, Thriller",2001-10-24,10000000,7316658,11380
2 States,"Comedy, Romance, Drama",2014-04-17,4587786,22414611,259720
Wickie the Mighty Viking,"Comedy, Family, Action, Adventure",2009-09-09,11000000,32000000,22355
Abracadabra,Comedy,2017-08-04,5200000,2114260,402688
L!fe Happens,Comedy,2011-06-18,930000,30905,91070
Impractical Jokers: The Movie,Comedy,2020-02-21,3000000,10700000,566927
Cop and ½,"Action, Comedy, Family",1993-04-02,4000000,40700000,12574
Eye of the Beholder,"Mystery, Thriller",1999-09-04,15000000,17589705,18681
Bellflower,"Action, Drama, Romance",2011-04-16,17000,101236,58699
The Deep End,"Mystery, Thriller, Crime, Drama",2001-01-21,3000000,10031529,24936
Dostana,"Drama, Comedy, Romance",2008-11-13,10000000,20000000,14071
Jaane Tu... Ya Jaane Na,"Drama, Comedy, Romance",2008-07-04,2300000,11100000,14467
Warlock,Western,1959-05-15,2400000,1700000,37412
Ishtar,"Comedy, Adventure",1987-05-15,55000000,14375181,12704
Cat Run,"Action, Comedy, Thriller",2011-04-01,25000000,65708,57353
Glitter,"Drama, Music, Romance",2001-09-21,22000000,5271666,10696
"Are You There God? It's Me, Margaret.","Comedy, Drama",2023-03-29,30000000,21826840,555285
Deep,"Animation, Family, Adventure",2017-05-12,6000000,10972300,430474
Breakin',"Music, Comedy, Drama, Romance",1984-01-10,1200000,38682707,15259
Gladiators of Rome,"Animation, Family",2012-10-18,40000000,10079201,137548
Madea's Big Happy Family,"Comedy, Drama",2011-04-22,25000000,53213633,51017
Rapa Nui,Adventure,1994-09-09,20000000,305070,10448
Metropolitan,"Comedy, Drama, Romance",1990-08-03,225000,2900000,15389
Conversations with Other Women,"Drama, Romance",2006-06-07,450000,973525,15624
Tea with Mussolini,"Comedy, Drama, War",1999-03-25,12000000,21001563,10368
Mannequin Two: On the Move,"Fantasy, Comedy, Science Fiction, Romance",1991-05-17,13000000,3752426,34376
The Apostle,Drama,1997-12-19,5000000,19868354,2895
Udta Punjab,"Action, Crime, Drama",2016-06-17,5980000,14900000,398535
The Frisco Kid,"Adventure, Comedy, Western",1979-07-06,9200000,9346177,16972
Havana,"Drama, Romance",1990-12-11,40000000,9243140,22189
Aashiqui 2,"Drama, Romance",2013-04-26,1300000,16000000,192558
Two Much,"Comedy, Romance",1995-12-01,24000000,1141556,46029
Consenting Adults,"Thriller, Drama",1992-10-16,18000000,21591728,37753
The Yellow Handkerchief,"Drama, Romance",2009-11-19,15000000,317000,22556
Prince of the City,"Drama, Thriller, Crime",1981-08-19,8600000,8124257,32047
The Night of the Iguana,"Drama, Romance",1964-08-06,3000000,12000000,14703
Singham,"Drama, Action, Crime",2011-07-22,3062000,25034000,70590
Mother and Child,"Drama, Romance",2009-11-07,7000000,4000000,37080
A Troll in Central Park,"Fantasy, Animation, Science Fiction, Family",1994-10-07,23000000,71368,35614
Miss Julie,"Drama, Romance",2014-09-07,5500000,5000000,230266
Recep Ivedik,Comedy,2008-02-22,500000,28548025,31060
Condorito: The Movie,"Adventure, Animation, Comedy",2017-10-12,8000000,8431194,450314
Murphy's Law,"Action, Mystery, Thriller",1986-04-18,6000000,9947631,33055
Kick,"Action, Romance, Comedy, Crime",2014-07-25,22000000,55000000,280690
Intermission,"Comedy, Crime, Drama",2003-08-29,5000000,4856298,16941
Waterloo Bridge,"Drama, Romance, War",1940-05-17,1200000,2500000,43824
Into the Sun,"Action, Thriller",2005-11-26,15000000,175563,24546
Music,"Music, Drama",2021-01-14,16000000,645949,586101
3-D Sex and Zen: Extreme Ecstasy,"History, Romance, Drama",2011-04-14,3500000,10308238,67308
2.0,"Action, Science Fiction, Fantasy",2018-11-29,77000000,114629169,373449
Hard to Be a God,"Drama, Science Fiction",2013-02-27,7000000,1310673,110402
Hideaway,"Drama, Thriller, Horror",1995-03-03,15000000,12201255,27303
Dead Man on Campus,Comedy,1998-08-21,14000000,15064946,14557
Titeuf,"Animation, Comedy, Drama, Romance",2011-04-06,15000000,13970489,61672
The German Doctor,"Drama, Thriller, History",2013-05-19,2000000,3635718,188761
Christmas in Connecticut,"Comedy, Romance",1945-07-27,864000,3000000,13669
Last Night,"Comedy, Romance, Drama",1998-10-23,2300000,591165,16129
Neighbors,Comedy,1981-12-18,8500000,29916207,19507
The Legend of the Chupacabras,"Animation, Action, Adventure, Fantasy, Horror, History, Family",2016-10-21,1600000,5138140,388045
Novocaine,"Comedy, Crime, Thriller",2001-11-23,6000000,2025238,20794
Maybe I Do,"Drama, Romance, Comedy",2023-01-27,7500000,4393504,972230
Ghosts of Mississippi,Drama,1996-12-20,36000000,13323144,31908
Running Out of Time,"Drama, Action, Thriller, Crime",1999-09-23,225000,1866462,2463
Thanks Boss!,"Comedy, Documentary",2016-02-24,162297,3,383809
Big George Foreman,"Drama, History",2023-04-27,32000000,3800000,878361
Attack of the 50 Foot Woman,"Horror, Science Fiction, Drama",1958-05-18,88000,480000,18724
Supercross,"Action, Adventure, Drama, Romance",2005-08-16,16000000,3344431,17186
A Tale of Love and Darkness,Drama,2015-09-03,4000000,572212,336029
Sheena,"Action, Adventure, Fantasy",1984-08-17,25000000,5778353,24264
The Divide,Drama,2021-10-27,5000000,2178083,764686
Summertime,"Drama, Romance",1955-06-21,1100000,2000000,50363
Mafia Mamma,"Comedy, Action, Crime",2023-04-13,41000000,3902761,809787
Why Did I Get Married?,"Comedy, Drama",2007-10-12,15000000,55184721,17202
Agneepath,"Action, Crime, Drama",2012-01-25,8700000,28000000,84858
Furious,"Fantasy, Action, Adventure",2017-11-30,5610000,10657499,415381
The Apparition,Drama,2018-02-14,9661157,3562793,482712
Meteor,"Action, Thriller, Adventure, Science Fiction",1979-10-19,16000000,12600000,40160
November,"Drama, Fantasy, Romance, Horror",2017-02-03,1550000,19084,437583
Black Sunday,"Action, Drama, Thriller",1977-03-11,8000000,15769322,50374
Tough Guys,"Comedy, Crime",1986-10-03,10000000,21458229,11038
The Indian Runner,Drama,1991-09-20,7000000,191125,25598
The Electric Horseman,"Drama, Romance, Comedy, Western",1979-12-21,12500000,61801971,11145
The Awakener,"Thriller, Action, Crime, Drama",2018-11-01,3500000,2000000,506464
The Joy Luck Club,Drama,1993-09-08,11000000,32861136,19931
Chill Factor,"Action, Comedy, Thriller",1999-09-01,34000000,11263966,2162
Stonewall,"Drama, History",2015-09-18,13500000,187674,273899
Grind,"Action, Comedy, Adventure",2003-08-15,6000000,5141166,20210
Lawnmower Man 2: Beyond Cyberspace,"Science Fiction, Horror, Action, Thriller",1996-01-12,15000000,2409225,11525
Kit Kittredge: An American Girl,"Family, Comedy, Drama",2008-07-02,10000000,17657973,8359
The Painted Bird,"War, Drama, Thriller",2019-09-12,7838798,659535,477428
Mo' Money,"Action, Comedy, Thriller, Crime, Romance",1992-07-24,17000000,40227006,12251
"Farewell, My Lovely","Crime, Mystery, Thriller",1975-08-08,2500000,2000000,1835
Trailer Park Boys: The Movie,Comedy,2006-10-06,5000000,3833507,9958
Donovan's Reef,"Adventure, Comedy, Romance",1963-06-12,2686000,6600000,15875
Desert Hearts,"Drama, Romance",1985-10-01,350000,2400000,294
A Madea Christmas,"Comedy, Drama",2013-12-13,47000000,53396354,175555
House of D,"Comedy, Drama",2005-04-29,6000000,389866,24363
Gamera: Guardian of the Universe,"Fantasy, Science Fiction, Horror",1995-03-11,4500000,16000000,54433
Dinosaur Island,"Adventure, Science Fiction, Family",2014-12-01,12000000,39296,294093
Dil Dhadakne Do,"Drama, Family, Romance",2015-06-04,13000000,22000000,338065
Pariah,Drama,2011-12-27,500000,769552,73939
The Watcher in the Woods,"Fantasy, Horror, Thriller",1980-04-17,9000000,5000000,21970
The Face of Love,"Drama, Romance",2013-10-25,4000000,350006,214086
Life with Mikey,"Comedy, Family",1993-06-04,2000000,12440858,42580
Julia,Drama,1977-10-01,7840000,20700000,42222
Gold Diggers of 1933,"Comedy, Drama",1933-05-27,433000,3200000,31511
The Thing Called Love,"Drama, Romance",1993-08-27,14000000,1029721,27804
Empowered,Comedy,2018-03-02,3900000,4200000,505015
1987: When the Day Comes,"Drama, History, Thriller",2017-12-27,12308000,49380115,437103
Stealing Harvard,"Action, Comedy, Drama, Crime",2002-09-13,25000000,14277032,12770
The Man from Snowy River,"Drama, Romance, Adventure, Western, Family",1982-03-25,3500000,20659423,24266
The Midwife,Drama,2017-03-22,7000000,7286136,439154
Sisters in Arms,"Action, Drama, War",2019-10-09,5600000,540482,618326
The Jesus Rolls,"Comedy, Crime, Drama",2019-10-17,4500000,64648,429416
The Perfect Game,"Drama, Family",2009-11-09,12500000,3878993,56601
The Foot Fist Way,Comedy,2006-06-24,79000,245000,13484
The Ladies Man,Comedy,2000-10-13,24000000,13700000,16888
Sands of Iwo Jima,"War, Action, Drama, History",1950-01-01,1000000,7800000,18712
Naqoyqatsi,"Documentary, Drama, Music, Thriller",2002-09-02,3000000,13308,21925
The Hand,"Horror, Thriller",1981-04-24,6500000,566736,42149
Star!,"Drama, Music, Romance",1968-07-18,14320000,14000000,52959
Hamlet,Drama,2000-05-12,2000000,1568749,10688
Two Rabbits,"Action, Crime, Drama",2012-01-20,2000000,1620436,102784
The Caveman's Valentine,"Drama, Mystery, Thriller",2001-01-19,13500000,794481,25208
The Horseman on the Roof,"Adventure, Romance, History, Drama",1995-09-20,35000000,15000000,11876
Super Fly,"Crime, Drama",1972-08-04,500000,30000000,21968
The Agony and the Ecstasy,"Drama, History",1965-09-16,10000000,4000000,36815
The Villain,Comedy,2009-11-25,8616269,6593565,35436
The Spiral,"Fantasy, Horror, Mystery, Thriller",1998-01-31,2900000,12662948,9706
Revenge of the Ninja,"Action, Crime",1983-09-07,700000,13168027,17386
Anna Karenina,"Drama, Romance",1997-04-04,35000000,858553,50512
A Frozen Flower,Drama,2008-12-30,10000000,18980744,17903
The Young Messiah,"Drama, History",2016-03-10,18500000,6490401,318850
Titanic,"Drama, Romance",1953-04-11,1805000,4905000,16535
Out for a Kill,"Action, Thriller",2003-08-14,14000000,547333,30806
Alaska,"Adventure, Family",1996-08-14,23000000,11829959,36344
The Fighting Temptations,"Comedy, Music, Romance",2003-09-17,15000000,30238577,22309
Raanjhanaa,"Drama, Romance",2013-06-21,6400000,1171761,191121
Homicide,"Drama, Crime",1991-05-28,11000000,2900000,22828
Kull the Conqueror,"Adventure, Fantasy, Action",1997-08-29,30000000,6112613,17832
Viva Las Vegas,"Comedy, Drama, Music, Romance",1964-02-08,1000000,9400000,2098
The Power of One,Drama,1992-03-27,18000000,2827107,13823
Gun Shy,"Action, Comedy, Romance, Thriller",2000-02-04,10000000,1631839,29076
Larger Than Life,Comedy,1996-10-31,30000000,8315693,34170
Mozart and the Whale,"Drama, Comedy, Romance",2005-09-10,12000000,84967,23478
Legend No. 17,Drama,2013-04-17,7720000,29523237,184155
Foodfight!,"Adventure, Comedy, Action, Animation, Family",2012-06-15,65000000,73706,116977
The Singing Detective,"Comedy, Music, Mystery, Crime",2003-10-24,8000000,337174,30141
Little Women,"Drama, Family",1933-11-24,424000,2100000,39938
The Zodiac,"Crime, Drama, Thriller, Horror",2005-07-31,1000000,86872,11345
Hichki,"Drama, Comedy",2018-03-23,2000000,25629954,493623
Badhaai Ho,"Comedy, Romance, Drama",2018-10-19,4000000,39000000,547654
Railroad Tigers,"Action, Adventure, Comedy, Family, War",2016-12-23,50000000,102205175,377447
The Pope of Greenwich Village,"Action, Comedy, Crime",1984-06-22,8000000,6836201,32081
The Best Man,"Drama, Comedy",1999-10-22,9000000,34573780,16162
Inside Deep Throat,"History, Documentary",2005-02-11,2000000,653621,12228
Our Family Wedding,Comedy,2010-03-12,14000000,21409028,34563
Trojan War,"Comedy, Family, Romance",1997-09-26,15000000,309,14330
Motherhood,"Comedy, Drama",2009-01-21,5000000,726936,22805
Admiral,War,2008-06-06,2000000,38135878,13506
Citizen Ruth,"Drama, Comedy",1996-11-21,3000000,285112,13891
Jude,"Drama, Romance",1996-02-06,7000000,409144,25147
Wild Bill,Western,1995-12-01,30000000,2193982,65796
Gleaming the Cube,"Crime, Thriller, Action",1989-01-13,10000000,2777280,1380
Dynasty Warriors,"Action, Adventure, Fantasy",2021-04-27,38504400,3310000,525660
"Hi, Mom","Drama, Comedy, Fantasy",2021-02-12,59000000,822049668,758891
Tom of Finland,Drama,2017-01-27,4200000,1792414,405204
"Good Day, Ramon",Drama,2013-10-21,4000000,5104868,242575
Once Upon a Forest,"Animation, Family, Adventure",1993-06-18,13000000,6582052,33539
Six-String Samurai,"Action, Adventure, Science Fiction, Music, Comedy",1998-09-18,2000000,124494,24746
Blue Hawaii,"Comedy, Music",1961-11-22,2000000,4200000,18228
Jolly LLB 2,"Comedy, Crime",2017-02-09,4480000,1632440,412090
Kabir Singh,"Drama, Romance",2019-06-20,8751000,55478164,577328
Aloft,Drama,2014-02-12,8000000,53086,251321
Prophecy,"Horror, Science Fiction",1980-02-02,12000000,54000000,31915
Sherrybaby,Drama,2006-09-08,2000000,622806,13075
The Summit,"Drama, Thriller",2017-08-17,6000000,5699056,440374
One Way,"Action, Crime, Thriller",2022-09-02,5000000,30272,747803
Punchline,"Comedy, Drama",1988-10-07,15000000,21032267,40820
Who Killed Captain Alex?,"Action, Drama, Comedy",2010-03-01,200,200,316776
K.G.F: Chapter 2,"Action, Crime, Drama",2022-04-14,13000000,90410749,587412
De-Lovely,"Drama, Music",2004-07-02,15000000,18400000,15237
The Broadway Melody,"Music, Romance, Drama",1929-02-08,379000,4358000,65203
Eulogy,"Comedy, Drama",2004-10-15,6500000,89781,16358
Assembly,"Action, History",2007-10-09,16000000,34786960,14044
Father Son Therapy,Comedy,2016-12-28,7230000,1453270,395762
Eve's Bayou,Drama,1997-11-07,6000000,14842388,45153
The Mod Squad,"Action, Mystery, Thriller, Drama",1999-03-26,50000000,13260050,16379
Synonyms,"Comedy, Drama",2019-02-28,2500000,242483,501590
Life During Wartime,"Comedy, Drama",2009-10-10,4500000,744816,39800
Voyage to the Bottom of the Sea,"Adventure, Drama, Science Fiction",1961-07-12,1580000,7000000,2160
The Bachelor and the Bobby-Soxer,"Comedy, Romance",1947-09-01,1961000,5550000,27437
Speed Kills,"Crime, Drama, Thriller",2018-11-16,15000000,5812,466411
The Amazing Maurice,"Animation, Adventure, Comedy, Family, Fantasy",2022-12-16,17000000,21110363,676710
Gangubai Kathiawadi,"Crime, Drama, History",2022-02-24,12000000,25300000,664332
The Sicilian,"Drama, Crime, Thriller",1987-10-07,9000000,5406879,31945
The Blackening,"Horror, Comedy",2023-06-15,5000000,16000000,1008392
Little Ashes,"Drama, Romance",2008-10-06,2500000,767567,31299
Seed,Horror,2007-04-27,10000000,155362,15434
The Rising Hawk,"Action, History, Drama",2019-10-10,2900000,1560697,468816
Happy Birthday,"Drama, Comedy",2019-09-04,5350000,2536386,505940
Chain Letter,"Horror, Thriller",2010-10-01,5000000,143000,38033
Big Fan,"Comedy, Drama",2009-01-18,250000,232732,29150
Girl in Progress,"Comedy, Drama",2012-05-11,5000000,4709246,82618
Pure Luck,Comedy,1991-08-09,17010000,24941969,19065
Strangeland,Horror,1998-10-02,1100000,631221,27791
The Kids Are Alright: Destination Asturias,"Comedy, Family",2021-07-08,5308245,3468053,800823
PCU,Comedy,1994-04-29,9000000,4350774,14425
The Acid House,"Comedy, Drama",1998-12-31,900000,142783,12229
The Boat,"Thriller, Mystery, Horror",2019-02-22,5000000,98559,543915
Chhichhore,"Romance, Comedy, Drama",2019-09-05,6825000,29353057,596650
Sparkle,"Music, Drama",2012-08-17,14000000,24637469,88036
Testament,"Drama, Science Fiction",1983-11-04,1500000,2044892,21259
Catch a Fire,"Action, Drama, Thriller",2006-10-27,14000000,5710236,1123
Kill Theory,"Horror, Thriller, Mystery",2009-10-07,6000000,397941,19237
Badlapur,"Crime, Thriller, Action",2015-02-20,3700000,11480000,323517
Curdled,"Comedy, Crime, Thriller",1996-09-06,2300000,49620,12241
Hooper,"Action, Comedy",1978-07-28,6000000,78000000,16214
League of Gods,"Action, Fantasy",2016-07-28,38000000,43300000,406429
Wazir,"Thriller, Action, Crime",2016-01-07,5200000,9200000,275269
Dev.D,"Comedy, Drama, Romance",2009-02-06,1700000,7600000,15977
"He Said, She Said","Comedy, Drama, Romance",1991-02-22,15000000,9804775,17956
Glen or Glenda,Drama,1953-04-01,20000,10158,24018
The Tempest,"Drama, Fantasy",2010-09-11,20000000,346594,44638
Gamera 3: Revenge of Iris,"Fantasy, Science Fiction, Horror",1999-03-06,6000000,15000000,60159
Tiger Zinda Hai,"Action, Thriller",2017-12-18,15000000,87320000,441909
The Gospel of John,"Drama, History",2003-09-11,10000000,4078741,30973
The Gay Divorcee,"Comedy, Romance",1934-10-12,520000,1800000,28288
The Barbarians,"Adventure, Fantasy, Action",1987-03-01,4000000,800000,27551
Lansky,"Crime, Drama, Thriller",2021-06-24,5000000,136579,693827
Crossfire,"Crime, Drama, Mystery, Thriller",1947-08-15,250000,1300000,28120
The Breath,"War, History, Action, Adventure, Drama",2009-10-15,2000000,13500000,27957
CB4,"Music, Comedy",1993-03-12,6000000,17953778,15278
Hamilton: In the Interest of the Nation,"Thriller, Action, Drama",2012-03-02,6629445,8249053,82450
The Good Night,"Comedy, Drama, Romance, Fantasy, Music",2007-01-25,15000000,508084,13501
Bummer,"Crime, Drama",2003-08-02,700000,1600000,62276
Waste Land,Documentary,2010-01-24,1500000,187716,46689
8 Million Ways to Die,"Thriller, Crime",1986-04-25,18000000,1305114,20858
The Sea Hawk,"Action, Adventure, Romance, History",1940-08-10,1700000,2000000,26201
The Courier,"Action, Crime",2012-03-29,15500000,58387,97512
Delirious,"Fantasy, Comedy, Romance",1991-08-09,18000000,5546827,28117
Ironweed,Drama,1987-12-18,27000000,7300000,40962
Tender Mercies,"Drama, Music, Romance",1983-04-02,4500000,8400000,42121
Raman Raghav 2.0,"Thriller, Crime",2016-06-24,521873,1013926,393562
Italian for Beginners,"Comedy, Drama, Romance",2000-12-07,1000000,16350876,112
The Pebble and the Penguin,"Animation, Adventure, Family",1995-04-12,28000000,3983912,54648
Mini's First Time,"Comedy, Crime, Drama",2006-07-14,6000000,156318,15314
Sleep Dealer,"Drama, Science Fiction, Thriller",2008-12-10,2500000,107559,20764
The Fits,Drama,2016-01-22,170000,169242,358807
Housefull,"Comedy, Romance",2010-04-30,3800000,16000000,58051
Inhale,"Drama, Action, Thriller",2010-08-27,10000000,55089,12645
Dolemite,"Action, Comedy, Crime",1975-04-26,120000,12000000,19174
Nobel Son,"Comedy, Crime, Drama",2007-04-28,4000000,550782,15676
1½ Knights - In Search of the Ravishing Princess Herzelinde,"Adventure, Comedy",2008-12-17,67000000,16680689,9510
Baaghi,"Action, Thriller, Romance",2016-04-29,5103000,17377000,391629
Chimpanzee,Documentary,2012-04-20,5000000,34823764,72334
Nefarious,"Horror, Thriller",2023-04-14,3000000,5433685,913673
The Clan of the Cave Bear,"Adventure, Drama",1986-01-17,15000000,1953732,13853
Goemon,"Action, Drama, Fantasy",2009-03-17,9000000,16000000,24293
The Ninth,"Mystery, Thriller, Crime, Horror",2019-11-07,7000000,958558,577028
The River,Drama,1984-12-01,18000000,11500000,38557
Against the Ropes,"Romance, Drama",2004-02-20,39000000,6432551,8842
Pathaan,"Action, Adventure, Thriller",2023-01-25,63000000,112000000,864692
The Pit and the Pendulum,"Horror, Romance",1991-06-27,2000000,3331,47090
Freakonomics,Documentary,2010-10-01,3000000,103735,43942
Pee Mak,"Comedy, Romance, Horror",2013-03-28,1800000,33000000,184219
Kingdom of the Spiders,"Horror, Science Fiction",1977-08-24,500000,17000000,30315
October Baby,Drama,2011-10-30,1000000,5396618,83860
Nothing in Common,"Drama, Comedy, Romance",1986-07-29,12000000,32324557,29968
The Rose,"Drama, Music, Romance",1979-11-07,9250000,29174648,16323
The Pallbearer,"Comedy, Romance",1996-05-03,8000000,5656388,23570
Jimmy P.,Drama,2013-09-11,10000000,30283,160768
Five Graves to Cairo,"Thriller, War",1943-05-26,855000,1200000,60216
William & Kate,"Drama, Romance, TV Movie",2011-04-18,20,15,62796
Aqua Teen Hunger Force Colon Movie Film for Theaters,"Animation, Comedy",2007-04-13,750000,5500000,13158
Dark Touch,Horror,2013-09-27,2729542,256979,174671
Queen Christina,"Drama, History, Romance",1933-12-26,1114000,2610000,31526
Sylvia,"Drama, Romance",2003-10-17,7000000,10000000,28200
The Octagon,"Adventure, Action, Thriller",1980-08-14,4000000,18971000,24825
Guru,"Drama, Romance",2007-01-12,4700000,31000000,15772
Artists and Models,Comedy,1955-11-07,1500000,3800000,43317
I Smile Back,Drama,2015-10-23,495000,63373,307946
Rustom,"Thriller, Drama, Crime",2016-08-12,6114349,26309214,392572
The Good Neighbor,Thriller,2022-06-17,105,94909,893086
Prison,"Crime, Horror, Thriller",1987-12-08,4000000,354704,48309
Winx Club - Magic Adventure,"Animation, Family",2010-10-29,35000000,11583758,74658
Muslum,"Drama, Music",2018-10-26,4400000,14701918,528372
Cimarron,"Drama, Western, History",1931-01-26,1433000,1383000,42861
Mao's Last Dancer,"Drama, Romance",2009-10-01,25000000,23914731,33870
The Passengers of the Night,Drama,2022-05-04,4300000,1512938,895659
The Bedroom Window,"Drama, Thriller",1987-01-16,8300000,12640385,39074
Lights in the Dusk,"Drama, Crime",2006-02-03,1380000,1615018,1379
Valhalla,"Adventure, Fantasy",2019-10-10,5256817,70821,571655
Never Die Alone,"Action, Crime, Drama",2004-03-26,3000000,5923000,20304
The Thief and the Cobbler,"Adventure, Fantasy, Animation, Family",1993-09-23,28000000,669276,26672
Sinkhole,"Comedy, Drama, Action, Adventure",2021-08-11,11400000,17970000,623135
Julia,Drama,2008-03-12,6000000,1300000,7351
5Gang: A Different Kind of Christmas,"Action, Comedy",2019-12-27,1500000,1489573,659153
"Happy, Texas","Comedy, Crime, Romance",1999-12-03,1700000,1943649,24066
Alesha Popovich and Tugarin the Dragon,"Animation, Comedy, Drama, Family, Fantasy",2004-12-23,4000000,1730000,33065
Best Defense,"Comedy, Action",1984-07-20,18000000,19265302,11221
Lessons of a Dream,Drama,2011-02-24,6700000,1373312,58166
Valley of the Dolls,"Drama, Romance",1967-12-27,5000000,50000000,3055
The Drowning Pool,"Thriller, Mystery",1975-07-18,2700000,2600000,32620
Black Bread,"Crime, Drama",2010-10-10,6000000,3770657,57521
Friendly Persuasion,"Drama, History, War, Family, Comedy",1956-11-25,3000000,8000000,43258
"Bright Lights, Big City",Drama,1988-04-01,25000000,16118077,17170
The Last Warrior,"Action, Drama, Fantasy, History, Adventure",2018-01-18,2500000,1053002,458027
Killer of Sheep,Drama,1978-11-14,100000,362222,27432
Spacehunter: Adventures in the Forbidden Zone,"Adventure, Science Fiction",1983-05-20,15000000,16500000,26978
Cinderfella,"Comedy, Fantasy, Music",1960-12-18,3000000,7100000,18973
The Care Bears Movie,"Adventure, Fantasy, Animation, Comedy, Family",1985-03-23,2000000,34000000,11243
L.I.E.,"Drama, Crime",2001-01-20,700000,1667192,18734
Forty Guns,Western,1957-09-10,300000,6344,14837
Sad Hill Unearthed,Documentary,2017-10-31,170000,22834,508466
How Stella Got Her Groove Back,"Comedy, Drama, Romance",1998-08-14,20000000,37672350,33644
4x4,Thriller,2019-04-04,3000000,1292773,575769
The Body of My Enemy,"Crime, Drama, Mystery, Thriller",1976-10-13,2552781,13300000,51213
How to Eat Fried Worms,"Comedy, Drama, Family",2006-08-25,26000000,13022756,24115
Daddy's Little Girls,"Comedy, Drama, Romance",2007-02-14,10000000,31609243,16555
Baby Face,Drama,1933-07-13,187000,451000,27449
Zarafa,"Family, Animation",2012-01-25,10750000,12197574,94196
China Moon,"Mystery, Thriller",1994-03-04,15000000,3038499,26337
George Washington,Drama,2000-10-01,42000,241816,18292
The Perfect Weapon,"Action, Drama, Crime",1991-03-15,10000000,14061361,34421
Inhumans: The First Chapter,"Science Fiction, Action, Adventure",2017-09-01,80000000,2600000,474227
Roar,"Adventure, Comedy, Thriller",1981-11-12,17000000,2000000,2989
Flight of the Intruder,"Action, War",1991-01-18,35000000,14587732,18886
Kaili Blues,"Drama, Mystery",2016-03-23,50,646,362178
Brown Sugar,"Comedy, Romance",2002-10-05,8000000,27362712,37964
Another Happy Day,"Comedy, Drama",2011-11-18,4000000,355688,60422
Gloria,"Drama, Action, Thriller, Crime",1999-01-22,30000000,4197729,45712
Dave Chappelle's Block Party,"Comedy, Documentary, Music",2005-09-12,3000000,11718595,292
Mammoth,"Drama, Romance",2009-01-19,10000000,2033946,33974
The Tracey Fragments,Drama,2007-02-08,700000,31576,16725
Man's Best Friend,"Horror, Science Fiction, Thriller, Comedy",1993-11-19,6000000,12974636,41759
Passion Play,"Drama, Romance, Fantasy",2011-01-10,8000000,25603,38753
The Crocodiles,"Adventure, Family",2009-03-26,4980190,4628777,12137
Shin Ultraman,"Drama, Action, Science Fiction",2022-05-13,5900000,33800000,634429
Boiling Point,"Drama, Action, Crime, Thriller",1993-04-16,9000000,10058318,22213
Cocktail,"Romance, Drama, Comedy",2012-07-13,5100000,18000000,118051
80 for Brady,Comedy,2023-02-03,28000000,29637811,942922
Dream Horse,"Comedy, Drama",2021-05-21,20000000,6435260,603206
Another Thin Man,"Comedy, Mystery, Crime",1939-11-17,1107000,2223000,14589
Another Day of Life,"Animation, Documentary, History",2018-10-26,5000000,134801,378107
Pledge This!,Comedy,2006-12-01,8300000,1751460,19213
Baaghi 3,"Action, Adventure, Thriller",2020-03-06,7952450,18473570,594669
She Done Him Wrong,"Comedy, Crime",1933-02-09,200000,2200000,43595
Sivaji: The Boss,"Action, Drama",2007-06-14,12000000,19000000,24049
The Country Bears,"Adventure, Comedy, Family",2002-07-26,35000000,18012097,18357
Gabbar Is Back,"Drama, Action",2015-05-01,11000000,41000000,337876
Paper Heart,"Comedy, Drama, Romance",2009-08-07,1000000,1296971,25183
The Big Parade,"Drama, Romance, War",1925-11-05,382000,20000000,3060
Bangalore Days,"Drama, Family, Romance",2014-05-30,7400000,1300000,268660
Ugly,"Thriller, Drama, Mystery, Crime",2013-05-17,700000,2200000,191726
Madras Cafe,"Thriller, Drama, Action",2013-08-23,5400000,6500000,215776
Girl 6,"Comedy, Drama",1996-03-22,12000000,4939939,61752
The Monk,Thriller,2011-07-12,11000000,1809527,66120
Final Exam,Horror,1981-06-05,374000,3000000,40469
Most Wanted,Action,1997-10-10,25000000,11838218,34309
The Buddy Holly Story,"Drama, Music",1978-05-18,1200000,14363400,24153
The Last Broadcast,"Horror, Mystery",1998-10-23,900,12097,34288
The Wash,"Action, Comedy",2001-11-14,7000000,10229331,13408
Bekas,Drama,2012-11-30,2176270,479226,224746
One Night Stand,Drama,1997-11-14,24000000,2642983,12616
The Sword and the Sorcerer,"Action, Adventure, Fantasy",1982-04-01,4000000,39103425,13945
They Drive by Night,"Drama, Crime",1940-07-26,539000,1596000,16933
Edge of Seventeen,"Comedy, Drama, Romance",1998-05-14,1500000,870751,4927
Lost in the Sun,"Action, Crime, Drama, Thriller",2015-11-05,25000,25000,360203
Women in Trouble,"Comedy, Drama",2009-11-13,3000000,18097,31723
National Velvet,"Drama, Family",1945-01-26,2770000,5840000,17641
Rhinestone,Comedy,1984-06-22,28000000,21435321,16551
Winter Passing,"Comedy, Drama",2006-02-07,3500000,113783,14256
Doogal,"Comedy, Family, Animation, Fantasy, Adventure",2006-02-24,20000000,27450189,24432
She Hate Me,"Comedy, Drama",2004-07-30,8000000,1465134,20912
Thérèse,Drama,2012-05-27,12700000,4408087,110323
Panic,"Crime, Drama",2000-12-01,1000000,779137,20637
Private Lessons,"Comedy, Romance",1981-08-21,2800000,26279000,41280
The Marrying Man,"Action, Comedy, Romance, Thriller, Drama",1991-04-05,26000000,12454768,31633
The Cocoanuts,"Comedy, Music",1929-05-23,500000,1800000,20625
Diggstown,"Comedy, Drama",1992-08-14,17000000,4836637,19143
Lost in Thailand,"Comedy, Adventure, Drama",2012-12-12,2200000,208000000,151743
Prem Ratan Dhan Payo,"Romance, Drama, Action",2015-11-11,23400000,67000000,362136
The Super,Comedy,1991-10-04,22000000,11000863,53287
The Company,"Romance, Music, Drama",2003-12-25,15000000,2281585,52036
Sweet Sweetback's Baadasssss Song,"Action, Drama, Crime",1971-04-23,150000,15200000,5822
In the Forests of Siberia,"Adventure, Drama",2016-06-15,3500000,1492523,395452
The King and I,"Animation, Drama, Family",1999-03-19,25000000,12000000,47288
Cavalcade,"Drama, War",1933-02-08,1180280,7630000,56164
Revolution,"Adventure, Drama, History, War",1985-12-25,28000000,358574,12701
The In-Laws,"Action, Adventure, Comedy, Mystery",1979-06-15,9000000,38200000,19827
The Miracle of P. Tinto,"Comedy, Fantasy",1998-12-18,2020000,4374994,30145
Zoo,"Family, War, History",2018-06-08,4000000,231719,472553
A Low Down Dirty Shame,"Comedy, Crime",1994-11-23,10000000,29392418,26352
The Lost City,"Drama, Romance",2005-09-03,9600000,4386236,9700
L'Amour flou,Comedy,2018-10-10,495343,1399479,539228
Empire,"Crime, Action, Drama",2002-12-06,4000000,18591272,13369
South Pacific,"Music, Romance, War",1958-03-18,6000000,36800000,17352
Judwaa 2,"Action, Comedy, Romance",2017-09-29,10000000,34500000,456565
Carved: The Slit-Mouthed Woman,Horror,2007-03-16,34600000,45900000,25744
The Hunted,"Action, Drama, Thriller",1995-02-24,15000000,6600000,32631
Highway to Hell,"Fantasy, Action, Comedy, Horror",1991-11-21,9000000,26055,16191
Confidential Assignment,"Action, Drama",2017-01-18,8520000,56100000,434119
Being Julia,"Comedy, Drama, Romance",2004-09-03,18000000,14339171,18701
Undertaking Betty,"Comedy, Romance",2002-12-04,8000000,1868949,10918
Wise Guys,"Comedy, Crime",1986-04-17,13000000,8475466,31659
Stolen,"Crime, Drama, Mystery, Thriller",2009-10-10,2000000,7306,38850
Lowriders,"Drama, Action, Crime",2017-04-28,916000,6179955,333384
In Enemy Hands,War,2005-04-15,5400000,64236,23592
Onegin,"Drama, Romance",1999-12-22,14000000,206128,30237
Go Goa Gone,"Comedy, Horror",2013-05-10,2700000,5400000,191562
Mighty Joe Young,"Adventure, Fantasy, Drama, Action, Science Fiction",1949-07-27,1800000,1950000,39314
My Life in Pink,"Drama, Comedy",1997-05-28,3,7,27103
My Cousin,Comedy,2020-09-30,10854516,2982559,601297
24,"Action, Science Fiction, Thriller",2016-05-05,10000000,15000000,368006
Dinner at Eight,"Comedy, Drama",1933-12-22,435000,2156000,39130
Levity,"Crime, Drama",2003-03-16,7500000,723000,21052
Major League: Back to the Minors,Comedy,1998-04-17,18000000,3572443,9771
Chasing the Dragon,"Action, Crime, History",2017-09-28,200005000,445000000,449927
Maléfique,"Fantasy, Horror, Mystery",2003-05-07,1500000,398016,46025
Housefull 2,"Comedy, Romance",2012-04-05,6071922,25097277,85052
Don't Come Knocking,"Drama, Western",2005-05-19,11000000,4663501,3527
Steel Dawn,"Action, Adventure, Science Fiction",1987-11-06,3520000,562187,27786
Dillinger,"Action, Crime, Drama",1973-07-20,1000000,2000000,28110
Losing Isaiah,Drama,1995-03-17,17000000,7603766,28313
"Surfer, Dude",Comedy,2008-09-05,6000000,69497,13827
Tosun Pasha,Comedy,1976-02-01,64200,698200,38794
Book Club: The Next Chapter,"Comedy, Romance",2023-05-11,20000000,27849137,982271
Unstoppable,"Action, Thriller",2004-10-20,20000000,1039526,23520
The Cat's Meow,"Drama, Mystery, Thriller, Crime, History",2001-08-03,7000000,3646994,35080
Rosewood,"Drama, History, Action, Thriller",1997-02-21,30000000,13130349,25624
Stage Door,"Comedy, Drama",1937-10-07,952000,1762000,43864
Charly,"Drama, Romance, Science Fiction",1968-09-23,950000,814666,29146
Almost an Angel,Comedy,1990-12-21,25000000,6939946,25943
The Bellboy,Comedy,1960-07-20,900000,10000000,15788
Cannonball,"Action, Comedy",1976-07-06,780000,1500000,21241
Shall We Dance,"Comedy, Music, Romance",1937-05-07,991000,2168000,31530
Playing God,"Drama, Action, Thriller, Crime",1997-10-17,12000000,4166918,12628
Bye Bye Birdie,"Comedy, Music",1963-04-04,5000000,13100000,25167
Masquerade,Thriller,2021-07-30,2500000,8866,835551
Not Cool,Comedy,2014-09-23,800000,36026,292483
The Hot Rock,"Crime, Comedy",1972-01-26,4895000,3500000,46059
We Don't Live Here Anymore,"Drama, Romance",2004-08-13,3000000,2037545,23601
9 Bullets,"Action, Thriller",2022-04-14,3000000,193908,777831
Operation Crossbow,"Drama, War",1965-04-01,115000,3700000,36583
How I Ended This Summer,"Drama, Thriller",2010-02-17,2500000,622644,38325
Shadow of the Thin Man,"Comedy, Crime, Mystery",1941-11-21,821000,2301000,14590
Happily Ever After,"Drama, Comedy, Romance",2004-08-25,10900000,7725902,14653
Thugs of Hindostan,"Adventure, Action",2018-11-07,31000000,3136000,472138
Full Frontal,"Comedy, Romance",2002-08-02,2000000,3438804,15186
Hercules,"Action, Adventure, Fantasy",1983-08-12,2500000,10676194,26452
The Ash Lad: In Search of the Golden Castle,"Fantasy, Adventure",2019-08-23,7300000,2996763,561557
Aferim!,"Drama, History",2015-03-06,1379375,105097,319993
Journey to the West: The Demons Strike Back,"Adventure, Fantasy, Action",2017-01-28,63300000,248805149,435800
Love Liza,"Comedy, Drama",2002-12-30,1000000,223426,15395
Two Girls and a Guy,"Drama, Romance",1997-09-07,1000000,2057193,32456
Bad Dreams,"Horror, Thriller",1988-04-08,4000000,9797098,59797
The Mountain,"War, Action, Thriller",2012-11-16,95000,1671445,246871
Karan Arjun,"Action, Thriller",1995-01-13,1850000,16540000,93519
Sugar Hill,"Drama, Action, Thriller, Crime",1994-02-25,10000000,18225518,39349
Matewan,"Drama, History",1987-08-28,4000000,1680358,24276
Carnosaur,"Horror, Science Fiction",1993-05-21,1000000,1753979,39283
Ben-Hur: A Tale of the Christ,"Adventure, Drama, Romance",1925-12-25,3900000,9000000,31510
Black Robe,"Adventure, Drama, History",1991-10-04,11000000,8211952,41784
Shortcut,"Horror, Adventure, Fantasy",2020-09-25,1400000,769563,684684
The Wood,"Comedy, Drama, Romance",1999-07-16,6000000,25059640,16158
The Summit,"Adventure, Documentary",2013-10-04,1000000,243550,133441
Date With an Angel,"Comedy, Fantasy, Romance, Science Fiction",1987-11-20,8,1988962,28370
Te3n,"Mystery, Thriller, Drama",2016-06-10,5069632,4817642,377213
Welcome to Sarajevo,"War, Drama, History",1997-05-09,9000000,334319,14905
The Informer,"Crime, Drama",1935-05-09,243000,950000,43896
A Patch of Blue,"Drama, Romance",1965-12-10,800000,6792000,33364
All the Real Girls,"Drama, Romance",2003-08-01,2500000,548712,13132
Lawn Dogs,Drama,1997-11-21,7000000,106404,35796
Trick,"Comedy, Romance",1999-07-23,450000,2049595,1812
Stockholm,"Drama, Romance",2013-04-25,60000,50000,185738
No Man's Land,"Action, Drama, Crime",1987-10-23,8000000,2877571,34379
Ittefaq,"Crime, Thriller, Mystery",2017-11-03,4400000,7900000,464458
Criminal Law,"Drama, Thriller, Romance",1989-04-28,5000000,9974446,41952
Chalte Chalte,"Comedy, Drama, Romance",2003-06-12,4600000,18000000,4252
Warriors of the Rainbow: Seediq Bale - Part 1: The Sun Flag,"Drama, Action, History",2011-09-09,25000000,29000000,98344
From Justin to Kelly,"Comedy, Romance",2003-06-20,12000000,4922166,31246
Beloved,"Drama, Thriller",1998-10-16,80000000,22900000,39437
A Force of One,"Action, Adventure, Crime, Drama, Thriller",1979-06-01,3500000,20166000,21376
The House of Yes,"Comedy, Drama",1997-10-10,1500000,626057,33344
Mischief Night,"Horror, Drama, Thriller",2013-10-30,108000,57000,228676
Bee Season,"Drama, Family",2005-09-03,14000000,6856989,24618
Home Fries,"Comedy, Drama, Romance",1998-11-25,15000000,10443316,12257
Six Degrees of Celebration,Comedy,2010-12-12,5800000,25030264,57809
Mafia: Survival Game,"Action, Science Fiction",2016-01-07,2570000,4026795,375108
Airbag,"Comedy, Action, Crime",1997-06-20,3350000,8000000,21700
Romasanta: The Werewolf Hunt,"Action, Horror",2004-05-13,4500000,432671,12653
Bob & Carol & Ted & Alice,"Comedy, Drama",1969-09-17,2000000,30000000,26520
Frankenstein Unbound,"Horror, Science Fiction",1990-11-02,11500000,334748,3072
In Too Deep,"Drama, Action, Thriller, Crime",1999-08-25,7000000,14011454,22314
Warriors of Heaven and Earth,"Drama, Action, Adventure",2003-09-23,10000000,6106178,14797
When the Last Sword Is Drawn,"Action, Drama, History",2003-01-18,4000000,2487338,14455
Losin' It,Comedy,1982-08-20,7000000,1246141,33676
Finding Mr. Right,"Comedy, Romance",2013-03-20,4881000,81350000,188183
Bingo,"Action, Adventure, Comedy, Family",1991-08-09,10000000,8667684,16790
Operation Seawolf,"War, Thriller, Action, Adventure, Mystery, Science Fiction, Drama",2022-10-07,15000,23000,1018494
Screwballs,Comedy,1983-04-01,800000,2082215,25164
Lakshya,"War, Action, Drama, Romance",2004-06-18,4500000,4600000,21175
Billu,"Comedy, Drama",2009-02-13,5750000,10000000,16345
The Manhattan Project,"Science Fiction, Thriller",1986-06-13,18000000,3900000,30194
Extreme Ops,"Action, Adventure, Thriller",2002-11-27,40000000,10959475,15074
The Mudge Boy,"Drama, Romance",2003-01-17,800000,62852,26899
Little Spirou,"Comedy, Family",2017-09-27,9850941,3503943,398947
Damnation Alley,"Action, Adventure, Science Fiction",1977-09-10,17000000,8720000,25763
Breakin' All the Rules,"Comedy, Romance",2004-05-14,10000000,12500000,16428
To Rob a Thief,"Action, Adventure, Comedy",2007-08-31,4002313,6,38140
The Inhabited Island,"Science Fiction, Adventure",2008-12-18,36500000,21834845,16911
Lady in the Lake,"Mystery, Thriller, Crime",1946-12-19,1026000,2657000,1841
Mary Kom,"Action, Drama, History",2014-09-05,224056,15536328,284288
Lupin the 3rd,"Action, Adventure, Comedy, Crime",2014-08-30,10500000,22300000,241868
10th & Wolf,"Action, Crime, Drama, Mystery, Thriller",2006-02-19,8000000,143451,13197
20th Century Boys 1: Beginning of the End,"Science Fiction, Adventure, Mystery",2008-08-19,20000000,31244858,36683
More American Graffiti,"Comedy, Drama, War",1979-08-03,2500000,15014674,33258
Sharky's Machine,"Crime, Drama, Action, Thriller",1981-12-18,17500000,35610100,14664
The Monkey King 2,"Action, Adventure, Fantasy",2016-01-22,68490000,193677158,381902
Royal Wedding,"Comedy, Music, Romance",1951-03-08,1700000,3900000,18646
Collision,"Romance, Thriller, Action",2013-01-30,7700000,467282,158426
Kaminey,"Action, Crime, Drama",2009-08-14,9000000,18130000,20688
Hide and Seek,"Thriller, Mystery",2013-08-14,1900000,35461505,214209
The Oh in Ohio,"Comedy, Romance",2006-03-30,5000000,648183,14474
Everybody Dies But Me,Drama,2008-10-23,1500000,270934,31418
The Man Who Saved the World,"Science Fiction, Action, Adventure, Fantasy",1982-11-04,300000,29934,20787
The Extra Man,Comedy,2010-08-01,7000000,453079,47088
Outside Providence,"Romance, Comedy, Drama",1999-09-01,7000000,7292175,14578
Bathory: Countess of Blood,"Drama, Fantasy",2008-07-10,17610801,7005528,15208
The Boys in the Band,Drama,1970-03-16,5500000,3500000,34377
Komodo,"Adventure, Horror, Thriller, Science Fiction",1999-07-04,10340000,207496,25172
Solomon and Sheba,"History, Romance",1959-12-25,5000000,12200000,29996
Hipsters,"Drama, Romance",2008-12-25,15000000,17101695,38336
Heyy Babyy,"Comedy, Drama, Romance",2007-08-24,9400000,2200000,4157
White Tiger,"Action, Adventure, Fantasy, War",2012-05-03,11000000,7200000,111237
Arjun Reddy,"Romance, Drama, Action",2017-08-25,780000,8000000,473234
Surviving Picasso,"Drama, Romance",1996-09-04,16000000,1985001,41843
Stepfather 2,"Horror, Thriller",1989-11-03,1500000,1519796,30666
Murderball,Documentary,2005-07-22,300000,1750211,14278
The Big Picture,"Comedy, Romance",1989-09-15,5000000,117463,45225
The Morning After,Comedy,2020-08-19,4327440,2513010,647745
Robot Monster,"Science Fiction, Horror",1953-06-25,16000,1000000,43353
Dad,Drama,1989-10-27,19000000,19738015,21291
The Duelist,"Adventure, Action, Drama",2016-09-29,12823507,6101904,376565
Star Kid,"Action, Adventure, Family, Science Fiction",1997-11-13,12000000,7000000,54007
Tanu Weds Manu,"Romance, Drama, Comedy",2011-02-25,400000,252000,58333
The Garbage Pail Kids Movie,"Adventure, Science Fiction, Comedy, Family",1987-08-22,1000000,1576615,14443
Tentacles,"Horror, Science Fiction, Adventure, Action",1977-02-25,750000,3000000,49158
He Who Gets Slapped,"Drama, Romance, Thriller",1924-12-22,172000,881000,27511
The Robber,"Drama, Thriller, Crime",2010-02-26,3900000,208475,54524
The Forgiven,"Thriller, Drama",2018-03-09,15000000,42213,450766
Champion,Drama,1949-04-09,600000,2500000,25918
Prospero's Books,Fantasy,1991-08-30,1738125,1750301,5048
The Outlaw,"Action, Adventure, Western",1943-02-05,3400000,5075000,22613
Quicksilver,"Action, Adventure, Drama",1986-02-14,10000000,7246979,21332
Moonbound,"Animation, Adventure, Comedy",2021-06-24,2000000,6666618,809717
Mardaani,"Action, Crime, Drama, Thriller",2014-08-22,2121476,7557761,287767
The Aerial,"Science Fiction, Drama",2007-04-17,1500000,114649,13317
Paheli,"Romance, Drama, Fantasy",2005-06-24,4900000,11000000,33081
Top Dog,"Action, Adventure, Comedy, Family, Thriller",1995-04-28,6000000,5093707,36278
Jagga Jasoos,"Adventure, Comedy, Mystery, Romance",2017-07-14,19700000,12500000,401285
Capone,"Crime, Drama",1975-04-16,970000,2000000,18710
An American Carol,"Comedy, Fantasy",2008-10-03,20000000,7000000,13948
Raise the Titanic,Adventure,1980-08-01,36000000,7000000,24575
Once Upon a Crime,"Crime, Comedy, Mystery",1992-03-06,18000000,3520427,27465
Love Aaj Kal,"Comedy, Drama, Romance",2009-07-31,12500000,20794985,19663
Gangs of Wasseypur - Part 2,"Action, Crime, Thriller",2012-08-08,1670000,4900000,126400
Tadpole,"Drama, Comedy, Romance",2002-07-19,150000,2891288,39141
This Property Is Condemned,"Drama, Romance",1966-08-03,4620000,2600000,65012
Scaramouche,"Adventure, Comedy, Romance",1952-05-08,3005000,6746000,33454
The Queen of Spain,Comedy,2016-11-25,11800000,1236731,401252
Heart Condition,"Comedy, Crime, Drama, Fantasy",1990-02-02,10000000,4134992,41817
Special,"Drama, Fantasy, Science Fiction",2006-11-17,1000000,7202,13856
Breakout,"Action, Adventure, Thriller",1975-05-21,1000000,16000000,31671
Hideous Kinky,"Romance, Drama",1998-11-17,12000000,1263279,10209
Inadequate People,"Comedy, Romance, Drama",2010-12-12,100000,621262,57209
Detective Byomkesh Bakshy!,"Action, Mystery, Drama",2015-04-02,5100000,5200000,320295
Lost & Found,"Comedy, Romance",1999-04-23,30000000,6552255,39964
StarDog and TurboCat,"Animation, Comedy, Family",2019-12-06,2100000,585443,515789
The Kid Stays in the Picture,Documentary,2002-08-16,40000,1434436,29047
800 Bullets,"Comedy, Action, Western",2002-10-18,4380750,1947000,37748
Judy Moody and the Not Bummer Summer,"Comedy, Family",2011-06-10,20000000,14166853,60062
Demonlover,"Drama, Mystery, Thriller",2002-11-06,7900000,231800,24488
Alex the Ram,"Action, Adventure, Crime",2000-07-21,3500000,4775,64526
Clifford,Comedy,1994-04-01,19000000,7411659,2778
Brother and Sister,Drama,2022-05-20,4800000,369419,836202
Expend4bles,"Action, Adventure, Thriller",2023-09-15,100000000,15000000,299054
Boy Culture,"Drama, Romance",2006-09-15,500000,220151,15728
Vikram,"Action, Adventure, Crime, Thriller",2022-06-02,15354648,54172014,743563
Gracie,Drama,2007-06-01,9000000,2955039,15568
Screwed,"Action, Comedy",2000-05-12,10000000,7201701,19419
Nikitich and The Dragon,"Adventure, Animation, Comedy, Drama, Fantasy",2006-03-16,4500000,3468423,33534
Premam,"Comedy, Romance",2015-05-29,620000,1100000,341895
The Pirate,"Romance, Adventure, Comedy, Music",1948-06-11,3700000,2956000,35032
The Walker,"Crime, Mystery",2007-02-13,10000000,590416,13251
Flaming Star,Western,1960-12-20,1700000,2000000,18639
Walk on Water,Drama,2004-02-05,1400000,444,26
Boogie Woogie,"Comedy, Drama",2009-06-26,6000000,48411,36939
Female Fight Squad,Action,2017-03-16,2000000,22253,440777
Baadshah,"Action, Comedy",1999-08-27,9000000,1400000,41902
The Enforcer,"Drama, Thriller",1951-02-24,1109000,2873000,26712
Trapeze,"Drama, Romance",1956-05-30,4000000,14400000,40494
The Thief,"Drama, Crime",1997-08-31,2000000,1126506,46187
China Salesman,"Action, Thriller",2017-06-16,15119234,1637776,461714
Zero Day,"Crime, Drama",2003-09-03,20000,8466,27090
The Double Hour,"Crime, Drama, Mystery, Romance, Thriller",2009-10-09,3906840,4300000,42571
The Thin Man Goes Home,"Comedy, Mystery",1944-12-24,1401000,2814000,14594
Sarfarosh,"Action, Drama",1999-04-30,8500000,9100000,31524
Beyond the Mat,Documentary,1999-10-22,2053648,500000,14271
Waking the Dead,"Mystery, Drama, Romance",2000-03-24,8500000,327418,37722
High Security Vacation,"Comedy, Drama, Adventure",2009-08-25,5000000,17566040,41978
End Game,"Action, Thriller",2006-03-22,5000000,208101,9727
Pennies from Heaven,"Drama, Music, Romance",1981-12-11,22000000,9171289,17450
Incident at Loch Ness,"Comedy, Adventure, Horror",2004-12-17,1400000,37493,48463
Snow Flower and the Secret Fan,"Drama, History",2011-07-15,134005,1332231,58882
Loose Cannons,"Comedy, Crime",1990-02-09,1500000,5585154,24558
Gate II,"Horror, Fantasy",1990-05-24,6500000,2032973,40729
D.C. Cab,"Adventure, Comedy, Crime, Action",1983-12-16,8000000,16134627,27679
The Affair of the Necklace,"Drama, History, Romance",2001-11-30,30000000,1198113,19076
Another Woman's Life,"Comedy, Drama, Romance",2012-02-14,6500000,3216359,116231
Protocol,Comedy,1984-12-21,12000000,26200000,37296
Saving Christmas,"Comedy, Family",2014-11-14,500000,2800000,295884
Rowdy Rathore,"Action, Comedy, Crime",2012-06-01,6700000,31000000,102632
Leaving Afghanistan,"Drama, Action, War",2019-05-10,4302540,731827,512954
America: Imagine the World Without Her,Documentary,2014-07-02,5000000,14444502,276918
The Secret of Roan Inish,"Adventure, Fantasy, Family, Drama",1994-05-14,5700000,6160000,14334
Make Your Move,Music,2013-08-07,15000000,1583687,212769
Mio in the Land of Faraway,"Adventure, Drama, Fantasy, Family, Mystery",1987-07-01,7200000,2300000,14499
Connie and Carla,"Music, Comedy, Crime",2004-04-16,20000000,11341016,15673
Song of the Thin Man,"Comedy, Crime, Mystery",1947-08-28,1670000,2305000,14595
Double Take,"Adventure, Drama, Action, Comedy, Romance",2001-01-12,24000000,31600000,18828
Winx Club: The Mystery of the Abyss,"Family, Fantasy, Animation",2014-09-04,14905188,5337409,290841
Hell's Angels,"Drama, War, Action",1930-11-15,3950000,8000000,22301
Operation Portugal,Comedy,2021-06-23,1400000,3795575,642684
Shadow Conspiracy,Thriller,1997-01-25,45000000,2154540,38153
Hannah Montana & Miley Cyrus: Best of Both Worlds Concert,"Documentary, Music",2008-02-01,7000000,70642966,253353
No Holds Barred,"Action, Drama",1989-06-02,8000000,16093651,39002
The First Power,"Crime, Thriller, Horror",1990-04-06,10000000,22424195,41374
Vishwaroopam,"Action, Thriller",2013-01-25,17000000,51000000,117319
Manuelita,"Animation, Family, Comedy, Adventure",1999-07-08,5000000,9100000,65931
Ready,"Action, Comedy",2011-06-03,5800000,27000000,65946
Renegades,"Action, Crime, Thriller",1989-06-02,16000000,9015164,20307
Java Heat,"Action, Crime, Drama, Thriller",2013-03-06,15000000,1061,174645
Bitter Harvest,"War, Drama, History, Romance",2017-01-31,20000000,557241,403390
Black Friday,"Crime, Drama",2004-08-13,700000,1100000,28740
Three Heroes and the Shamakhan Queen,"Animation, Family, Comedy, Adventure",2010-12-29,3000000,19010585,52939
Soulless,"Comedy, Drama",2012-10-04,2800000,13218980,132759
Thuppakki,"Action, Thriller",2012-11-13,11000000,28000000,143010
Private,"Comedy, Drama",2003-08-28,90000,237679,30287
Beyond Rangoon,"Drama, Thriller",1995-05-24,23000000,14700000,1873
Karthik Calling Karthik,"Romance, Thriller",2010-02-26,2800000,3900000,34764
Midnight Sun,"Family, Adventure",2014-09-01,12758853,3016126,287935
The Broken Hearts Club: A Romantic Comedy,"Comedy, Drama, Romance",2000-02-01,1000000,1744858,22597
Silent Trigger,"Drama, Action, Thriller",1996-06-26,15000000,76382,24206
Sylvia Scarlett,"Comedy, Drama, Romance",1935-12-25,641000,497000,31866
Slumber Party Massacre III,"Horror, Comedy",1990-09-07,350000,1242995,27767
Psycho Beach Party,"Comedy, Horror",2000-08-06,1500000,268117,27723
Decoding Annie Parker,Drama,2014-05-02,2000000,60048,177047
One Second,"Drama, History",2020-11-27,1250000,10791301,575089
Anna Karenina,"Drama, Romance",1935-08-30,1152000,1439000,70881
Foolish Wives,"Drama, Thriller",1922-01-11,1100000,400200,35227
Creature,Horror,2011-09-09,3000000,533235,73963
No End in Sight,Documentary,2007-07-27,2000000,1431623,12901
The Killer Shrews,"Horror, Science Fiction",1959-06-25,123000,1000000,43109
A Prayer for the Dying,"Crime, Drama, Action, Thriller",1987-09-11,6000000,1432687,33851
Bottoms,Comedy,2023-08-25,11300000,11600000,814776
Mambo Italiano,"Comedy, Romance",2003-06-06,4361898,3031801,321
Jesus Revolution,"Drama, History",2023-02-23,15000000,52300000,719256
Modern Problems,"Comedy, Science Fiction, Romance",1981-12-25,8000000,26154211,16471
The Ghazi Attack,"Action, War, Thriller, History",2017-02-17,1900000,4300000,442405
Burnout,"Action, Comedy",2014-08-13,25000000,6015494,284279
MVP: Most Valuable Primate,"Comedy, Family",2000-08-11,4,1,32834
Saawariya,"Drama, Music, Romance",2007-11-09,12500000,34750000,16283
The Island,"Thriller, Horror, Mystery",1980-06-13,22000000,15700000,7988
Hillary's America: The Secret History of the Democratic Party,"History, Documentary",2016-07-15,5000000,13000000,391995
Destination Moon,"Science Fiction, Drama, Adventure",1950-06-27,592000,5000000,25392
The Irony of Fate. The Sequel,"Comedy, Romance",2007-12-21,5000000,55635037,27046
Dashcam,"Horror, Thriller",2022-06-03,100000,58156,858015
From a Whisper to a Scream,"Comedy, Horror",1987-09-25,1100000,1400000,39895
Pelíšky,"Comedy, Drama",1999-04-08,578034,1923918,15387
A Thin Line Between Love and Hate,"Comedy, Thriller, Crime, Romance",1996-04-04,8000000,34746109,28121
Singh Is Kinng,"Action, Comedy",2008-08-08,14000000,25000000,12273
The Killing Jar,"Drama, Thriller, Mystery",2010-02-14,400,2,43754
Once Upon a Time in Mumbaai,"Drama, Thriller, Crime",2010-07-30,19000000,8300000,42966
Redd Inc.,"Thriller, Horror, Comedy",2012-11-03,500000,1000000,133463
Solarbabies,Science Fiction,1986-11-26,25000000,1579260,36677
Love Me Tender,"Drama, Western, Music, Romance",1956-11-15,1000000,9000000,39833
Bolero,"Drama, Romance",1984-08-31,7000000,8914881,5896
Sunset,"Crime, Mystery, Thriller, Western",1988-04-29,16000000,4594452,38560
Mr. Hobbs Takes a Vacation,"Family, Comedy",1962-06-15,2000000,4000000,41521
Bachna Ae Haseeno,"Drama, Comedy, Romance",2008-08-15,2400000,9600000,15864
On the Job,"Action, Crime, Thriller",2013-08-28,1052753,466088,190754
The Sea Wolves,"War, Action, Thriller",1980-07-03,12000000,220181,19664
Footlight Parade,"Comedy, Music, Romance",1933-10-21,703000,2416000,28432
Lovely & Amazing,"Comedy, Drama, Romance",2001-08-31,250000,4186931,50035
The Black Swan,"Action, Adventure, Drama, Romance",1942-12-04,1493800,5727000,29882
"Black Mama, White Mama","Action, Crime, Thriller",1973-01-19,200000,1000000,28797
Riding Alone for Thousands of Miles,"Drama, Family",2005-12-22,7500000,3752325,14226
Saaho,"Action, Thriller",2019-08-29,51000000,55000000,454292
Yes Boss,"Comedy, Drama, Romance",1997-07-18,2700000,12000000,79982
Paradise Road,"War, Drama, History",1997-02-11,16000000,2007100,77223
Night of the Living Dorks,"Horror, Comedy",2004-11-03,4410000,2107861,12128
Shalako,Western,1968-11-06,1455000,2620000,39209
Tarnation,"Documentary, Drama",2003-10-19,218,1162014,1435
The Shaggy Dog,"Comedy, Family, Fantasy",1959-03-19,1250000,17658000,15944
The Battle at Lake Changjin,"Drama, War",2021-09-30,200000000,902540935,779029
Carolina,"Comedy, Romance",2003-07-04,15000000,308641,4592
The Doctor,Drama,1991-07-24,12000000,38120905,26142
City of Ghosts,Thriller,2002-09-10,17500000,1277187,31932
Anjaana Anjaani,"Comedy, Drama, Romance",2010-09-24,6400000,5900000,44566
No Man's Land,"Drama, Crime, Thriller",2013-12-03,2320000,41807000,238811
Alice in Wonderland: An X-Rated Musical Fantasy,"Comedy, Fantasy",1976-12-08,400000,90000000,29160
Nadine,"Action, Comedy, Romance",1987-08-07,12000000,5669831,61178
12 and Holding,Drama,2006-03-31,400000,314017,18164
It's me against you - The mystery of the spellbound school,"Family, Fantasy",2021-08-18,4180000,5606810,733982
Karwaan,"Adventure, Comedy",2018-08-03,3038109,3489863,533237
Pyaar Ka Punchnama,"Drama, Comedy, Romance",2011-05-20,1400000,7200000,65521
Two Can Play That Game,"Comedy, Romance",2001-09-07,13000000,22390000,25462
Mohenjo Daro,"Adventure, Drama, History, Romance",2016-08-11,17000000,16000000,402672
Harry and Tonto,"Comedy, Drama, Adventure",1974-08-12,980000,4600000,42448
The TV Set,Comedy,2007-04-06,2000000,265198,17320
Sweat,"Drama, Thriller",2021-03-12,1619835,11546,712121
Fashion Chicks,Comedy,2015-12-02,450000,1500000,366755
I Hope They Serve Beer in Hell,Comedy,2009-09-25,7000000,1429299,30128
The Egyptian,"History, Drama",1954-08-25,5000000,15000000,24973
"Lula, the Son of Brazil","Drama, History",2010-01-01,9500000,3785593,43615
The Black Balloon,Drama,2008-03-08,5000000,5000000,8747
Twelfth Night,"Drama, Comedy, Romance",1996-10-31,5000000,33000000,44705
Prefontaine,"Drama, Romance",1997-01-24,8000000,589304,26306
Meet the Deedles,"Comedy, Family",1998-03-27,24000000,4562146,40688
The Zombie Diaries,"Horror, Action, Thriller",2006-10-29,9300,2000000,25035
Dark Figure of Crime,"Crime, Drama",2018-10-03,7120949,29433930,544627
Racing with the Moon,"Drama, Romance",1984-03-23,9000000,6045657,47359
Act of Violence,Thriller,1948-12-21,1290000,1129000,32850
Black Dawn,Action,2005-12-27,16000000,63709,18070
Good Guys Wear Black,Action,1978-06-01,1000000,18300000,42205
Ajami,"Crime, Drama",2009-09-17,1000000,1331651,24424
Mississippi Masala,"Drama, Romance",1991-09-18,8000000,7310000,41791
Abbott and Costello Meet Dr. Jekyll and Mr. Hyde,"Comedy, Horror, Science Fiction",1953-08-01,724805,2616000,3023
I Hate Luv Storys,"Comedy, Drama, Romance",2010-06-30,4400000,12000000,40777
Heartthrob,"Drama, Romance, Thriller",2017-10-10,4000000,90000000,496230
Kóblic,"Drama, Thriller",2016-04-14,3500000,1839313,391617
Three Wishes,"Fantasy, Family, Drama",1995-10-27,10000000,7027000,47939
Accidents Happen,"Comedy, Drama",2009-04-23,6000000,36857,37721
In Like Flint,"Action, Adventure, Comedy",1967-03-15,3775000,11000000,24130
Club Paradise,"Comedy, Drama, Romance",1986-07-11,15000000,12308521,26555
The Dirty Picture,"Comedy, Drama",2011-12-02,2600000,17000000,81273
Kitchen in Paris,Comedy,2014-05-01,2300000,13969785,267481
Speed Zone,"Comedy, Action",1989-04-21,18000000,3077361,12236
The Lords of Flatbush,Drama,1974-05-01,160000,4000000,38925
The Hallelujah Trail,"Western, Comedy, Adventure",1965-06-23,7000000,4000000,23194
Atlas Shrugged Part III: Who Is John Galt?,"Drama, Science Fiction, Mystery",2014-09-12,5000000,846704,199933
Kinjite: Forbidden Subjects,"Action, Drama, Thriller",1989-02-03,5000000,3416846,59201
Margarita with a Straw,Drama,2015-04-17,900000,1000000,287499
Big Bully,Comedy,1996-01-26,15000000,2042530,36929
Doraemon: Nobita and the Space Heroes,"Comedy, Animation, Family, Adventure, Science Fiction, Fantasy",2015-03-07,46597700,32700000,350650
Thomas and the Magic Railroad,"Animation, Drama, Family",2000-07-14,19000000,19748009,16110
Spy Cat,"Animation, Adventure, Comedy, Family",2019-04-11,9000000,3882729,509733
After Everything,"Romance, Drama",2023-09-13,14000000,3280152,820525
The New Adventures of Pippi Longstocking,"Fantasy, Adventure, Family",1988-07-06,5000000,3569939,19051
Half Girlfriend,"Romance, Drama",2017-05-18,7445000,12805400,413884
Kabali,"Action, Crime, Drama",2016-07-22,18700000,74000000,366080
Your Friends & Neighbors,"Drama, Comedy",1998-02-04,5000000,4710749,77469
The Giant Spider Invasion,"Horror, Science Fiction",1975-10-01,300000,15000000,39154
Oye Lucky! Lucky Oye!,"Action, Comedy",2008-11-28,1400000,1700000,15975
Warriors of the Rainbow: Seediq Bale - Part 2: The Rainbow Bridge,"Action, Drama, History",2011-09-30,25000000,29000000,313230
Salvation Boulevard,"Comedy, Thriller, Action, Drama",2011-07-15,5500000,89182,51995
Heaven's Prisoners,"Drama, Mystery, Thriller",1996-05-17,25000000,5009305,36915
Lootera,"Drama, Romance",2013-04-04,4100000,5100000,205017
I Dreamed of Africa,"Romance, Drama, Adventure",2000-05-05,34000000,14400327,21311
Vixen!,Drama,1968-10-15,73000,8000000,5721
Treehouse,"Thriller, Horror, Mystery",2014-10-20,3250000,3250000,286372
Stay Hungry,"Comedy, Drama",1976-04-23,5000000,24854765,5228
The Molly Maguires,"Drama, History, Thriller",1970-02-08,11000000,2200000,42345
Airborne,"Action, Adventure, Comedy",1993-09-17,2600000,2850263,13064
City of Industry,Thriller,1997-03-14,8000000,1568258,18420
Donkey X,"Family, Adventure, Animation",2007-12-05,18000000,7365250,14704
Charlie,"Drama, Romance",2015-12-24,1900000,5900000,372297
NH10,"Crime, Action, Drama, Thriller",2015-03-12,200000,5100000,330431
Um Suburbano Sortudo,Comedy,2016-02-11,6000000,11600000,379284
Shakes the Clown,"Comedy, Crime",1991-08-28,1400000,115103,26291
Shooting Fish,"Crime, Comedy, Romance",1997-08-22,3000000,302204,25719
Death of a President,"Drama, Crime, Thriller, Mystery",2006-10-27,2000000,167000,21173
Absolon,"Action, Science Fiction",2003-03-10,8000000,7016,4612
Jawan,"Action, Adventure, Thriller",2023-09-07,36150000,128690264,872906
The White Countess,"Drama, History, Family, Romance",2005-10-30,16000000,4092682,18840
Ala Vaikunthapurramuloo,"Action, Comedy, Drama",2020-01-12,14000000,28859072,628241
Poison,"Drama, Horror, Science Fiction",1991-04-05,250000,609524,47620
For the Boys,"Drama, Music",1991-11-22,40000000,23202444,25221
The League of Gentlemen's Apocalypse,"Horror, Comedy",2005-06-03,5600000,2424174,19723
Sin,"History, Drama",2019-11-14,15000000,243043,497835
Houseguest,"Comedy, Family",1995-01-06,10500000,26325256,17207
Pharaoh,"History, Drama",1966-03-11,10000000,10000000,5040
Vibes,"Romance, Action, Comedy",1988-08-05,1884000,1883811,21185
Scenes from a Mall,Comedy,1991-02-22,3000000,9563393,47762
Spaced Invaders,"Comedy, Family, Science Fiction",1990-04-27,3000000,15369573,34086
The Turkish Gambit,"Mystery, Adventure, Action, Drama, History",2005-02-22,4000000,18520000,53129
Alone With Her,"Crime, Drama, Thriller",2006-04-28,1000000,10018,18206
Shanghai Surprise,"Adventure, Comedy, Crime, Drama, Romance",1986-08-29,17000000,2315683,58048
Slow Burn,"Mystery, Crime, Drama, Thriller",2005-09-12,15500000,1237615,18777
Philadelphia Experiment II,"Science Fiction, Action, Adventure",1993-11-12,5000000,2970,35610
What a Way to Go!,"Comedy, Romance",1964-10-12,20000000,13298000,23574
The Wild Soccer Bunch 4,"Comedy, Family, Adventure",2007-02-01,5833536,18873863,1264
Wolfhound of the Grey Dog Clan,"Fantasy, Adventure, Action",2006-12-28,20000000,21573338,13334
Money for Nothing,"Drama, Comedy, Crime",1993-09-10,11000000,1044824,55448
The Continent,Drama,2014-07-24,7300000,9166810,272875
Down Terrace,"Crime, Drama",2010-07-30,31192,10000,42151
Real Women Have Curves,"Comedy, Drama",2002-10-18,3000000,7700000,30309
1776,"Drama, History",1972-11-09,6000000,2800000,14902
Poolhall Junkies,"Comedy, Drama, Thriller",2002-06-30,4000000,563711,14293
The Power of Few,"Crime, Drama",2013-02-15,4000000,45659,161321
Deep Blue,Documentary,2003-05-18,5000000,19292500,11019
Queen of Spades: The Dark Rite,Horror,2015-09-10,1000000,2228115,358962
The Rapture,"Mystery, Drama",1991-10-04,1227401,1277401,1411
Show Boat,"Romance, Drama, Family, Music",1951-07-19,2300000,11000000,17820
Breaker! Breaker!,"Action, Adventure, Crime, Thriller",1977-04-01,250000,12000000,19108
Sweet Charity,"Comedy, Music, Romance",1969-02-25,8000000,20000000,42618
Japanese Story,"Drama, Romance",2003-08-30,5740000,4098613,13433
Hidden,"Thriller, Horror",2009-03-04,2215773,1489526,24821
The Celestine Prophecy,"Romance, Drama, Adventure",2006-06-01,10000000,615752,18524
Elsa & Fred,"Comedy, Drama, Romance",2005-07-28,2600000,2985837,22916
Kantara,"Action, Adventure, Thriller",2022-09-30,1934000,60447800,858485
Sarkar,"Crime, Action, Drama",2005-07-01,1900000,5900000,20968
Oscar and Lucinda,"Drama, Romance",1997-12-31,16000000,1897404,39780
Pal Joey,"Drama, Music, Romance",1957-10-25,3000000,7000000,33734
"Help, I Shrunk My Teacher","Comedy, Family, Fantasy, Action",2015-12-17,7000000,8521017,365961
Annie Get Your Gun,"Action, Comedy, Music, Romance, Western",1950-05-01,3768785,8000000,25209
Without Limits,"Drama, Romance",1998-09-11,25000000,777423,22256
Buck Rogers in the 25th Century,"Science Fiction, Adventure, Action",1979-03-02,3500000,21700000,3786
Doctor Detroit,Comedy,1983-05-06,8000000,10375893,23096
The Wild Soccer Bunch 3,"Adventure, Comedy, Family",2006-03-01,4494427,11935024,51609
The Car Keys,Comedy,2003-12-10,3500000,1033000,16930
Behind the Green Door,"Romance, Mystery",1972-12-17,60000,25000000,24992
Not Fade Away,Drama,2012-12-21,20000000,610792,128270
The House of Mirth,"Drama, Romance",2000-09-23,10000000,5164404,25520
Evanescence - Synthesis Live,Music,2018-10-12,100000,1000000,554386
Me and My Sister,"Drama, Comedy",2004-11-21,4277280,10467048,1935
Killing the Shadows,"Comedy, Drama, History",2006-02-17,3500000,3004541,50046
The Razor's Edge,Drama,1984-10-19,13000000,6551987,24453
The Players Club,"Comedy, Drama",1998-04-08,4500000,23261485,19848
Vikingdom,Adventure,2013-09-11,15600000,747872,100542
"Camille Claudel, 1915",Drama,2013-03-13,3512454,115860,110428
Silent Fall,"Drama, Thriller, Mystery",1994-10-28,30000000,3180674,39473
The Sniper,"Action, Thriller",2009-03-24,30000000,329945,17082
Yuppies 2,Comedy,1986-12-23,1721522,6025330,38343
Taras Bulba,"Adventure, Romance, History, War, Drama",1962-11-21,7000000,4000000,43012
"Same Time, Next Year","Comedy, Drama, Romance",1978-04-23,1180000,19703082,37672
Dangerous Game,Drama,1993-10-13,10000000,1261210,49299
De Dana Dan,"Action, Comedy, Crime",2009-11-27,8000000,9000000,25867
The 317th Platoon,"War, History, Drama",1965-03-31,66000,306505,31344
Please Don't Eat the Daisies,"Comedy, Family, Romance",1960-03-31,1775000,5150000,19414
Mrs. Brown's Boys D'Movie,Comedy,2014-06-27,5900000,23000000,262340
Camelot,"Adventure, Music, Romance",1967-10-25,13000000,31500000,18978
Walker,"Drama, History, Western",1987-12-04,5800000,257043,28448
Overheard 2,"Action, Drama, Thriller, Crime",2011-08-18,8000000,4040142,74639
Khakee,Action,2004-01-23,3344039,6546059,21665
True Colors,Drama,1991-03-15,20000000,418807,13571
Ghost in the Machine,"Science Fiction, Thriller, Horror",1993-12-20,12000000,5086909,41651
C.H.U.D. II: Bud the Chud,"Horror, Comedy, Science Fiction",1989-05-05,49200000,62405000,53150
B.A.P.S.,Comedy,1997-03-28,10000000,7240837,18423
2009: Lost Memories,"Thriller, Action, Drama",2002-02-01,7000000,12049825,23132
A Home of Our Own,"Comedy, Drama",1993-11-05,12000000,1703282,78133
Gunmen,"Action, Comedy",1993-05-21,8030000,3411885,24231
Action Replayy,"Comedy, Romance, Science Fiction",2010-11-05,10000000,5000000,49679
Bart Got a Room,"Comedy, Drama, Romance",2008-04-25,2000000,53760,20107
Planet of the Sharks,"Action, Horror, Science Fiction",2016-07-27,5,6,407620
Man Facing Southeast,"Mystery, Science Fiction, Drama",1987-04-02,600000,1532797,48797
The Charge of the Light Brigade,"Drama, Adventure, War",1936-10-20,1200000,2736000,43884
Deadfall,Crime,1993-10-08,10000000,18369,33927
Biwi No.1,"Comedy, Drama, Romance",1999-05-28,5400000,2200000,161226
Shadowboxing,"Action, Drama",2005-03-05,3500000,8262833,56372
The Young Lovers,"Romance, Drama",2022-02-02,5800000,2440653,811211
Party Girl,"Crime, Drama, Romance",1958-10-28,1758000,2380000,25633
Atanarjuat: The Fast Runner,"Fantasy, Drama",2002-02-01,1934000,3786801,13245
Paskal,"Action, War, Drama",2018-09-27,2243662,6748935,546230
Switching Channels,Comedy,1988-03-05,18000000,9129999,26798
San Francisco,"Drama, Music, Romance",1936-06-26,1300000,5273000,43881
Town & Country,"Comedy, Romance",2001-04-27,90000000,10372291,24113
Fun with Dick and Jane,"Comedy, Crime",1977-03-18,4500000,13600000,24109
Salinger,Documentary,2013-09-06,2000000,650675,180314
The Atomic Cafe,"Documentary, History",1982-03-17,300000,22293,26851
Jealousy,Romance,2013-12-04,4000000,63946,216457
Limbo,"Adventure, Drama, Thriller",1999-06-04,8000000,1997807,62676
Snoop Dogg's Hood of Horror,"Comedy, Horror, Animation",2006-06-27,5000000,25900,15423
Our Family,"Comedy, Family, Drama",1975-09-07,65700,214600,220002
The Big Doll House,"Action, Drama",1971-04-30,125000,10000000,42517
Duplicate,"Action, Comedy",1998-05-08,4500000,10000000,159090
50 to 1,"Comedy, Drama",2014-03-21,10000000,1064454,197583
The Bullet Vanishes,"Action, Mystery",2012-08-14,12000000,117629,129850
Flywheel,"Drama, Family",2003-04-09,20000,37000,17345
The Virginity Hit,Comedy,2010-09-24,2000000,636706,42889
Delgo,"Adventure, Fantasy, Animation, Comedy, Science Fiction, Family",2008-12-12,40000000,694782,20542
Follow the Fleet,"Comedy, Music, Romance",1936-02-20,747000,2727000,28292
Man on the Roof,"Thriller, Action, Crime",1976-10-01,483717,1390687,25699
The Japon,Comedy,2019-06-28,8250378,3262957,529209
Shubh Mangal Saavdhan,"Romance, Comedy",2017-08-31,3425875,8838757,471892
Marilyn Hotchkiss' Ballroom Dancing & Charm School,"Drama, Romance, Comedy",2005-01-24,2500000,410602,53905
Downloading Nancy,Thriller,2008-01-21,3000000,20000,18273
Intimate Strangers,"Drama, Romance",2004-02-05,4293360,10485817,21200
Peepli Live,"Drama, Comedy",2010-08-13,2270000,6900000,44549
Rambling Rose,Drama,1991-09-10,7500000,6266621,32221
The Longshots,"Drama, Family, Comedy",2008-08-22,23000000,11767866,13579
Gymkata,"Action, Drama",1985-05-03,8500000,5730596,14570
An Unmarried Woman,"Drama, Romance, Comedy",1978-05-24,2515000,24000000,38731
Expelled: No Intelligence Allowed,Documentary,2008-04-18,3500000,7700000,13359
Never on Sunday,"Comedy, Romance",1960-05-24,151000,8000000,43039
Brooklyn Rules,"Drama, Action, Thriller",2007-04-30,8000000,458232,13072
Iron & Blood: The Legend of Taras Bulba,"Drama, History",2009-04-02,25000000,16815892,17935
Farewell to the King,"War, Adventure",1989-03-03,16000000,2420917,20713
Beware! The Blob,"Comedy, Science Fiction, Horror",1972-06-21,150000,102433,40983
Morphine,Drama,2008-11-27,3600000,766075,51284
The Stupids,"Comedy, Family",1996-08-08,25000000,2491989,16299
Ella Bella Bingo,"Animation, Family",2020-01-24,6000000,1339784,619918
The Legacy,Horror,1978-09-01,2500000,11364985,42215
The Goya Murders,"Drama, Thriller",2019-10-18,2700000,443038,573150
Jesus' Son,"Comedy, Drama, Romance",1999-09-05,2500000,1300000,25636
The Watchman,"Drama, Thriller",2019-10-24,860000,53565,575184
Buddy,"Adventure, Comedy, Family",1997-06-06,25000000,10113400,15170
Warning Sign,"Drama, Science Fiction, Thriller",1985-08-23,707990,1918117,34028
Ayan,"Action, Romance, Comedy",2009-04-03,3230939,18000000,20049
Bright Days Ahead,"Drama, Romance",2013-06-19,3300000,4949039,197936
The Precocious and Brief Life of Sabina Rivas,Drama,2012-11-09,4620000,2395000,142487
A Thousand Acres,"Drama, Family",1997-09-19,28000000,7936780,66588
Hot Dog... The Movie,"Comedy, Romance",1984-01-13,4506756,20307325,21989
Visaranai,"Drama, Thriller",2016-02-04,325000,1600000,372226
Heavy Traffic,"Animation, Comedy, Drama",1973-08-08,950000,1500000,30593
Black and White,Drama,1999-09-04,10000000,5241315,38809
It's Always Fair Weather,"Comedy, Music, Romance",1955-08-30,2771000,2374000,17640
The Tall Men,"Western, Adventure, Romance",1955-09-22,3115000,5000000,37317
Company,"Action, Crime, Drama",2002-04-15,1500000,6000000,15761
Beer League,Comedy,2006-09-15,2800000,472185,14137
Shipwrecked,"Adventure, Family",1990-10-03,8500000,15024232,71805
Ki & Ka,"Comedy, Romance",2016-04-01,3000000,15480000,390437
Rangeela,"Drama, Romance",1995-09-08,2800000,14000000,21570
The Legend of Boggy Creek,"Mystery, Horror, Drama",1972-08-01,160000,22000000,1842
The Cheat,Drama,1915-12-13,17311,137365,70368
Pushing Hands,"Comedy, Drama",1991-12-07,400000,152322,25296
Girl Shy,"Comedy, Romance, Action",1924-04-20,400000,1550000,40574
One Night with the King,"Drama, History",2006-10-10,20000000,13391174,15005
Bummer 2,"Crime, Drama",2006-03-07,5000000,13000000,61139
Murphy's Romance,"Comedy, Drama, Romance",1985-12-25,13000000,30867525,34322
Let There Be Light,Drama,2017-10-27,3000000,7240000,480881
Kolpaçino,"Action, Comedy",2009-10-29,2000000,3004329,50025
Love's Labour's Lost,"Comedy, Music, Romance",2000-03-31,13000000,299792,51333
Mardaani 2,"Action, Crime, Thriller",2019-12-12,2800000,8680109,591101
The Apple Dumpling Gang Rides Again,"Comedy, Family, Western",1979-06-27,5450000,20931111,22328
David Copperfield,"Adventure, Drama, Romance, Family",1935-01-18,1073000,3064000,43899
Fate/Grand Order the Movie: Divine Realm of the Round Table: Camelot Wandering; Agateram,"Animation, Action, Adventure, History, Drama, Fantasy",2020-12-05,2000000,3607899,637202
The Hero,"Action, Crime, Drama",2019-09-26,4065470,2889720,575075
Ten Canoes,"Adventure, Comedy, Drama",2006-06-29,2000000,300000,14064
Mere Brother Ki Dulhan,"Drama, Comedy, Romance",2011-09-09,5510000,18050000,74458
Garcia & Garcia,Comedy,2021-08-27,3404274,1163538,774456
Yellowbird,"Animation, Family, Comedy",2014-10-17,6443990,3790114,292795
Maheshinte Prathikaaram,"Comedy, Drama",2016-02-05,594667,2292774,381691
Silentium,"Thriller, Crime, Comedy",2004-09-24,3648751,2043067,9010
The Perfect Weapon,"Science Fiction, Action",2016-09-09,8000000,17000000,416149
Our Russia. Eggs of Destiny,Comedy,2010-01-20,2000000,22212223,31059
When Time Ran Out...,"Action, Adventure, Drama, Thriller",1980-03-28,20000000,3763988,47942
Get on the Bus,Drama,1996-10-16,2400000,5731103,49471
Parts Per Billion,Science Fiction,2014-03-25,1300000,15000000,270654
Antares,Drama,2004-12-03,500000,64910,47120
Me Two,"Comedy, Science Fiction",2008-06-18,5105644,2180120,14408
The Living End,"Comedy, Crime, Drama, Romance",1992-08-14,20000,692585,33247
Love 911,"Drama, Romance, Comedy",2012-12-19,16,16786016,146724
House of Bamboo,"Crime, Drama",1955-07-01,1380000,1700000,20942
Galaxina,"Comedy, Science Fiction",1980-06-06,5500000,4865000,33155
The Invisible Woman,"Romance, Science Fiction, Comedy",1940-12-28,269062,659600,28423
Red Dust,"Romance, Drama",1932-10-22,408000,1223000,38077
Repentance,"Horror, Thriller",2014-02-28,5000000,1189612,80920
The Three Investigators and The Secret Of Skeleton Island,"Mystery, Adventure, Family",2007-11-07,11000000,7789549,4407
Mangal Pandey - The Rising,Drama,2005-08-12,70000000,7250000,20496
Saw X,"Crime, Horror, Thriller",2023-09-26,13000000,29300000,951491
Chandni Chowk to China,"Action, Comedy",2009-01-15,12000000,17000000,20002
The White Masai,Drama,2005-09-14,7000000,22632255,6967
"Come Back to the 5 & Dime, Jimmy Dean, Jimmy Dean",Drama,1982-11-12,850000,840000,67772
Conflict,Thriller,1945-06-15,774000,3707000,26654
The Priest's Children,"Comedy, Drama",2013-01-03,1750000,1417453,165463
Dinner Rush,"Drama, Action, Thriller",2000-09-01,2000000,1075504,22617
Simon Sez,"Action, Comedy, Thriller",1999-01-01,10000000,292151,32305
The Golden Bowl,"Romance, Drama",2000-05-14,15000000,5753678,29946
Finding Bliss,Comedy,2009-01-01,1500000,6783,31896
Leonard Part 6,"Action, Comedy",1987-12-18,24000000,4600000,24828
Sidewalks of New York,"Comedy, Drama, Romance",2001-11-23,1000000,2402459,31016
Soodhu Kavvum,"Comedy, Thriller, Crime",2013-05-01,310000,12000000,189227
Mankatha,"Action, Thriller",2011-08-31,6100000,28000000,76788
Shahid,"Drama, Crime",2013-10-18,970000,6100000,128206
Kaala,"Action, Crime, Drama",2018-06-07,20000000,22000000,459008
Phat Girlz,"Comedy, Romance",2006-04-07,3000000,7301115,30139
The Marsh,"Horror, Thriller, Mystery",2006-05-18,9000000,2429573,22066
Destination Tokyo,War,1943-12-31,1516000,4544000,22871
The Battle at Lake Changjin: Water Gate Bridge,"War, History, Action, Drama",2022-02-01,200000000,626203271,928123
Bilo the Banker,"Drama, Comedy",1980-01-01,85000,243000,184979
Yossi,"Drama, Romance",2012-05-16,500000,116207,117629
Love Jones,"Comedy, Drama, Romance",1997-03-14,10000000,12782749,27322
Bol Bachchan,"Comedy, Action",2012-07-06,12,17,112936
Velaiyilla Pattathari,"Drama, Comedy, Action",2014-07-18,1100000,7700000,262970
"How Viktor ""The Garlic"" Took Alexey ""The Stud"" to the Nursing Home","Drama, Comedy",2018-03-23,441755,95589,466287
The Spitfire Grill,"Comedy, Drama",1996-01-24,6000000,12643776,47907
Josh,"Romance, Drama",2000-06-09,6900000,15000000,131940
Neon Flesh,"Thriller, Action, Comedy",2010-10-09,4364700,486756,62077
The Detective,"Drama, Mystery, Thriller, Crime",1968-05-28,4490000,6500000,42636
Baywatch: Hawaiian Wedding,"Action, Drama, Adventure, TV Movie",2003-02-28,5500000,136000000,56427
The Other Side of Heaven,"Action, Adventure, Drama, Family",2001-04-12,7000000,4720371,16651
Apostasy,Drama,2017-09-29,500000,434336,473309
Love Live! The School Idol Movie,"Animation, Music, Comedy",2015-06-13,3000000,21000000,333623
The Treasure,Comedy,2015-12-03,1016549,82392,334924
Carefree,"Comedy, Music, Romance",1938-09-02,1253000,1731000,29872
Firestorm,"Action, Adventure, Thriller",1998-01-08,19000000,8165212,41417
The School of the Magical Animals,"Family, Adventure, Fantasy",2021-10-14,11700000,13128530,793937
Hidden 3D,"Horror, Thriller",2011-04-21,8000000,1670477,64622
Beastmaster 2: Through the Portal of Time,"Action, Adventure, Fantasy, Science Fiction",1991-06-08,6000000,869325,27549
Joysticks,Comedy,1983-03-04,300000,3952448,27323
No Entry,"Comedy, Romance",2005-08-26,3500000,14000000,20390
East/West,"Drama, Romance",1999-09-01,11500000,6032000,28463
Pane e burlesque,Comedy,2014-05-29,2000000,319180,272731
Eegah,Horror,1962-06-08,15000,3274,31287
Late Autumn,"Drama, Romance",2010-01-29,6200000,4820000,91073
Love Stinks,"Comedy, Romance",1999-09-10,4000000,2924635,15122
Jilla,Action,2014-01-10,8000000,18000000,246087
The Outing,Horror,1987-09-11,2000000,1083395,26675
Xchange,Science Fiction,2001-01-19,100000,5000000,26446
Sanam Re,"Drama, Romance",2016-02-12,3056472,4472886,382717
My First Mister,"Comedy, Drama, Romance",2001-01-18,5250000,595005,25641
Power,Drama,1986-01-31,16000000,3800000,46948
It's Alive,"Horror, Science Fiction",2008-09-10,10000000,15500000,23174
Kismat Konnection,"Drama, Comedy, Romance",2008-07-18,4180000,11000000,15467
Party Girl,Comedy,1995-06-09,150000,472370,36196
Eyes of a Stranger,"Horror, Thriller",1981-02-11,800000,1118634,79649
Mermaid,"Comedy, Drama, Fantasy, Romance",2007-06-05,1700000,1431983,73576
Grace of My Heart,"Comedy, Drama, Music",1996-09-13,5000000,660313,58985
Pizza,"Thriller, Comedy, Romance, Horror",2012-10-19,240000,2800000,139357
The Born Losers,"Action, Drama, Thriller, Western",1967-07-12,360000,36000000,44695
Singam,"Action, Comedy, Crime",2010-05-28,2200000,9700000,62756
Care Bears Movie II: A New Generation,"Animation, Adventure, Family",1986-03-21,3400000,12000000,19975
Fukrey,"Comedy, Drama, Romance",2013-06-14,2200000,5200000,199139
To Save a Life,Drama,2009-11-05,500000,3824868,41144
Not of This Earth,"Horror, Science Fiction",1957-02-10,100000,1000000,27623
Adipurush,"Action, Adventure, Drama, Fantasy",2023-06-16,63000000,43000000,734253
Helen,Drama,2009-01-16,8000000,34820,1731
The Bubble,"Drama, Romance, Comedy",2006-06-06,1500000,1029926,15976
Secret Zoo,"Comedy, Drama",2020-01-15,8100000,8300000,575718
Black Nativity,"Music, Drama",2013-11-27,17500000,7018189,175541
Deep Sea,"Animation, Adventure, Fantasy, Science Fiction",2023-01-22,28700000,136090000,667717
Ankhon Dekhi,"Comedy, Drama",2014-03-21,800000,187000,241882
Beats,"Drama, Comedy, Music",2019-05-17,25000,310827,493141
Calendar Girl,"Comedy, Drama",1993-09-03,13000000,2570145,117553
Hurricane Season,Drama,2009-12-08,143000,1000000,32007
Hangover Square,Thriller,1945-02-07,1154000,1798500,35849
Les Aristos,Comedy,2006-09-20,10107727,6073724,52682
Bombay Talkies,"Drama, Romance",2013-05-03,11000000,2700000,190940
Love Affair,"Drama, Romance",1994-10-21,60000000,18272894,43742
End of the Spear,"Adventure, Drama, History",2005-10-24,10000000,12128105,14120
Luck by Chance,"Romance, Drama, Comedy",2009-01-30,2300000,3000000,16344
We Believed,"History, Drama, Adventure",2010-11-12,7000000,2124145,56853
Young Doctors in Love,Comedy,1982-07-16,7500000,30688860,47947
Not of This Earth,"Horror, Science Fiction",1988-05-20,210000,107352,40028
My Own Love Song,"Comedy, Drama",2010-04-07,1600000,300849,43609
His Kind of Woman,"Thriller, Crime, Comedy",1951-08-15,1825000,2000000,33673
Hooked on the Game,"Action, Science Fiction",2009-11-26,3500000,3704408,37656
Lady Frankenstein,"Horror, Science Fiction",1971-10-22,200000,139683000,3122
The In Crowd,"Drama, Mystery, Thriller",2000-07-19,15000000,5217498,36047
Laal Singh Chaddha,"Drama, Romance",2022-08-11,23000000,16000000,601635
Mr. Saturday Night,"Comedy, Drama",1992-09-23,43000000,13300000,54087
Symmetry,Drama,2003-09-16,700000,200219,38530
Africa Screams,"Comedy, Adventure",1949-05-04,500000,1500000,20278
Parasite,"Horror, Science Fiction",1982-03-12,800000,7000000,48311
Suave Patria,Comedy,2012-09-07,2000000,3423685,131978
City Under Siege,"Science Fiction, Action, Thriller",2010-08-11,17000000,13851432,44263
Befikre,"Romance, Comedy, Drama",2016-12-09,15500000,9600000,399624
The End,Comedy,1978-05-10,3000000,45000000,35976
Off Limits,"Action, Crime, Drama, Mystery, Thriller",1988-03-11,12000000,7242035,38617
The Original Kings of Comedy,"Comedy, Documentary",2000-08-18,13000000,38251106,23618
Home Run,Drama,2013-04-19,1200000,2861020,176124
Les Blagues de Toto,Comedy,2020-08-05,6438600,8859185,671047
"Police, Adjective","Drama, Comedy, Crime",2010-01-14,1089360,48298,32511
The Return of the Vampire,Horror,1943-11-11,75000,1090000,32858
Prince Valiant,"Adventure, Action",1954-04-05,2970000,3373,65994
Vaaranam Aayiram,"Drama, Romance",2008-11-14,3000000,14000000,38637
Gulaal,"Crime, Drama",2009-03-13,490000,2000000,21625
Bachelor Mother,"Comedy, Romance",1939-06-30,509000,1975000,36488
Shaft's Big Score!,"Action, Adventure, Crime, Mystery",1972-06-08,1978000,10000000,493
The Man from Elysian Fields,"Drama, Romance",2001-09-13,6500000,2006391,15720
The Legend of Bhagat Singh,"Crime, Drama, History",2002-06-07,3000000,6000000,31525
A Pain in the Ass,Comedy,2008-01-01,30000000,2030916,18916
Cousins,"Comedy, Romance",1989-02-10,13000000,22030000,31674
The Last Mistress,"Drama, Romance",2007-05-30,6000000,1831577,2002
The Mother,"Drama, Romance",2003-11-14,2500000,1062253,59210
Sairat,Drama,2016-04-29,600000,16500000,383367
Flamingo Road,"Drama, Romance",1949-04-30,1528000,2896000,27563
Flesh and the Devil,"Drama, Romance",1926-12-25,373000,658000,38687
Pulimurugan,"Action, Adventure",2016-10-07,3800000,29000000,353501
Lancaster Skies,"Drama, War, Action",2019-02-27,80000,67522,517517
"Rachel, Rachel","Drama, Romance",1968-08-26,780000,3000000,42635
Moscow Gold,"Action, Adventure, Comedy",2003-03-28,3558303,6890947,71792
Elvis Has Left the Building,"Comedy, Family",2004-08-27,11500000,152547,37641
One 2 Ka 4,"Action, Drama, Comedy",2001-03-30,5200000,5900000,132744
Beyond,Drama,2010-12-10,3000000,4800080,51423
Run,"Action, Thriller, Drama",1991-02-01,16000000,4409328,48129
Guy and Madeline on a Park Bench,"Drama, Music, Romance",2010-03-28,60000,35556,46504
3 Strikes,"Action, Comedy, Romance",2000-03-01,6000000,9000000,47816
A Kind of Loving,"Drama, Romance",1962-04-12,213084,581138,33765
7Aum Arivu,"Action, Science Fiction, Thriller",2011-10-26,16000000,98900000,86718
Baar Baar Dekho,"Romance, Drama, Action",2016-09-09,7400000,9100000,392344
"20,000 Leagues Under the Sea","Adventure, Drama, Action, Science Fiction",1916-12-24,200000,8000000,30266
Marci X,Comedy,2003-08-22,20000000,1675706,32316
O Kadhal Kanmani,"Romance, Drama",2015-04-16,940000,5100000,329135
Article 99,Drama,1992-03-13,18000000,6375979,25269
Hardbodies,Comedy,1984-05-04,1995000,7100000,52736
The Doberman Gang,"Action, Comedy, Crime",1972-01-01,500000,5000000,32061
Al Capone,"Action, Adventure, Crime, Drama",1959-03-25,1000000,2500000,43051
Popular Music,"Comedy, Drama",2004-10-01,2224000,28000000,442
My Baby's Daddy,Comedy,2004-01-09,12000000,18490423,26710
Shaft in Africa,"Action, Crime",1973-06-14,2142000,1458000,494
Satya,"Crime, Drama",1998-07-03,310000,2300000,21502
Two Weeks in Another Town,Drama,1962-08-17,3959000,2500000,62655
Angamaly Diaries,"Action, Comedy, Thriller",2017-03-03,610000,3100000,442000
A Blood Pledge,"Horror, Drama, Mystery",2009-06-18,125000,3470000,52413
Five Corners,"Drama, Crime, Thriller",1987-09-11,5500000,969205,71881
Lucia,"Fantasy, Romance, Thriller",2013-10-19,79000,170000,219343
Khatta Meetha,"Comedy, Drama",2010-07-23,7500000,10000000,44565
Boom Town,"Adventure, Drama, Romance, Western",1940-08-30,1600000,5000000,55604
Irudhi Suttru,"Action, Drama",2016-01-28,300000,2100000,357706
Viper's Nest,Drama,2011-03-10,3500000,18000000,63996
The Wind in the Willows,"Fantasy, Comedy, Family, Adventure",1996-10-16,15400000,2300000,47168
2016: Obama's America,Documentary,2012-07-13,2500000,33400000,126509
In Country,Drama,1989-09-15,18000000,3531971,32855
Hot to Trot,Comedy,1988-08-26,9000000,6436211,30690
Aitraaz,"Thriller, Romance",2004-11-12,3500000,9250000,22315
Gross Anatomy,"Comedy, Drama, Romance",1989-10-20,8500000,11604598,17190
Edward II,"History, Romance, Drama",1991-09-03,1003575,706131,43654
Vivacious Lady,"Comedy, Romance",1938-05-13,703000,1206000,33630
Love and the City,"Comedy, Romance",2009-03-05,3500000,9112193,24686
Mata Hari,"Crime, Drama, Romance",1931-12-26,558000,2227000,35545
A Rage in Harlem,"Crime, Comedy",1991-05-03,8000000,10400000,41780
Band of the Hand,"Action, Crime, Drama",1986-04-11,8700000,4865912,33762
Night of the Living Dead 3D,Horror,2006-11-10,3000000,1449945,24927
Shootout at Lokhandwala,"Action, Crime, History",2007-05-25,11000000,12000000,20742
Vinnaithaandi Varuvaayaa,"Drama, Romance",2010-02-26,3000000,12000000,37941
Timebomb,"Science Fiction, Action, Thriller",1991-05-25,6000000,64532,44192
D-Day,"Action, Thriller",2013-07-19,3900000,5600000,206851
Hustle,"Crime, Drama, Mystery, Thriller",1975-12-25,3050000,10390000,4990
"Count Yorga, Vampire",Horror,1970-06-10,64000,7000000,28733
Agatha,"Drama, Mystery, Thriller",1979-02-09,3500000,7500000,31200
Joe,"Drama, Thriller, Crime",1970-07-15,106000,19319254,46691
Safe Men,"Comedy, Crime",1998-08-07,1000000,45724,16155
Yennai Arindhaal,"Thriller, Action",2015-02-06,7900000,16000000,300983
Thank You,Comedy,2011-04-08,13100000,4100000,61400
Permanent Record,Drama,1988-04-22,8000000,1893139,51321
Who Is Cletis Tout?,"Action, Comedy, Crime",2001-09-12,9000000,252706,33152
Christopher Columbus: The Discovery,"History, Adventure",1992-08-20,40000000,8251071,41682
Blue Car,Drama,2003-04-25,1000000,464000,46989
The Black Hole,"Science Fiction, Thriller, TV Movie",2006-06-10,3500000,3500000,19312
Chained Heat,"Action, Crime, Drama, Thriller",1983-05-27,1250000,6149983,18406
Carbon Copy,"Comedy, Drama",1981-08-06,6000000,9566593,53922
Guncrazy,"Drama, Romance, Thriller, Crime",1992-09-11,800000,114516,24065
Summer Stock,"Music, Romance",1950-08-31,2025000,3357000,43390
"Have Fun, Vasya!",Comedy,2017-02-16,707503,4781454,430263
A Guy Named Joe,"Drama, Romance, War, Fantasy",1943-12-24,2627000,5363000,43306
Ohm Shanthi Oshaana,"Comedy, Romance",2014-02-07,220000,1500000,257160
Bustin' Loose,"Comedy, Drama",1981-05-22,11000000,31300000,31361
One Way Passage,"Drama, Romance",1932-10-04,350000,1108000,13634
The Boost,"Drama, Romance",1988-12-23,8000000,784990,94440
The Bolshoi,Drama,2016-12-21,6411831,4029886,437941
Me contro Te: Il film - Persi nel tempo,"Family, Fantasy",2022-01-01,4455979,3839773,839738
Filth and Wisdom,Comedy,2008-02-13,3500000,354628,18548
Heropanti,"Romance, Action",2014-05-23,4200000,10000000,271200
Paradise,"Drama, Family",1991-09-18,34000000,18634643,68430
Cartels,"Crime, Action",2017-01-23,7000000,37766,412678
Raintree County,"Drama, Romance, History",1957-12-20,5474000,9080000,65488
Silver Hawk,"Thriller, Action, Adventure, Science Fiction",2004-01-15,15000000,429328,41392
Action in the North Atlantic,War,1943-06-12,2231000,3460000,23051
Tim,"Romance, Drama",1979-07-13,600000,809000,31179
Detention,"Action, Thriller",2003-07-05,5000000,16324,95140
Malang,"Romance, Action, Drama",2020-02-06,7907534,11136444,661043
How to Succeed in Business Without Really Trying,"Comedy, Music",1967-03-09,3500000,2500000,22682
Higher Ground,"Drama, Thriller",2011-08-26,2000000,841733,50875
Abbott and Costello Go to Mars,"Comedy, Science Fiction",1953-04-06,762446,1250000,33472
An Awfully Big Adventure,"Romance, Drama, Comedy",1995-07-21,4000000,851545,22279
King's Ransom,"Comedy, Crime",2005-04-22,15000000,4139856,27360
Happy Times,"Drama, Comedy",2000-12-31,1900000,240093,45861
My Thoughts Are Silent,"Comedy, Drama",2020-01-02,344000,351500,609031
Eve of Destruction,"Science Fiction, Action, Thriller",1991-01-18,13000000,5451119,45096
The Last Time I Saw Paris,"Drama, Romance",1954-11-18,1960000,4940000,57575
Dark World,"Fantasy, Mystery, Thriller",2010-10-07,3000000,8628997,51273
Cooley High,"Comedy, Drama",1975-06-25,750000,13000000,35711
Badmaash Company,Crime,2010-05-07,1900000,5100000,37822
Lost in the Stars,"Mystery, Crime, Drama, Thriller",2023-06-22,417549000,334039200,1108211
Year of the Gun,"Action, Thriller, Romance",1991-09-10,15000000,1182273,31922
Hum Tumhare Hain Sanam,"Drama, Romance",2002-05-24,4800000,14000000,90634
Undercurrent,"Drama, Thriller",1946-11-11,1644000,4327000,44098
The Wounds,"War, Drama, Comedy, Crime",1998-05-27,10000,150000,51022
Legend of the Lost,Adventure,1957-12-17,1750000,2200000,25848
Led Zeppelin: Celebration Day,Music,2012-10-17,1000000,10000000,137366
The Hollywood Knights,Comedy,1980-05-18,2500000,10000000,21879
Out on a Limb,Comedy,1992-09-04,11000000,1659542,114726
Vulgar,"Drama, Horror, Thriller, Crime",2002-04-26,120000,14904,19085
Beyond the Forest,"Drama, Thriller",1949-10-21,1589000,1738000,35896
A Farewell to Arms,"Drama, Romance, War",1957-12-14,4100000,20000000,80255
Apartment Zero,"Thriller, Drama",1989-09-02,4000000,670774,5333
The Fan,"Drama, Horror, Thriller",1981-05-15,10000000,3100000,74899
Bikini Spring Break,Comedy,2012-06-26,500000,500000,114574
Blaze,"Drama, Music, History",2018-08-17,1200000,467306,489928
Punch,Drama,2011-10-20,4160000,34000000,91078
Let Him Have It,Drama,1991-10-04,3735600,635064,64167
Shank,"Drama, Action",2009-04-14,25000,713697,26630
The Champ,Drama,1931-11-21,356000,1600000,42816
Living Out Loud,"Comedy, Drama, Romance",1998-10-30,12000000,12902790,46889
United Passions,Drama,2014-06-19,30000000,168832,271331
A Distant Neighborhood,Drama,2010-05-20,18000000,231820,62871
Aiyaary,"Action, Thriller",2018-02-16,9150000,41000000,493620
Go Go Tales,"Comedy, Drama",2007-05-23,4000000,907456,50318
Jason's Lyric,"Crime, Drama, Romance",1994-09-28,7000000,20851521,22067
Physical Evidence,"Thriller, Crime",1989-01-27,17000000,3560932,41938
Take Off,"Drama, Thriller, War",2017-03-24,1300000,3100000,430521
The Time That Remains,"Drama, History",2009-08-12,6500000,753808,44898
Tom Sawyer,"Adventure, Family",2011-11-17,8500000,2963639,104711
Diamond 13,"Action, Crime, Thriller",2009-06-21,6850000,878153,31172
I Was a Teenage Werewolf,"Drama, Fantasy, Horror, Science Fiction",1957-06-19,82000,2000000,43228
The Grace Card,Drama,2011-02-25,200000,2295733,54897
Beautiful,"Drama, Mystery, Thriller",2009-04-27,1500000,56000,21033
Atithi Tum Kab Jaoge?,Comedy,2010-02-26,2100000,5400000,34144
Saathiya,"Romance, Drama",2002-12-20,3000000,12000000,20656
Twilight Portrait,Drama,2011-11-10,20000,154098,85495
Ringmaster,Comedy,1998-11-25,3500000,9247881,37536
Saint John of Las Vegas,Comedy,2010-01-29,3800000,111731,27023
7 Khoon Maaf,"Drama, Mystery, Thriller",2011-02-18,2200000,2900000,56338
"Mummy, I'm a Zombie","Fantasy, Animation, Horror",2014-10-06,64319,1000000,292106
Salaam-e-Ishq,"Comedy, Drama, Romance",2007-01-26,5100000,4300000,25869
Son of Sardaar,"Action, Comedy, Romance",2012-11-13,4300000,2200000,140896
Yuva,"Action, Crime",2004-05-22,4600000,6700000,43410
Alice Adams,"Comedy, Drama, Romance",1935-08-23,342000,770000,43886
Mrs. Soffel,"Drama, Romance",1984-12-26,11000000,4385312,31955
The Guillotines,"Action, History, Adventure, Drama",2012-12-20,15000000,5290,167449
Arabian Nights,"Action, Adventure, Comedy",1942-12-25,904765,3453416,60488
For Me and My Gal,"Music, Romance, War",1942-10-21,802000,4371000,27017
The Last Warrior: A Messenger of Darkness,"Fantasy, Adventure, Comedy",2021-12-23,7000000,29694624,598014
The Barkleys of Broadway,"Comedy, Romance",1949-01-01,2250000,4421000,29885
Space Dogs,"Family, Animation",2010-03-18,25000000,6500000,36696
Itty Bitty Titty Committee,Comedy,2007-09-28,1000000,18479,10520
The Omega Code,"Horror, Thriller",1999-10-15,7200000,12600000,29064
King David,"Action, Adventure, History, Drama",1985-03-29,22000000,5111099,42040
Mirror Game,"Crime, Mystery, Thriller",2016-09-30,405606,246840,418325
Tyler Perry's Madea on the Run - The Play,"Comedy, Drama",2017-01-31,1000000,15000000,436288
The Rocket,Drama,2005-10-25,8000000,2019009,49081
If Lucy Fell,"Comedy, Romance",1996-03-08,5000000,2420162,10324
Christian Mingle,"Romance, Comedy, Drama",2014-10-10,650000,25480,296456
Lucie Aubrac,Drama,1997-02-26,23500000,458557,52366
Soulless 2,Drama,2015-03-05,2265160,9194350,327982
The Edge,Drama,2010-09-23,11000000,5380142,47557
Like Dandelion Dust,Drama,2009-02-05,2500000,352810,43937
Me Too,"Drama, Comedy",2009-10-16,2000000,2149113,45765
23:59,Horror,2011-11-03,600000,1208479,107227
Rampage,"Crime, Drama, Thriller",1987-09-01,7500000,796368,99749
Maanagaram,"Thriller, Action",2017-03-10,779000,1550000,412096
"Paradise, Hawaiian Style","Music, Comedy, Romance",1966-06-15,2000000,2500000,18894
On Wings of Eagles,"Drama, History, War",2016-06-17,12000000,155111,346684
People - Jet set 2,Comedy,2004-05-19,23000000,5290177,71183
Manorama Six Feet Under,"Thriller, Crime, Mystery, Drama",2007-09-21,4000000,4500000,46404
Wisdom,"Crime, Drama, Action",1986-12-31,6500000,5715174,41090
The Favor,"Comedy, Romance",1994-04-29,13000000,3134081,50463
Madonna: The Confessions Tour,Music,2006-11-22,1000000,10000000,18527
Never Forever,Drama,2007-06-20,3500000,689473,18514
For Queen & Country,"Action, Drama, Thriller",1988-05-17,3500000,191051,42347
At Play in the Fields of the Lord,"Drama, Romance",1991-12-06,36000000,1345903,51515
Troppo Belli,Comedy,2005-04-22,2000000,903391,31247
Hitler's Kaput!,Comedy,2008-09-18,3000000,9713500,52891
Starchaser: The Legend of Orin,"Adventure, Animation, Family, Science Fiction",1985-05-17,15000000,3360800,32147
Tumbleweeds,"Comedy, Drama",1999-11-24,312000,1281176,55123
Finian's Rainbow,"Fantasy, Romance, Family",1968-10-09,3500000,11600000,42622
Skinning,"Action, Crime, Drama",2010-10-06,500000,288512,57186
Deception,"Drama, Romance, Thriller, Music",1946-10-26,2882000,2300000,25502
Shaitan,"Action, Crime, Drama, Thriller",2011-06-01,1700000,6100000,69785
Skyjacked,"Action, Drama, Thriller",1972-05-24,1700000,6550000,87514
Our Shining Days,"Drama, Comedy, Music, Romance",2017-07-20,103,6600,477306
Riding Giants,Documentary,2004-07-09,2600000,3166000,291
The Unholy Three,"Crime, Drama, Romance, Thriller",1925-07-20,103000,704000,27505
House of Fools,"Drama, Romance, War",2002-12-06,2500000,157613,72996
"Sí, Mi Amor","Comedy, Family, Romance",2020-01-23,5000,5000,701062
Mahanati,Drama,2018-05-09,4346100,11589600,459713
Conquest of Space,Science Fiction,1955-04-20,1500000,1000000,25952
I'm No Angel,"Comedy, Romance",1933-10-06,225000,2850000,34456
The House on Carroll Street,"Drama, Thriller",1988-03-04,14000000,459824,75889
Macabre,"Horror, Thriller, Mystery",1958-10-01,90000,5000000,29393
Best Friends,"Comedy, Romance",1982-12-17,15000000,36800000,45840
From the Hip,"Comedy, Drama",1987-02-06,9000000,9518342,24081
"Moscow, Belgium","Romance, Drama, Comedy",2008-01-30,560000,1500000,13646
Loose Change: Final Cut,Documentary,2007-11-11,6000,6000,22887
Crooked Arrows,Drama,2012-05-18,13000000,1832541,106135
Aadukalam,"Action, Drama, Thriller",2011-01-14,4000000,6000000,68016
In My Country,"Romance, Drama",2004-05-04,12000000,1491434,16635
Hawaii,"Drama, Adventure, Romance, History",1966-10-10,15000000,34562222,14689
Scarlet,"Drama, History, Romance",2023-01-11,6750000,279383,840111
Action Hero Biju,"Action, Comedy, Crime",2016-02-04,300000,2500000,381374
"Me, You, Them","Drama, Romance",2000-08-17,1900000,560943,82103
The Magic Snowflake,"Family, Animation",2013-11-20,10000000,78,305387
Himmatwala,"Action, Comedy, Drama",2013-03-29,9500000,6800000,180680
Force 2,"Action, Adventure, Crime",2016-11-18,6500000,6900000,426558
The Battalion,"War, Action, Drama, History",2015-02-20,10000000,7547762,326011
"An Alan Smithee Film: Burn, Hollywood, Burn",Comedy,1998-02-20,10000000,45779,78149
Corrections Class,Drama,2014-09-25,1500000,156888,285021
The Touch,Drama,1971-07-14,6900000,6530000,105254
Bluffmaster!,"Drama, Comedy, Romance",2005-12-16,1823152,7133082,19620
Dead Trigger,"Action, Horror",2017-07-19,10000000,151493,462115
Pari,"Horror, Fantasy, Mystery",2018-03-02,2600000,6000000,461649
The Man From Snowy River II,"Drama, Adventure, Western, Family, Action",1988-03-24,6830000,10743000,13965
The Duchess and the Dirtwater Fox,"Comedy, Western",1976-04-01,4590000,4120000,54613
Heavy Petting,"Comedy, Romance",2007-10-20,2800000,272371,33586
Fat Pizza,Comedy,2003-04-10,400000,7888102,15603
Second Name,"Thriller, Mystery, Drama, Horror",2002-11-15,2500000,1044665,59851
Hey Ram,"History, Drama, Crime",2000-02-18,3900000,4900000,60579
Office Romance. Our time,"Comedy, Romance",2011-03-17,5000000,11840661,61293
The Nutcracker,"Fantasy, Music, Family",1993-11-24,19000000,2119994,73191
Princess Ka'iulani,Drama,2010-05-14,9000000,771499,39806
"Help, I Shrunk My Parents","Comedy, Adventure, Family, Action",2018-01-18,7000000,8351526,454545
Hooked on the Game 2. The Next Level,"Action, Science Fiction",2010-04-15,3500000,2294357,37851
Winning,"Action, Drama",1969-05-22,5000000,14644000,42621
83,"Drama, History",2021-12-23,36786988,25452983,601337
The King Is Dancing,"Drama, History, Music",2000-12-06,21000000,3203,44947
Bombay Velvet,"Crime, Thriller",2015-05-15,18000000,1500000,316654
Mother of Mine,"Drama, War",2005-09-30,3131855,2851888,32990
A,"Romance, Thriller",1998-02-12,510000,13000000,210763
Paradise,"Drama, War",2016-09-01,5444966,945991,408539
Raavanan,"Action, Adventure, Crime",2010-06-18,5200000,9700000,54456
Çalgı Çengi: İkimiz,Comedy,2017-01-06,3912363,9072414,449262
Plenty,"Drama, Romance",1985-09-20,10000000,6148000,41166
Videocracy,Documentary,2009-08-28,700000,1179676,23451
West Is West,Comedy,2010-10-19,3837625,3867000,63943
Matru Ki Bijlee Ka Mandola,"Comedy, Drama",2013-01-10,6500000,8100000,139521
Tarzan and the Lost City,"Adventure, Action",1998-04-24,20000000,2172941,38618
Queen of Blood,"Science Fiction, Horror",1966-03-01,65000,1730000,27642
Monique,"Comedy, Drama",2002-08-21,984936,984936,35024
Break Ke Baad,"Drama, Comedy, Romance",2010-11-25,2600000,427628,50099
Tough Guys Don't Dance,"Drama, Comedy, Crime, Mystery, Thriller",1987-09-18,5000000,858250,78146
House of Good and Evil,"Horror, Thriller",2013-04-26,150000,560000,239019
Six Degrees of Celebration 1914,"Comedy, Drama",2014-12-25,2426950,12848123,313556
A Driver for Vera,Drama,2004-07-27,3300000,2011837,64483
Naughty Grandma,Comedy,2017-08-17,686410,6143216,468987
Thief of Hearts,"Crime, Drama, Thriller",1984-10-19,9000000,10364904,48482
Last Minute Marocco,Comedy,2007-04-13,2100000,400000,99721
Boys,"Drama, Comedy, Romance",2003-08-29,2223967,2028752,75076
The Man Who Loved Women,"Comedy, Drama, Romance",1983-12-18,19000000,11000000,69928
Totally True Love,"Drama, Family, Romance",2011-02-25,1761562,2221278,71482
Passion Fish,Drama,1992-12-11,5000000,4814619,41768
Closet Land,"Drama, Thriller",1991-03-06,4000000,259012,58648
Road to Nowhere,"Mystery, Thriller, Romance",2010-09-11,5000000,27046,42707
"Easy Come, Easy Go","Adventure, Comedy, Music",1967-05-28,2000000,1950000,47263
I Married a Strange Person!,"Comedy, Animation, Fantasy, Action, Science Fiction",1997-08-09,250000,206272,51942
Doraemon: Nobita and the Tin Labyrinth,"Adventure, Animation",1993-03-06,4000000,14800000,161822
Sarkar Raj,"Action, Adventure, Crime, Drama",2008-06-06,820000,8130000,14394
Meri Pyaari Bindu,"Drama, Romance",2017-05-11,3014770,2437852,455470
Malcolm,"Action, Comedy, Crime",1986-07-20,640000,2459000,28685
The Badlanders,Western,1958-09-03,1436000,2015000,94533
Victory Through Air Power,"Animation, War, Documentary",1943-07-17,799000,788000,22779
The Legend of the Lone Ranger,"Action, Adventure, Romance, Western",1981-08-20,18000000,2945600,38665
High Strung,Comedy,1992-01-08,300000,904,22792
Jim Button and the Wild 13,"Adventure, Family, Fantasy",2020-10-01,20000000,6700000,616180
Angel Town,Action,1990-02-23,855,855810,89139
Love! Valour! Compassion!,Drama,1997-05-16,2000000,2900000,64802
Tanks for Stalin,"War, Action, Adventure",2018-04-26,2179800,36837802,506750
Jefferson in Paris,"Drama, Romance, History",1995-03-31,14000000,2474000,87729
The Book of Masters,Fantasy,2009-10-29,8000000,10814122,25805
About Love. Adults Only,"Romance, Comedy, Drama",2017-09-01,1350000,2157136,457859
Standing Still,"Comedy, Drama, Romance",2005-01-02,1700000,12762,14167
300 Worte Deutsch,Comedy,2015-02-05,2000000,276792,309038
The Opposite Sex,Comedy,2016-05-19,3300000,2800000,301748
Invisible Agent,"Adventure, Comedy, Romance, Science Fiction, War",1942-08-07,322000,1040000,28426
Hate Story,"Drama, Thriller",2012-04-20,1300000,2300000,109907
Seven Minutes in Heaven,"Comedy, Drama, Romance",1985-05-09,31430,31430,38981
Colosio,"Crime, Drama, Thriller",2012-06-08,4615385,4346138,151708
Grandmaster,"Thriller, Action",2012-05-03,120000,130000,105506
Be Somebody,"Mystery, Comedy, Drama",2021-11-11,40000000,132326332,895435
Kurbaan,"Crime, Drama, Romance, Thriller, Action",2009-11-20,7700000,6600000,24613
Oru Vadakkan Selfie,"Comedy, Drama",2015-03-27,670000,4700000,332830
FC Venus,"Comedy, Romance",2005-12-30,2196531,2411594,26147
Battles Without Honor and Humanity: Police Tactics,"Crime, Drama",1974-01-15,125000,2140000,52979
The Tall Target,"Mystery, Thriller, History",1951-08-17,966000,620000,27263
Aarakshan,"Drama, Thriller",2011-08-12,6100000,7900000,72152
Jellyfish,"Drama, Romance",2007-05-05,1800000,938881,6391
Cheetah,"Drama, Family",1989-08-18,5000000,8153677,65157
Jomonte Suvisheshangal,"Comedy, Drama, Family",2017-01-19,1000000,6000000,432583
Raising Victor Vargas,"Drama, Romance",2002-05-16,800000,2816116,25461
The Cookout,Comedy,2004-09-03,16000000,12009070,18475
Milyarder,"Family, Drama, Comedy",1986-09-07,44350,194300,219998
Kicking Off,"Drama, Thriller",2013-09-24,2400005,2505528,227199
The Derby Stallion,"Drama, Family",2005-07-04,750000,4000000,19183
Easter Sunday,Comedy,2022-08-04,17000000,13071438,824281
The Kick,"Comedy, Action",2011-11-03,3500000,517069,82469
The Lost Treasure of the Knights Templar,"Family, Adventure, Action",2006-02-03,85,9984,16043
Atrocious,"Horror, Thriller",2018-10-26,7000,74,300906
The Postman's White Nights,Drama,2014-10-14,1409700,42491,283703
Moomins on the Riviera,"Animation, Comedy, Family",2014-10-10,4700000,2200510,293271
Some Kind of Hero,"Comedy, Drama",1982-04-02,8000000,23671186,37607
This Changes Everything,Documentary,2019-06-28,64988,125348,541577
Desert Blue,"Comedy, Drama",1999-06-04,2000000,100590,41730
Alaipayuthey,"Romance, Drama",2000-04-14,2000000,6000000,49035
Ezra,"Horror, Thriller",2017-02-10,1500000,7800000,428642
Mulk,Drama,2018-08-03,2721526,4080000,526090
Turkish Ice Cream,"History, Drama, War",2019-03-15,3000000,1289283,588459
The Seventh Cross,"Drama, Thriller, War",1944-07-24,1300000,3600000,85574
Aayirathil Oruvan,"Action, Adventure",2010-01-14,7500000,20000000,69597
CrissCross,"Crime, Drama",1992-05-08,14000000,3052738,70423
Lost Horizon,"Adventure, Drama, Fantasy, Music, Romance",1973-03-17,5900000,3800000,97519
Krush Groove,"Comedy, Drama, Music",1985-10-25,3000000,11000000,29463
The Good Boy,"Comedy, Drama, Family",2016-11-10,900000,1237319,417427
Crossover,"Action, Adventure, Drama",2006-09-01,5800000,7000000,14351
Daddy and Them,"Drama, Comedy",2001-10-26,4000000,6718,33557
Night Must Fall,"Mystery, Thriller",1937-04-30,589000,1015000,91727
Beach Party,"Comedy, Music",1963-08-07,300000,2300000,26484
Adventures of Don Juan,"Action, Adventure, Romance",1948-12-24,3408000,4772000,34233
Arrambam,"Action, Thriller, Drama",2013-10-31,9200000,21000000,188540
Myra Breckinridge,"Comedy, Drama",1970-06-24,5000000,3000000,40973
Driving Licence,"Drama, Thriller, Mystery, Action",2019-12-20,704334,3803406,656858
The Left Hand of God,"Adventure, Drama, Western",1955-09-02,1785000,4000000,63618
Bride Flight,Drama,2008-10-15,6400000,2556911,17347
Faster Than Rabbits,Comedy,2014-01-01,3000000,5279982,253192
Sarrainodu,"Action, Drama",2016-04-08,7503564,19059053,374954
The Story of Vernon and Irene Castle,"Drama, Music, Romance, War",1939-03-29,1196000,1825000,18651
Camp Cool Kids,Family,2017-07-11,1000000,5199,467988
A Guide for the Married Man,"Comedy, Romance",1967-01-01,3325000,5000000,4932
Meet Monica Velour,"Comedy, Drama, Romance",2010-06-04,5000000,33042,56928
The Perez Family,"Comedy, Drama, Romance",1995-05-12,11000000,2832826,63020
Crimea,"Action, Drama",2017-09-28,6900000,5987319,469114
Veeram,"Action, Comedy",2014-01-10,5900000,19000000,247504
Macon County Line,"Drama, Action",1974-08-08,225000,18000000,42450
Raaz: The Mystery Continues...,"Horror, Mystery",2009-01-23,6250000,8000000,15980
Teacher's Pet,"Animation, Family, Music, Comedy, Drama",2004-01-16,10000000,6491969,24034
Wind,"Action, Drama",1992-09-11,29000000,5519569,28881
Traffic,Thriller,2011-01-07,567000,2930000,142948
West of Zanzibar,"Drama, Mystery",1928-11-24,259000,921000,27506
Eyes of Crystal,"Thriller, Crime",2004-11-26,2600000,386355,89587
Dancing Lady,"Comedy, Romance, Music",1933-11-24,923055,2400000,43600
Luck,"Action, Thriller, Drama, Adventure",2009-07-24,6000000,400000,20290
Satan's Blood,"Horror, Thriller",1978-08-12,175000,594947,28485
The Broken Crown,"Drama, History",2016-02-19,869115,1018486,356270
The Last American Hero,Drama,1973-07-27,2000000,1000000,31605
Spirit Trap,"Thriller, Horror",2005-08-12,4500000,25245,22060
CIA: Comrade In America,"Action, Adventure, Romance",2017-05-05,1400000,3900000,439601
Pranchiyettan & The Saint,"Comedy, Family",2010-09-10,385320,1120000,79897
Impulse,"Thriller, Crime",1990-04-06,9000000,2544504,37131
The Man from Majorca,"Thriller, Crime, Action",1984-10-12,58960,1769000,52331
Queens Logic,"Comedy, Drama",1991-02-01,12000000,612781,49792
Light It Up,"Drama, Thriller",1999-11-04,13000000,5985690,19052
Sons of Rizk,"Action, Comedy, Crime",2015-07-16,1368070,1249176,362739
Old Fashioned,"Romance, Drama",2014-10-18,600000,1914090,297462
Grand Masti,"Comedy, Romance",2013-09-13,4900000,19000000,220714
The Goalie's Anxiety at the Penalty Kick,Drama,1972-02-19,410000,100,42481
Woo,"Comedy, Romance",1998-05-08,13000000,8026971,58680
Kaavalan,"Drama, Family, Romance",2011-01-15,8400000,20000000,58723
Edge of Darkness,"Drama, War",1943-04-09,1653000,3669000,55238
A Day Without a Mexican,"Comedy, Mystery",2004-05-14,1500000,10057021,16427
The Spy,"Action, Thriller",2012-04-05,6000000,4588176,102197
Gray's Anatomy,"Documentary, Comedy, Drama",1996-09-11,350000,29090,32686
Isn't She Great,"Comedy, Drama",2000-01-28,36000000,3003296,75531
My Love or My Passion,"Comedy, Family, Romance",2017-08-10,1900000,6543075,467634
The Adventures of Huckleberry Finn,"Adventure, Comedy, Drama, Family",1960-07-21,1357000,2750000,43041
Baby It's You,"Comedy, Drama, Romance",1983-04-03,3000000,1867792,42103
Bamako,Drama,2006-06-21,2000000,111000,62652
Cabin in the Sky,"Fantasy, Music",1943-04-09,662141,1606624,59964
Jimmy Vestvood: Amerikan Hero,Comedy,2016-03-13,2500000,230069,299641
The Last of the Finest,Crime,1990-03-09,12000000,1531489,123770
A Damsel in Distress,"Comedy, Romance, Music",1937-11-19,1035000,1465000,66473
Believe,Drama,2013-10-04,6000000,284000,228406
How About You...,"Comedy, Drama",2007-11-16,9000000,706000,28871
The Ambush,"War, Action, Drama",2021-11-25,40000000,5218666,884452
Rough Cut,"Adventure, Comedy, Crime, Mystery, Romance",1980-06-19,14000000,16656125,49375
Adrift in Manhattan,Drama,2007-01-10,4000000,90272,14063
A Guilty Conscience,Drama,2023-01-20,2800000,10000000,990326
Manny & Lo,"Drama, Comedy",1996-01-22,500000,431326,88224
Track 29,"Drama, Mystery",1988-05-15,5000000,429028,41974
Kandukondain Kandukondain,"Drama, Romance",2000-05-05,500000,500000,69426
The Last Time I Committed Suicide,Drama,1997-06-20,4000000,46362,34941
Cowboys & Angels,"Comedy, Drama",2004-07-23,2000000,33700,20148
Megiddo: The Omega Code 2,"Action, Thriller",2001-09-07,20000000,6000000,30379
China Strike Force,"Action, Thriller",2000-12-21,13500000,145969,34856
Bulletproof,"Action, Thriller",1988-04-20,5000000,807947,87533
Guinevere,"Drama, Romance",1999-09-12,2600000,614202,60994
Ruby in Paradise,"Drama, Romance",1993-10-08,800000,1001437,47889
The Blue Butterfly,"Adventure, Drama",2004-02-20,12500000,1775619,25379
Undiscovered,"Comedy, Romance, Music",2005-08-26,9000000,1046166,17926
Janatha Garage,"Action, Drama",2016-09-01,7000000,21000000,405924
Telling Lies in America,Drama,1997-08-02,4000000,318809,63437
Excessive Force,Action,1993-05-14,3000000,1200000,24227
Anegan,"Comedy, Mystery, Romance, Thriller",2015-02-13,5200000,8200000,262973
Killer Tongue,"Comedy, Horror, Science Fiction",1996-11-15,4000000,219449,36271
Street Dancer 3D,"Drama, Music",2020-01-24,9204790,12589965,644712
The Importance of Tying Your Own Shoes,"Drama, Comedy",2011-03-18,950000,5012245,60592
Kandahar,Drama,2010-02-04,7000000,15172408,34586
Stealing Rembrandt,"Action, Comedy",2003-05-17,3000000,59466,11196
Peter-No-Tail,"Romance, Family, Animation, Drama",1981-12-25,48740,955401,47542
Mrs Palfrey at The Claremont,"Comedy, Drama",2005-11-25,750000,1720953,47880
Prince Vladimir,"Animation, Drama, History",2006-02-09,5000000,5399340,39170
Varane Avashyamund,"Comedy, Family, Romance",2020-02-07,587640,4139731,659731
Meet the Applegates,"Comedy, Fantasy, Horror",1990-11-08,5000000,485772,76516
Pisaasu,"Drama, Thriller, Horror",2014-12-19,310000,1200000,311155
Mary of Scotland,"Drama, History, Romance",1936-07-28,864000,1276000,43875
Hazard Jack,"Thriller, Horror, Mystery",2014-05-13,30000,8000,280127
Play the Game,"Comedy, Romance",2009-02-27,1100000,659483,45708
Bling,"Family, Animation",2016-05-06,15000000,1404291,385722
Sadie Thompson,"Drama, Romance",1928-01-07,1000000,7000000,42538
Thank Your Lucky Stars,"Comedy, Music",1943-09-25,1568000,3621000,43514
A Perfect Man,Drama,2013-11-01,5000000,388,228331
The New Year's Rate Plan,"Romance, Comedy",2008-12-04,3200000,3877492,50530
Company Man,Comedy,2000-03-09,16000000,146193,44412
Ram Jaane,"Action, Crime",1995-11-29,520000,2100000,160242
Simpatico,"Comedy, Drama",1999-09-15,10000000,929606,50116
Three Men and a Cradle - 18 Years Later,"Comedy, Romance",2003-02-05,12440560,8785730,38210
Eye of the Dolphin,"Drama, Family",2007-08-24,2500000,72310,46849
Zaytoun,"Drama, War, Adventure, Thriller",2012-10-14,8000000,42330,121640
Dulha Mil Gaya,"Comedy, Drama, Romance",2010-01-08,5600000,2700000,29888
The Care Bears Adventure in Wonderland,"Family, Animation",1987-08-07,5000000,6000000,33838
Narasimham,"Action, Family, Thriller",2000-01-26,46000,500000,193932
Chapiteau-Show,Comedy,2012-01-26,1000000,196908,88491
Rocketry: The Nambi Effect,"Drama, History",2022-07-01,7900000,3900000,607145
Dil Toh Baccha Hai Ji,"Drama, Comedy, Romance",2011-01-28,2600000,5700000,55386
Pelli Choopulu,"Romance, Comedy",2016-07-29,200000,5500000,393841
Roadside Romeo,"Animation, Family, Adventure, Comedy",2008-10-24,7000000,1100000,20653
The Afflicted,"Horror, Thriller",2011-10-22,180000,175742,101501
Bullett Raja,"Action, Crime, Drama",2013-11-29,7,12,220495
Captive,"Drama, Thriller",2012-09-05,11180,24591,98203
WWE Money in the Bank 2019,"Action, Drama, Family, Thriller",2019-05-19,140777,5556675,603466
Corporal vs. Napoleon,Comedy,2012-01-25,8000000,10365684,90804
Dukhtar,"Drama, Thriller",2014-09-18,46000,120000,287594
The Ambushers,"Action, Comedy",1967-12-22,4000000,10000000,36775
Aanandam,"Adventure, Comedy, Romance",2016-10-21,450000,2300000,422603
Tevar,"Thriller, Action, Drama",2015-01-09,5600000,7800000,312809
Til There Was You,"Comedy, Romance",1997-05-30,1000000,3525125,32872
Claire of the Moon,"Drama, Romance",1992-09-18,130000,799674,53049
Buy Me,Drama,2017-06-23,2000000,409913,460036
22 Female Kottayam,"Crime, Drama, Romance, Thriller",2012-04-13,400000,500000,129088
Cutaway,"Action, Thriller, TV Movie",2000-08-26,9,37,2089
Crossroads,"Crime, Mystery, Drama",1942-07-23,846000,2321000,42825
Vedam,"Drama, Action",2010-06-04,3000000,9000000,97342
Dust,"Comedy, Drama, Science Fiction",2005-06-17,3000,24000,65104
Bo,Drama,2010-02-10,1200000,1675160,42748
Ramaiya Vastavaiya,"Romance, Action, Comedy",2013-07-19,4600000,7300000,208036
Moscow Zero,"Action, Horror, Drama",2006-11-05,10000000,62500,25974
Sarbjit,Drama,2016-05-20,3400000,6463160,393421
Veere Di Wedding,"Drama, Comedy",2018-06-01,6800000,19700000,483189
Sparrows,Drama,1926-09-19,463455,966878,73575
The Fixies: Top Secret,"Comedy, Family, Animation, Adventure",2017-10-28,6000000,8220990,483165
Holy Ghost People,"Drama, Thriller",2013-03-10,2000000,120000,172792
Ode to Billy Joe,"Drama, Romance",1976-06-04,1100000,27000000,42239
Godfather,"Drama, Comedy, Romance",1991-09-15,18000,700000,134474
Where the Boys Are,"Comedy, Drama, Romance",1960-12-28,2000000,3500000,43049
Bhediya,"Comedy, Fantasy, Horror",2022-11-25,7350000,10911075,799177
Swoon,Drama,1992-09-11,250000,340147,54934
Racetime,"Animation, Family, Comedy, Adventure",2018-12-07,3000000,12000000,534313
Indru Netru Naalai,"Comedy, Science Fiction, Thriller",2015-06-26,620000,1400000,330418
The Star,"War, Drama",2002-05-06,1300000,809000,54474
Happy Days,Drama,2007-09-28,440141,2640850,199160
Cameron's Closet,Horror,1988-12-02,7000000,136203,59735
Lovey-Dovey 2,"Comedy, Fantasy",2008-12-23,3000000,17850711,62732
Revenge,"Action, Drama, Mystery",2007-10-18,6000000,11171900,56525
Amen,"Fantasy, Music, Romance",2013-03-21,110000,270000,180048
Tara Road,Drama,2005-05-11,12000000,875898,3631
Like You Know It All,"Drama, Comedy",2009-05-14,100000,208867,86262
A Different Loyalty,"Thriller, Romance",2004-05-16,13000000,574672,19180
Five Star Final,"Crime, Drama",1931-09-26,310000,822000,42669
Lianna,"Drama, Romance",1983-01-19,300000,1530839,78177
Sunshine Superman,Documentary,2015-05-22,400000,88097,292081
Shootout at Wadala,"Action, Crime, Drama, History",2013-05-03,6900000,11000000,188640
Mudhalvan,Thriller,1999-11-07,7400000,22000000,66526
Bathing Beauty,"Comedy, Music",1944-06-27,2361000,6892000,43546
Annie Oakley,"Drama, Western, Comedy",1935-11-15,354000,620000,43887
Once Upon a Warrior,"Adventure, Fantasy, Action, Family",2011-01-14,3800000,5400000,72440
Raaz 3,"Horror, Thriller",2012-09-07,3600000,14000000,127498
The Mysterious Lady,"Adventure, Drama",1928-08-04,337000,551000,108923
The Missing Lynx,"Animation, Family, Adventure",2008-12-25,6500000,1400000,29192
Algiers,"Drama, Mystery, Romance, Crime",1938-01-16,691833,951801,22657
Janky Promoters,Comedy,2009-10-16,10000000,9069,25186
The Guide,"History, Drama",2014-11-12,722083,499168,293122
The Keeper,"Crime, Drama, Thriller",2004-05-14,4000000,73788,40990
Vaah! Life Ho Toh Aisi!,"Drama, Comedy, Family, Fantasy",2005-12-23,2721088,4308390,83903
Jackson County Jail,"Crime, Drama",1976-03-31,445000,2300000,21950
Naduvula Konjam Pakkatha Kaanom,"Comedy, Drama",2012-11-30,120000,885000,146582
Iron Maiden: Rock In Rio,"Music, Documentary",2002-07-16,1000000,10000000,31477
Bunker of the Dead,"Action, Horror, Comedy",2016-02-18,30000,10147,381214
Happy,"Drama, Romance",2006-01-27,2200000,5800000,81060
Love Crazy,"Comedy, Romance",1941-05-23,889900,2000000,20644
Costa!,"Romance, Comedy",2001-03-01,2498210,4810190,73678
Decibel,"Action, Drama, Thriller",2022-11-16,8500000,6843970,774548
Romance on the High Seas,"Comedy, Romance",1948-06-25,2532000,3225000,43449
The Myth of Fingerprints,"Drama, Comedy, Romance",1997-09-17,2000000,458815,98502
Vellimoonga,"Comedy, Romance",2014-09-25,420000,3700000,296902
Jacob's Kingdom of Heaven,"Drama, Family",2016-04-08,110000,520000,388088
The Silver Chalice,"Drama, Romance, History",1954-12-20,4500000,3200000,65212
"Hetalia: Axis Powers: Paint It, White!","Animation, History, Comedy",2010-06-05,250000,1950000,119441
Cremaster 3,"Drama, Fantasy",2002-05-15,4000000,11047,23986
This Is Elvis,"Drama, Music, Documentary",1981-04-03,5000000,2028612,109264
Hate Story 2,"Drama, Thriller",2014-07-18,2300000,4600000,282346
The Great Father,"Action, Crime, Mystery",2017-03-30,9400000,9600000,428658
The Midwife,"Drama, War, Romance",2015-09-04,1803780,2460914,350555
Aaranya Kaandam,"Comedy, Action, Crime, Drama",2011-06-10,780000,1040344,119123
Die Geschichte vom Brandner Kaspar,"Comedy, Drama",2008-10-16,5000000,8623057,17008
Baadshaho,"Action, Thriller",2017-09-01,12300000,27000000,441894
All at Once,"Crime, Comedy, Mystery",2014-06-05,750000,3,280422
Johnny the Partisan,"Romance, Drama",2000-11-17,4000000,400000,88660
Stolen Summer,"Drama, Family, Comedy",2002-03-22,1800000,163348,39541
Ghanchakkar,"Comedy, Crime, Thriller",2013-06-28,4100000,5300000,192097
Oppam,Thriller,2016-09-08,1000000,10000000,404665
125 Years Memory,"History, Drama",2015-12-05,15000000,8596000,402455
"Kiss Me, Guido",Comedy,1997-07-18,740000,1918497,32519
The Attacks Of 26/11,"Action, Crime, History, Thriller",2013-03-01,3300000,18000000,171879
Ennu Ninte Moideen,"Drama, Romance",2015-09-18,1900000,7800000,360648
Maharshi,"Drama, Action",2019-05-09,12000000,34000000,541487
The Mongolian Conspiracy,"Crime, Thriller",2019-04-18,1100000,976,554577
Handsome Poor Bilo,"Drama, Comedy",1979-09-07,98000,425000,220004
El Condor,Western,1970-06-19,35000000,4500000,94201
My Mighty Princess,"Comedy, Romance",2008-06-26,7000000,162256,19627
That still Karloson!,"Comedy, Fantasy, Family",2012-03-15,4000000,9938268,100791
Original Gangstas,"Action, Drama, Crime, Thriller",1996-05-10,4800000,3014000,40507
Felix the Cat: The Movie,"Animation, Family",1988-10-01,9000000,1964253,36523
Reckless Kelly,Comedy,1993-04-08,5444534,20,44664
Aiyyaa,"Romance, Comedy",2012-10-12,1200000,2500000,137180
The Nightingale's Prayer,"Drama, Romance",1959-10-07,150000,200000,193388
Hostage: Missing Celebrity,"Action, Thriller",2021-08-18,6144000,13000000,602463
Without Me,"Thriller, Drama, Romance",2018-10-18,1504710,1671700,516516
Warlords of the 21st Century,"Science Fiction, Action, Adventure",1982-01-01,1000000,3000000,27873
Stateside,"Drama, Music, Romance",2004-05-23,16000000,174318,43670
Cry Wolf,"Mystery, Thriller",1947-08-19,1461000,2690000,62720
The Gun in Betty Lou's Handbag,"Comedy, Thriller, Mystery",1992-08-21,13000000,3721911,47898
Bad Girl,"Romance, Drama",1931-08-13,100000,1100000,84299
The 5th Quarter,Drama,2010-04-08,6000000,399611,59728
Star,"Drama, Romance, Comedy",2014-06-18,1250000,92500,278718
Friends: Naki on Monster Island,"Animation, Comedy, Family",2011-12-17,1490000,378187,180272
The Rebel,"Action, Drama",2007-04-27,1500000,4300000,24221
Virginia City,"Action, Drama, Romance, Western",1940-03-23,1179000,2372567,17836
Fidaa,"Drama, Romance, Comedy",2017-07-20,2100000,7000000,467649
Paws,"Adventure, Family, Fantasy",1997-09-25,137731,1778391,89868
Zoology,"Drama, Science Fiction",2016-11-24,1200000,16410,405670
Dum Maaro Dum,"Drama, Action, Crime",2011-04-22,4800000,8400000,63006
Burn,Documentary,2012-11-01,225000,111300,139948
The Good Mother,"Drama, Romance",1988-11-04,14000000,4764606,104301
It's a Great Feeling,"Comedy, Music",1949-08-01,1452000,2713000,32552
Bhoot,Horror,2003-05-30,2700000,9600000,107937
Men with Brooms,"Comedy, Romance",2002-09-20,7500000,4245870,34341
Lighting Up the Stars,Drama,2022-06-24,8800000,253816909,945664
Pudhupettai,"Action, Drama, Crime",2006-05-26,3400000,5000000,69520
The Blue Bird,"Adventure, Family, Fantasy, Drama",1976-04-05,12000000,887000,100922
Hunting Elephants,"Comedy, Crime",2013-07-03,2300000,4500000,204810
Godha,"Comedy, Drama",2017-05-19,700000,3200000,441182
Baby Face Nelson,"Crime, Drama",1957-12-11,250000,1250000,35926
Mission London,Comedy,2010-04-16,1400000,1891264,50400
Taxiwala,"Thriller, Comedy, Horror",2018-06-01,1000000,100000000,520393
Arundhati,"Horror, Fantasy, Thriller",2009-01-16,2915739,14000000,31629
Socha Na Tha,"Drama, Comedy, Romance",2005-03-04,1500000,2400000,21555
Running Time,Crime,1997-12-18,130000,1596,81048
Black Serenade,"Thriller, Drama, Horror",2001-07-19,3000000,3098924,79359
The Shadow Play,"Drama, Fantasy",1992-09-02,145000,345000,14840
Crackers,"Action, Comedy, Crime",1984-02-17,12000000,129268,87235
Tickle Me,"Comedy, Music, Romance, Western",1965-06-30,1500000,5000000,18645
Do Not Disturb,"Comedy, Romance",1965-12-22,3890000,8000000,45256
Harum Scarum,"Comedy, Crime, Music, Romance",1965-12-15,2400000,3100000,7506
The Invincible Dragon,"Action, Crime, Thriller, Comedy",2019-06-20,2869666,12000000,449998
Alexander's Ragtime Band,"Drama, Music, Romance",1938-05-24,2000000,4000000,43839
The Sea of Grass,"Drama, Western",1947-04-25,2349000,4689000,87531
Raavan,"Action, Adventure, Crime, Drama, Romance, Thriller",2010-06-18,4200000,4000000,37460
The Riddle,"Thriller, Mystery, Drama",2007-10-14,5000000,37948,16178
Perfect Opposites,"Comedy, Drama, Romance",2004-02-06,700000,16201,44593
London After Midnight,"Horror, Drama",1927-12-03,151666,1000000,64852
Dogman's Rabies: Underdog,"Horror, Thriller, Crime",2018-06-07,1800000,31086,528769
Under the Rainbow,Comedy,1981-07-31,20000000,2297493,47941
Kenny Begins,"Action, Comedy, Science Fiction",2009-03-25,5729000,1220709,21013
Diary,"Thriller, Horror",2006-10-26,2576871,749981,50342
The Miracle of Marcelino,"Family, Drama",2010-12-17,3000000,512315,75956
Vasool Raja MBBS,Comedy,2004-08-14,3000000,10000000,48760
The Fast and the Furious,"Action, Crime, Drama",1954-11-01,66000,250000,20174
Antikiller,"Action, Crime",2002-08-01,5000000,340312,41955
The Inugamis,"Horror, Mystery",1976-10-16,1502000,10646000,76715
The Ten Commandments,"Animation, Drama, Family, History",2007-10-19,10000000,952820,22331
Only The Brave,"Drama, War",2006-10-23,3300000,150000,31101
Honeymoon Travels Pvt. Ltd.,"Comedy, Drama, Romance",2007-02-23,1400000,2500000,46386
Four Eyed Monsters,"Comedy, Drama, Fantasy, Romance",2005-01-21,250000,245000,46336
The Himalayas,"Adventure, Drama",2015-12-16,500,500,374111
Ek Thi Daayan,"Horror, Romance, Thriller",2013-04-18,3500000,6500000,186747
Middle of Nowhere,Drama,2012-10-12,2000000,2368060,83588
Temper,"Action, Drama, Crime",2015-02-13,5400000,11600000,325699
The Living Forest,"Animation, Family, Fantasy",2003-01-02,3747230,482902,49612
F.C. De Kampioenen: Kampioen zijn blijft plezant,Comedy,2013-12-17,3849796,7471304,201386
The Human Comedy,"Comedy, Drama, Family",1943-03-02,1000000,3900000,48993
Storm Catcher,"Action, Thriller",1999-09-10,2000000,11580,26129
Fiza,"Drama, Romance",2000-09-08,1000000,623791,56666
Thallumaala,"Comedy, Drama, Action",2022-08-12,2450634,8824658,863530
Jackboots on Whitehall,"War, Animation, Comedy",2010-10-08,6000000,20776,58760
Il nostro matrimonio è in crisi,Comedy,2002-02-22,4000000,1500000,173336
Red Eagle: The Movie,"Action, Adventure, Drama, History",2011-04-20,8538460,3716598,76201
Chashme Baddoor,"Comedy, Drama",2013-04-05,37000000,5500000,180853
Plain Clothes,"Comedy, Thriller, Mystery, Romance, Action",1988-04-15,7500000,289323,55728
Mike's Murder,"Drama, Mystery, Thriller",1984-03-09,6300000,1059966,31043
It Runs in the Family,"Comedy, Family",1994-09-23,15000000,70936,81828
Bran Nue Dae,"Comedy, Drama, Romance",2009-08-09,7000000,6812530,38415
The Listening,"Thriller, Crime, Drama",2006-04-28,2870000,362742,23843
No Safe Spaces,Documentary,2019-10-25,686599,1291514,459116
"Kidnapping, Caucasian Style","Romance, Comedy, Adventure",2014-08-21,3500000,179000,330878
Tezz,"Drama, Action, Thriller",2012-04-27,7500000,3800000,85992
Kirik Party,"Comedy, Drama",2016-12-30,562680,7033500,433327
The Real Cancun,Documentary,2003-04-23,7500000,5345083,19153
Could This Be Love?,"Drama, Comedy, Romance",2007-02-08,5621000,6699197,2065
Raja Natwarlal,"Thriller, Drama, Mystery, Crime",2014-08-29,5,4,287859
Anthony Adverse,"Drama, Romance, Adventure, History",1936-08-26,1192000,2750000,37658
Legatee,"Action, Crime",2012-11-29,6500000,6969292,149798
Bigger Than the Sky,"Comedy, Romance, Drama",2005-02-18,750000,20149,51177
Peter and Vandy,"Drama, Comedy, Romance",2009-01-01,500000,11276,34128
Uranya,Comedy,2006-12-07,2137345,273318,47017
Maligno,"Horror, Mystery",2016-07-14,150000,400000,412795
World War III,"Comedy, Fantasy",2014-07-28,1500000,4500000,300561
The Charlemagne Code,"Adventure, Action",2008-08-31,5000000,1215851,12782
Bordertown,"Crime, Drama",1935-01-23,369000,1237000,26323
Pinocchio and the Emperor of the Night,"Animation, Adventure, Family",1987-08-06,8000000,3261638,39045
High School Musical: The Challenge,"Music, Romance",2010-02-05,50000,1149000,321187
Evil Words,"Horror, Mystery, Thriller",2003-10-03,3200000,2014071,50538
"Bodies, Rest & Motion","Drama, Romance",1993-04-09,2500000,764083,47676
Jism 2,Thriller,2012-08-03,2006871,7040609,124093
Bloodhounds of Broadway,"Drama, Comedy, Music, Romance",1989-11-03,4000000,43671,72096
The Tie That Binds,Thriller,1995-09-08,14000000,5830454,79593
The Valley of Decision,Drama,1945-05-03,2160000,9132000,43610
"Car 54, Where Are You?","Action, Comedy",1994-01-28,10700000,1238080,31395
Married to It,"Comedy, Romance",1991-09-11,14000000,2059832,32083
"Sister, Sister","Romance, Thriller, Drama, Mystery",1987-09-13,4000000,743445,98486
Road to Berlin,"Drama, War",2015-05-07,3800000,488569,338942
2 Harihar Nagar,"Thriller, Comedy",2009-04-01,660000,3300000,32172
The Cost of Deception,"Crime, Drama",2021-10-21,2500000,201000,876671
A Four Letter Word,"Comedy, Romance",2007-05-04,125000,72348,21486
Roy,"Romance, Action, Drama",2015-02-11,500,5400,316900
Opal Dream,"Drama, Family",2006-07-12,5000000,140666,15699
Search and Destroy,"Action, Comedy, Drama, Thriller",1995-04-23,4000000,389503,54022
Love Finds Andy Hardy,"Comedy, Romance",1938-07-22,212000,2247000,43846
Polladhavan,"Action, Drama",2007-11-08,1600000,7600000,69516
¡Asu Mare! 2,Comedy,2015-04-09,800,10,335031
Madison,"Adventure, Action, Drama",2001-01-23,13500000,517262,38717
Garv: Pride and Honour,"Action, Crime, Drama",2004-07-09,1300000,2900000,72051
Faithful,"Comedy, Crime, Drama",1996-04-03,13000000,2104439,47502
It Came from Hollywood,"Comedy, Documentary",1982-12-10,5000000,2091037,30168
Till the Clouds Roll By,Music,1946-12-05,3316000,6724000,18700
At Long Last Love,"Comedy, Music, Romance",1975-03-01,6000000,1500000,4704
Babumoshai Bandookbaaz,"Action, Crime, Thriller",2017-08-25,1400000,2500000,461809
1 Night in Paris,Romance,2004-06-09,5595,10000000,46536
Day 6,"Thriller, Science Fiction, Mystery",2011-06-17,1000000,50431,63833
Buck Privates Come Home,"Comedy, Romance, Action",1947-04-04,1167500,2365000,33478
Thegidi,"Crime, Thriller",2014-02-28,404000,1100000,257423
Roommates,"Drama, Comedy",1995-03-03,22000000,12400000,161495
Marykkundoru Kunjaadu,Comedy,2010-12-25,520000,2100000,84377
The Best Movie 3-DE,Comedy,2011-01-19,6500000,9816332,57889
Hate Story 3,"Thriller, Drama",2015-12-04,2900000,8900000,361131
I'm Staying,"Comedy, Drama, Science Fiction",2007-04-19,1000000,814790,33714
Ann Rule Presents: The Stranger Beside Me,"Thriller, Drama, Crime, TV Movie",2003-03-20,42,19,48891
Dodging the Clock,Comedy,2005-08-01,4250000,4280982,44791
Cremaster 2,"Fantasy, Horror, Western",1999-10-13,1700000,7982,23985
Blood of Dracula,Horror,1957-11-01,82000,2000000,110336
Shadow Boxing 3. The Final Round,"Action, Drama",2011-11-17,5000000,13645556,81298
Street Racer,"Action, Crime",2008-03-06,5000000,6011000,71831
Paragraph 78: Film Two,"Science Fiction, Thriller, Action",2007-03-23,10000000,2754691,501748
U2 3D,"Music, Documentary",2007-05-19,15000000,22730842,37003
The House of Sun,Romance,2009-06-06,3700000,69948,70070
Valley of Flowers,"Adventure, Drama, Romance",2006-07-15,6000000,130742,8014
The House of Usher,"Drama, Horror, Thriller",2007-09-11,130000,1677,74254
Ordinary,"Comedy, Romance",2012-03-17,453500,3260000,129441
Kidnap,"Action, Crime, Thriller",2008-10-02,10000000,8750000,19669
Naran,Drama,2005-09-05,680000,1800000,151639
Inkaar,,2013-01-18,850000,1600000,161468
Goodbye Pork Pie,"Adventure, Comedy",1981-02-05,300000,1400000,16124
Grand Central Murder,"Mystery, Crime, Comedy",1942-05-01,250000,515000,65546
Antidote,"Crime, Action, Drama",2014-05-08,500000,446619,268413
The Point Men,"Action, Drama",2001-09-07,6100000,714,46943
Bloody Friday,"Crime, Action, Thriller",1972-04-28,100000,3500000,28358
The Boys & Girls Guide to Getting Down,"Comedy, Documentary",2007-03-23,2100000,14487294,13170
Cruel World,"Thriller, Horror, Comedy",2005-09-01,2000000,16344,44250
Ten 'til Noon,"Crime, Thriller",2007-03-30,750000,6404,14065
I Love Your Work,Drama,2003-10-05,1650000,3264,25428
Post Truth,Comedy,2023-03-10,14506629,102500000,945703
Camilla,"Adventure, Drama, Comedy, Family",1994-11-25,8500000,250993,79783
Sea Rex 3D: Journey to a Prehistoric World,Documentary,2010-05-14,5000000,4074023,78394
Sangharsh,Thriller,1999-09-03,5800000,1400000,166012
The Painted Veil,"Drama, Romance",1934-11-23,947000,1120000,82096
Jism,Thriller,2003-01-17,501717,5481471,48391
"The Tulse Luper Suitcases, Part 1: The Moab Story","War, Drama, History, Adventure, Romance, Thriller",2003-05-24,10000000,25800,3097
Chaahat,"Drama, Romance",1996-06-06,3000000,7100000,102353
Big Brown Eyes,"Comedy, Mystery",1936-04-03,289696,359009,81116
Hitler's Children,"Romance, War",1943-01-06,205000,3355000,98493
Mirzya,"Romance, Drama, Fantasy",2016-10-07,6750000,1500000,403540
Russia 88,Drama,2009-01-28,85000,14205,49585
"Mommies, Happy New Year!","Comedy, Drama",2012-12-27,2000000,11666088,159447
"Good Boy, Bad Boy","Comedy, Romance",2007-05-11,3900000,4400000,159434
Finishing the Game: The Search for a New Bruce Lee,"Comedy, Documentary",2007-01-21,500000,52868,13983
The Sovereign's Servant,"Action, Adventure, History",2007-02-20,6600000,11900000,19798
Sunday Holiday,"Comedy, Romance",2017-07-14,625000,2200000,466501
U Get What U Kiss,Comedy,2018-10-26,11000,100000,579023
Cops and Robbers,"Action, Crime",2017-12-12,5500000,5500000,492402
The Bride Wore Red,"Comedy, Drama, Romance",1937-10-08,960000,1200000,112885
This Is Sodom,"Comedy, History",2010-08-05,2745000,5850000,43083
Easy on the Eyes,"Comedy, Science Fiction",2014-02-27,2153912,4864560,260522
Teefa in Trouble,"Drama, Comedy, Action, Crime",2018-07-20,1500000,3062477,506971
Love Letters,"Drama, Romance",1983-04-01,550000,5269990,75986
Batti Gul Meter Chalu,"Comedy, Drama",2018-09-21,7100000,9600000,496334
Lafangey Parindey,"Action, Drama, Romance",2010-08-20,4500000,5000000,44613
I Not Stupid,Comedy,2002-02-09,710000,2700000,56836
Rakshadhikari Baiju (Oppu),"Comedy, Drama",2017-04-21,550000,2000000,453979
Wilson,"Drama, History",1944-08-01,2995000,2000000,84084
The Bankers of God: The Calvi Affair,"Thriller, Drama",2002-03-07,7000000,211848,56789
D@bbe 2,"Horror, Mystery",2009-12-24,600,3,133666
Beremennyy,Comedy,2011-09-08,2000000,8000000,75438
Quiet City,"Drama, Romance",2007-08-29,2500,15425,46883
The Skippers of the Cameleon 2,"Adventure, Family, Comedy",2005-06-29,2187279,2733118,24523
Sagar Alias Jacky Reloaded,"Action, Thriller",2009-03-26,1200000,2100000,79650
Kingdom of War: Part 1,"Drama, History, War, Action",2007-01-18,20000000,7900000,24474
All the Queen's Men,"Action, Comedy, Drama, History, War",2001-10-14,15000000,23000,31668
Catcher: Cat City 2,Animation,2007-12-20,3296709,1267198,79880
Himala,Drama,1982-12-25,68415,684150,197976
Chennai 600028,Comedy,2007-04-27,470000,3800000,76839
7 años de matrimonio,"Comedy, Romance",2013-01-25,1500000,193081,164300
Steal Big Steal Little,"Comedy, Drama",1995-09-29,25000000,6278139,78406
Nice Sister-In-Law,"Romance, Drama",2015-11-19,2000,8000,387844
Fighter Pilot: Operation Red Flag,Documentary,2004-12-02,5000000,30000000,15089
Zone Pro Site: The Moveable Feast,"Comedy, Drama",2013-08-16,2500803,11074988,214674
The Flim-Flam Man,Comedy,1967-08-22,384500,1200000,42407
Ruby,"Drama, Action, Thriller, Crime",1992-03-27,9000000,919286,70709
The Immortals,"Action, Crime, Drama, Thriller",1995-10-05,50,83,29231
Believe,Drama,2016-12-02,3500000,890303,423628
BlackJack,"Drama, Music",1990-10-07,33000,1624278,46977
Black Rose,"Action, Crime, Drama, Thriller",2014-04-17,7000000,855450,272610
Wicked Flying Monkeys,"Fantasy, Animation, Adventure",2015-03-26,10000000,1921923,268689
Green Fire,"Adventure, Drama",1954-12-29,1768000,1829000,80241
The Sky's the Limit,"Comedy, Romance, Music",1943-07-13,871000,2185000,43515
Palau the Movie,Drama,2019-04-04,2000000,134696,593693
Sakhavu,Drama,2017-04-14,780000,2200000,450045
Let's Do It Again,"Comedy, Crime",1975-10-11,70000,11800000,29473
Chasing Ghosts,"Crime, Mystery, Thriller",2005-05-11,2000000,1102000,41726
Swordsman,"Action, Romance, Thriller, Science Fiction",2006-10-12,5000000,3919731,63838
Strike,"Family, Comedy, Adventure, Animation",2019-02-06,16800000,24743,573438
Call Girl,"Crime, Drama, Thriller",2007-12-27,1300000,1610085,13959
Hardly Working,Comedy,1980-01-30,3400000,49000000,130724
Local Color,Drama,2006-09-19,3250000,32788,2324
Best Actor,"Comedy, Family",2010-12-09,700000,3890000,151321
Budapeste,Drama,2009-05-14,230000,415555,34071
Summer Window,"Drama, Romance",2011-11-03,4100000,280408,106984
Moy paren - angel,"Comedy, Romance, Fantasy, Adventure",2011-12-20,2700000,2372984,85729
Karate-Robo Zaborgar,"Action, Science Fiction",2011-10-15,3000000,162288,85656
Every Time I Die,Thriller,2020-10-21,1000000,27913,612571
RangiTaranga,"Horror, Mystery, Thriller",2015-07-03,490000,5000000,354667
Mary Jane's Not a Virgin Anymore,"Comedy, Drama, Romance",1998-03-22,50000,27,244007
(UN)Ideal Man,"Comedy, Science Fiction, Romance",2020-01-16,1839363,8613317,576987
Traffic in Souls,"Crime, Drama",1913-11-24,5700,1800000,96128
Fashions of 1934,"Comedy, Drama, Music",1934-02-14,317000,965000,53872
Star of Midnight,"Comedy, Mystery, Romance",1935-04-19,280000,831000,53863
Bliss,"Comedy, Drama, Romance",1985-10-04,3400000,660537,54407
Young Soul Rebels,"Drama, Mystery, Music",1991-08-09,3025379,53502,31785
Martin Lawrence Live: Runteldat,Comedy,2002-08-01,3000000,19184015,20337
Our Dancing Daughters,"Drama, Romance",1928-09-01,178000,1099000,42614
Naked,Comedy,2000-12-15,25,24,11925
Brenda Starr,"Adventure, Fantasy, Comedy, Romance",1989-05-15,16000000,67878,47070
Joshua,Drama,2002-04-19,9000000,1347988,18323
No Looking Back,"Drama, Romance",1998-03-27,5000000,222099,93350
The Naked Witch,"Horror, Thriller",1964-01-01,8000,80000,92725
A Aa,"Family, Comedy, Romance, Drama",2016-06-02,87933055,189432924,372399
All About Asado,Documentary,2016-09-25,32993,6892,456705
Heartbeeps,"Comedy, Romance, Family",1981-12-18,12000000,2154696,73247
Brigham City,"Crime, Mystery, Drama",2001-03-30,1000000,852206,26791
Dream.net,Comedy,2009-04-16,3500000,169466,60242
Savages,"Comedy, Drama",2006-11-23,800000,1328612,62757
Renesse,Comedy,2016-07-07,1746706,506588,397582
Vaali,"Romance, Thriller",1999-05-01,500000,500000,69428
Selfie,Comedy,2017-06-23,11203,230258,445840
Kireedam,Drama,2007-07-20,500000,500000,69402
Expendable Assets,"Fantasy, Adventure, History",1996-01-01,114000,24000,449350
No Borders,"Comedy, Romance",2015-10-22,1211360,3129507,364594
Miranda,"Comedy, Fantasy, Romance",1948-04-06,784170,834332,111960
Gabbar Singh,"Action, Comedy",2012-05-11,7000000,16000000,111836
Main Aurr Mrs Khanna,Drama,2009-10-16,2200000,3600000,24604
Ye Maaya Chesave,"Romance, Drama",2010-02-26,1700000,2800000,63430
99,"Comedy, Crime",2009-05-15,3000000,6600000,19980
Poster Boys,Comedy,2017-09-08,2360586,3540879,471894
La Parisienne,Comedy,1957-12-16,450000,8000000,51166
Crazy Bitches,"Comedy, Horror",2014-06-26,3,2,316744
Ethir Neechal,"Romance, Comedy",2013-05-01,700000,4200000,151363
Chinthamani Kolacase,"Action, Crime, Mystery",2006-04-14,280000,1000000,230183
Blade of Fury,Action,1993-07-15,100,100,67097
Pokkiri Raja,Action,2010-05-07,1260000,4700000,141289
Naan Sigappu Manithan,"Action, Drama",2014-04-11,1200000,2800000,240865
2018,"Thriller, Action, Adventure",2023-05-05,3009565,24076520,866440
Mountains of the Moon,"Adventure, Mystery",2013-12-20,2300000,3100000,246575
Woman Thou Art Loosed,Drama,2004-09-30,3000000,6804016,44634
Labios Rojos,"Drama, Comedy, Romance",2011-10-14,73476,134906,86728
The Terrorist,Drama,1998-09-12,24554,140021,48233
Aap Mujhe Achche Lagne Lage,"Action, Romance, Drama",2002-04-19,1600000,13000000,49518
The Hijack That Went South,"Thriller, Crime",2013-01-18,1800000,532269,211233
Rasathanthram,"Drama, Comedy, Family",2006-04-07,590000,3500000,280186
Munthirivallikal Thalirkkumbol,"Comedy, Drama, Family",2017-01-20,1300000,6300000,422892
I Feel in Love,"Comedy, Romance",1985-09-04,65000,176000,219210
Ghayal Once Again,"Action, Crime, Drama",2016-02-05,6629605,7637304,381298
Earth's Most Beloved Son,Drama,1993-03-20,250000,10000,178923
Mickey,"Comedy, Drama",1918-08-01,250000,8000000,54242
Submersion of Japan,"Thriller, Science Fiction, Drama",1973-12-29,18596000,49651320,103079
Tell It to the Marines,"Action, Comedy, Drama",1926-12-23,433000,1250000,111305
Gang Tapes,"Drama, Crime, Action, Adventure, Thriller",2001-01-01,50,60,60828
The Interceptor,Science Fiction,2009-10-08,7000000,1877122,36698
Portrait in Black,"Drama, Thriller",1960-07-27,1400000,9200000,39779
Munafik,"Horror, Mystery, Thriller",2016-02-25,393894,1058591,385301
Swim Little Fish Swim,"Comedy, Drama",2014-01-22,70000,354877,169817
Amália,"Drama, Music",2008-12-04,3500000,1209841,31294
Broadway Bill,"Comedy, Drama",1934-11-30,668900,1400000,77198
The 9th Precinct,"Fantasy, Thriller, Crime",2019-08-29,1413543,1862261,615137
Rascals,Comedy,2011-10-06,6500000,7100000,75896
Faites entrer Fabrice Eboué,Comedy,2010-10-17,10,10000,75087
"20,000 Species of Bees",Drama,2023-04-21,2000000,455912,1053600
Raggedy Ann & Andy: A Musical Adventure,"Animation, Adventure, Music, Family, Fantasy, Comedy",1977-04-01,4000000,1500000,36748
Drain the Bermuda Triangle,Documentary,2014-10-30,2000000,4000000,423431
Rigodon,"Thriller, Drama, Mystery",2012-11-21,22361,31307,183026
"Blood, Guts, Bullets and Octane","Action, Comedy, Thriller",1998-10-16,7300,13674,47139
Ola Bola,"History, Drama, Documentary",2016-01-28,1230920,3569670,377621
Sphinx,"Adventure, Mystery, Thriller",1981-02-11,14000000,2022771,47890
Honky Tonk Freeway,"Action, Comedy",1981-08-21,24000000,939423,47871
Fascination,"Romance, Thriller, Mystery",2004-10-13,5000000,16670,71547
Yonkers Joe,Drama,2008-04-01,5000000,8286,14669
Josh and S.A.M.,"Adventure, Action, Comedy",1993-11-24,18000000,1528163,48706
About Love,"Romance, Drama, Thriller",2017-03-23,2000000,182710,435901
Marjorie Morningstar,"Drama, Romance",1958-04-24,2000000,3000000,33731
Thenkasipattanam,"Comedy, Drama, Family",2000-12-02,640000,2,240214
The Barretts of Wimpole Street,"Drama, Romance",1934-09-21,820000,1258000,43693
The Little Traitor,Drama,2009-01-10,1700000,450000,43740
Citizen,"Drama, Action, Crime",2001-06-08,500000,500000,69399
Going Under,Drama,2004-10-21,50000,3917,235708
Tiyaan,Drama,2017-07-07,2400000,2000000,450047
Defamation,Documentary,2009-05-01,1000000,11410,56895
Rita's Last Fairy Tale,"Drama, Fantasy, Mystery",2012-10-18,200000,486937,141520
Luv Shuv Tey Chicken Khurana,Comedy,2012-11-02,460000,1600000,138370
Saratoga,"Drama, Romance, Comedy",1937-07-23,1100000,3252000,45800
The Ape,"Drama, Comedy",2005-06-18,225000,225000,63703
Stealing Sinatra,"History, Crime, Drama, TV Movie",2003-01-24,10000000,10,63903
Nirvana,"Drama, Romance",2008-06-24,2000000,273137,72663
Kerala Varma Pazhassi Raja,"History, War",2009-10-16,4048037,2998545,78642
Rann,"Drama, Thriller",2010-01-29,7500000,2000000,31458
Pluk and His Tow Truck,"Family, Fantasy",2004-11-17,2668740,3530650,21932
All the Time in the World,"Comedy, Drama, Romance",2011-04-14,2000000,676045,74049
Welcome Danger,Comedy,1929-10-12,979828,3000000,53528
Trimurti,"Action, Drama",1995-12-22,6800000,9600000,102358
My Best Girl,"Drama, Comedy, Romance",1927-10-31,483103,1027757,73969
Chattambinadu,Comedy,2009-12-24,833,3,198351
Between Us,Comedy,2012-03-30,1,2755584,114903
The Big Shot,"Crime, Drama",1942-06-13,417000,1783000,19388
Anatar,"Comedy, Science Fiction, Fantasy, Adventure, Action, Romance",2023-01-19,1,3608,1052025
Sound,Drama,2013-11-28,7,16,246406
Dragon Seed,Drama,1944-07-20,3070000,4627000,123665
"Tom, Dick and Harry","Comedy, Fantasy, Romance",1941-06-13,806000,1628000,86604
Loham,"Action, Thriller",2015-08-20,1050255,2250547,338930
The Velocity of Gary,"Drama, Romance, Comedy",1999-07-16,4000000,2143,133575
Say Uncle,"Comedy, Drama",2006-06-23,650000,5361,123879
Bojhena Shey Bojhena,"Drama, Family, Comedy, Romance",2012-12-28,1,15,244537
Queen,Drama,2018-01-12,562000,1334800,465024
Balupu,"Action, Comedy",2013-06-29,4000000,8500000,204275
Leo,"Drama, Crime",2007-11-15,50,60,96355
April Love,"Comedy, Drama",1957-11-27,1425000,3700000,106833
Noah's Ark,"Drama, War",1928-11-01,1005000,2305000,104430
Naayak,"Action, Drama",2013-01-09,5393500,8552550,182954
The Lost Squadron,"Drama, Action, War, History",1932-03-12,621000,732000,98398
Treasures of Lake Kaban,"Comedy, Adventure, Romance",2013-05-01,6000000,1431461,201893
River of Fundament,"Drama, Fantasy, Horror",2014-02-12,5000000,44840,255615
Drona,"Action, Thriller",2008-10-02,15000000,3250000,19623
Kuiba,"Animation, Adventure, Fantasy",2011-07-08,8263717,52587293,184614
Essex Boys: Law of Survival,"Action, Adventure, Crime, Drama",2015-09-21,60000,37500,353500
Friend,"Drama, Mystery, Crime",2018-12-21,1,1,734185
Hearts of the West,"Comedy, Western",1975-10-08,2000000,1600000,84259
The Treatment,"Comedy, Drama, Romance",2007-05-04,900000,82701,46902
Samar,"Action, Thriller",2013-01-13,3700000,8300000,76975
Mother Teresa of Calcutta,"Drama, TV Movie",2003-10-19,7000000,15000000,47277
Gentleman,"Action, Crime",1993-07-30,720000,2200000,66530
Casanegra,"Drama, Thriller",2008-12-24,1460910,89932,47325
Gumby: The Movie,"Fantasy, Animation, Family, Music, Adventure, Science Fiction, Western",1995-10-04,2800000,57100,43475
Oosaravelli,"Action, Thriller",2011-10-06,3500000,39000000,80281
Macken - Roy's & Roger's Bilservice,Comedy,1990-12-23,1497520,6137054,53703
Varalaru,Drama,2006-10-20,500000,500000,69407
King of the Mountain,"Drama, Action",1981-05-01,2000000,958000,75048
Newlyweds,"Comedy, Romance, Drama",2011-12-26,9000,5000,72766
Island in the Sun,"Drama, Romance",1957-06-12,3000000,5000000,37373
The Five of Us,"Crime, Drama",2004-08-27,2500000,408000,49737
Antônia,"Drama, Music",2007-02-09,500000,3550,54952
PAW Patrol: The Mighty Movie,"Animation, Family, Comedy, Action, Science Fiction",2023-09-21,30000000,47400000,893723
"Love, Sex, and Eating the Bones","Comedy, Romance",2003-09-06,2500000,321000,60013
Christian Brothers,"Action, Drama",2011-10-03,1200000,2400000,76531
Off Beat,Comedy,1986-04-10,10000000,4842778,39243
Body Rock,"Music, Drama",1984-09-28,6000000,1689501,47946
Countdown,"Action, Adventure, Crime",2004-12-09,7000000,4385278,60236
Stooges,Comedy,2009-08-13,3000000,4133544,84775
Smithereens,Comedy,2011-10-06,400,403557,76746
Civil Brand,"Crime, Drama, Thriller",2003-08-29,500000,243347,30246
Crackerjack,Comedy,2002-07-11,2600000,6500000,14672
Nasty Old People,Drama,2009-10-10,15000,5300,23947
Fishtales,"Fantasy, Drama, Comedy, Romance, Family",2007-08-24,14000000,9216,15888
Dheena,"Action, Drama",2001-01-14,500000,500000,69401
Left Behind,"Comedy, Fantasy, Romance",2015-05-07,2400000,3346518,338944
Lightning Strikes Twice,"Crime, Drama, Mystery, Thriller",1951-04-12,1108000,1144000,72479
English Babu Desi Mem,Romance,1996-01-26,20000000,39000000,160255
Dreaming of Space,Drama,2005-06-23,2000000,696681,65614
Trois 2: Pandora's Box,"Drama, Thriller, Romance",2002-08-09,800000,833779,92384
Remington and the Curse of the Zombadings,"Comedy, Horror",2011-08-31,22361,721651,96239
Love Ke Liye Kuch Bhi Karega,Comedy,2001-06-21,2500000,4500000,142631
Maikäfer flieg,Drama,2016-03-11,3300000,210865,390415
Today Match at 3,Drama,2017-04-21,8616,702,454399
The sun inside,"Adventure, Drama",2012-06-20,1000000,31323,184679
Our Blushing Brides,Drama,1930-07-19,337000,1211000,156320
Dubrovsky,Drama,2014-03-06,2500000,1677946,262733
Die Beautiful,"Comedy, Drama",2016-12-25,300000,4160000,418378
The Lucky Island,"Comedy, Adventure",2013-12-05,2000000,4803665,250251
"Não Se Preocupe, Nada Vai Dar Certo!",Comedy,2011-07-22,6000000,628832,78299
Fall,"Drama, Romance",1997-06-20,1000000,51266,37567
The Work and the Glory,"Drama, Romance",2004-11-24,7500000,3347647,36046
Platon,"Drama, Comedy",2008-11-20,2500000,5129300,71322
To Crack Bloggers,"Comedy, Animation, Science Fiction, Family",2016-11-10,500000,119836,437048
Thawed Carp,"Drama, Comedy",2017-11-07,1000000,173187,460035
Naughty Marietta,"Music, Romance, Drama",1935-03-29,782000,2057000,43894
Na Tum Jaano Na Hum,"Romance, Drama",2002-05-10,5800000,8000000,83902
Angadi Theru,"Drama, Romance",2010-03-26,600000,2000000,39525
One Minute to Zero,"War, Drama, Romance",1952-09-19,2181000,1600000,205463
Ittymaani: Made In China,"Comedy, Drama",2019-09-06,1300000,4400000,606943
Madambi,"Drama, Family",2008-07-04,1500000,2200000,234502
Gloss,"Comedy, Drama",2007-06-03,2500000,4684165,64264
Bhale Bhale Magadivoy,"Romance, Comedy",2015-09-04,1400000,8300000,367553
Plus One,"Drama, Comedy",2008-08-21,336029,927277,41703
The War in Space,"Adventure, Science Fiction, Action",1977-12-17,2000000,4000000,38268
The Cry Baby Killer,Crime,1958-08-15,50000,600000,172237
Lost Place,"Mystery, Thriller, Horror",2013-09-19,5200000,159828,79067
Forsaking All Others,"Comedy, Drama, Romance",1934-12-23,420069,2199000,150249
The Best Two Years,"Comedy, Drama",2004-02-20,400000,1163450,16668
The Last Godfather,"Comedy, Crime, Romance",2010-12-29,13400000,16700000,70829
Pinkfinger,"Animation, Comedy, Family",1965-05-13,2221487,2221487,379045
Xuxinha and Guto Against the Space Monsters,"Family, Animation",2005-12-23,2500000,1228700,71685
Soggade Chinni Nayana,"Drama, Family, Fantasy",2016-01-15,3000000,10000000,378777
Cheburashka,"Family, Animation",2010-12-18,6000000,54034,275244
Tex Montana Will Survive!,Comedy,2015-04-04,1500,53889,334384
Hello Guru Prema Kosame,"Romance, Family",2018-10-18,2123894,5479646,517508
Lan Kwai Fong,Drama,2011-09-15,577450,1154901,78172
End of the Line,"Action, Drama",1987-08-28,3000000,25000,49855
Andy Hardy Comes Home,Comedy,1958-12-22,313000,610000,155752
Upendra,"Thriller, Romance",1999-10-22,340000,17000000,286110
Actor in Law,"Comedy, Drama, Family, Fantasy, Romance",2016-09-08,1600000,4800000,416239
The Matriarch,"Comedy, Drama",2007-09-14,1400000,435000,148077
"The Tulse Luper Suitcases, Part 3: From Sark to the Finish","War, Drama, Adventure, Romance, Thriller",2004-09-06,10000000,12000,3099
The Amateur,"Action, Crime, Thriller",1981-12-11,8338578,6892098,21294
The Work and the Glory II: American Zion,"Drama, Western",2005-10-21,6500000,2025032,14631
Aditya 369,"Science Fiction, Adventure",1991-08-18,1200000,204000,280363
A Woman Rebels,"Drama, Romance",1936-11-06,574000,583000,108348
The Wayward Bus,Drama,1957-05-27,1465000,1750000,152992
Hillsong: Let Hope Rise,"Documentary, Music",2016-09-16,10000000,2600000,318226
Mungaru Male,"Music, Comedy, Drama, Romance",2006-12-15,330000,7800000,39095
Valley of Bones,"Western, Crime, Thriller",2017-09-01,3000000,168738,432641
Yaariyan,"Drama, Romance",2014-01-10,10,100,252053
Deep in My Heart,"Comedy, Drama, Music",1954-12-09,2504000,3978000,43196
Love Mocktail,"Romance, Drama",2020-01-31,266103,665258,672125
Deportees,"War, Comedy, Action, Drama",2007-03-20,10000,100000,384583
My Dear Desperado,"Romance, Comedy, Drama",2010-05-20,800000,4214668,43212
Kamen Rider Kabuto: God Speed Love,"Science Fiction, Action, Adventure",2006-08-05,6000000,8873950,37986
Clash of the Wolves,"Western, Adventure, Romance",1925-11-17,89000,270000,89647
Odessa,"Comedy, Romance, Drama",2019-09-05,5000000,4000000,575359
Ah Boys To Men,Comedy,2012-11-07,3000000,6180000,168026
Race to Freedom: Um Bok-dong,Drama,2019-02-27,12547000,1091477,571783
"The Bread, My Sweet","Drama, Romance",2001-04-21,600000,1023156,43664
Poor White Trash,"Crime, Comedy",2000-06-16,1200000,1404,44895
The Miracle of the Bells,Drama,1948-03-27,2000000,2100000,43456
The Figurine: Araromire,"Drama, Horror, Mystery",2009-10-02,300000,200000,381961
Semen Demon,Fantasy,2005-07-29,10000,1000000,245992
I Not Stupid Too,Drama,2006-01-26,1070000,2970000,59275
Kaaryasthan,"Comedy, Drama",2010-11-05,510000,2700000,84371
The Warning,Horror,2012-12-21,500000,500000,245142
Battle Circus,"Drama, Romance, War",1953-03-06,1201000,2362000,91245
American Dresser,"Adventure, Drama",2018-09-21,2000000,2231,548786
Antikiller D.K,"Mystery, Action",2009-12-03,2500000,2141028,29361
VeggieTales: The Toy That Saved Christmas,"Family, Animation",1996-10-22,1333823,1333823,265923
Mutum,Drama,2007-11-15,686165,148564,82409
The House Across the Bay,Drama,1940-03-01,713965,684374,37956
Zamaana Deewana,"Drama, Romance",1995-07-28,560000,650000,160247
Traces of Death,Documentary,1993-04-20,18,230,160200
"Aloha, Bobby and Rose","Drama, Romance, Action",1975-04-29,60000,35000000,47178
The Bride Walks Out,"Comedy, Romance",1936-07-10,289000,670000,112618
VeggieTales: Josh and the Big Wall,"Family, Animation",1997-09-01,4078230,4078230,261409
Tholi Prema,"Romance, Drama, Comedy",1998-07-24,70000,180000,112846
Les Milles,"War, Drama",1995-08-22,7500000,1400000,180965
Wings Of The Night,"Drama, Romance, Crime",2009-12-11,2000000,1988431,52183
Captain,Drama,2018-02-16,2340000,577500,459952
Hollywood & Wine,"Comedy, Thriller",2011-05-03,5000000,8000000,59099
Our Modern Maidens,"Drama, Comedy",1929-09-08,283000,857000,109891
1814,"Adventure, History, Mystery",2007-12-27,3500000,2490500,369126
Bad Ben,"Comedy, Horror, TV Movie, Thriller",2016-10-05,300,110000,881502
Tender May,Drama,2009-10-01,4500000,1630907,71245
Zyzzyx Road,"Thriller, Drama",2006-02-25,2000000,30,41393
Brahmotsavam,"Family, Romance",2016-05-20,11000000,10000000,371363
How I Killed My Father,Drama,2001-09-19,29000000,1802142,60608
The Adventures of Marco Polo,"Romance, Adventure",1938-04-07,2000000,1700000,119645
Sound and Fury,Drama,2016-02-11,10000,10000,394287
Beachhead,War,1954-02-05,450000,1400000,62753
Any Number Can Play,Drama,1949-07-15,1363000,3205000,121074
Danger Signal,"Crime, Drama, Romance",1945-11-21,471000,1110000,36635
Monopoly,"Comedy, Music",1996-11-29,1917,724379,53689
Camp,Drama,2013-02-22,200000,325000,179812
Bangistan,"Comedy, Drama",2015-08-07,3600000,830000,352099
Ascendant,"Mystery, Science Fiction, Thriller",2021-04-08,20000000,318989,624385
IMAX Dolphins and Whales: Tribes of the Ocean,Documentary,2008-02-15,6000000,7518876,57612
A Family Affair,Comedy,1937-03-12,178000,502000,155751
Modern Love,"Comedy, Romance",2008-03-10,5269000,2159162,13737
The Champions: Faster. Higher. Stronger,Drama,2016-02-18,1500000,2500000,383218
Husbands in Goa,Comedy,2012-09-21,500000,1550000,154366
Orleans,"Drama, Comedy, Thriller",2015-09-17,2500000,302000,364427
Maalik,"Action, Drama, Crime, Thriller",2016-04-08,280000,520000,391955
Trouble Is My Business,"Adventure, Mystery, Romance, Thriller",2018-04-03,250000,679000,513285
The Beautiful Blonde from Bashful Bend,"Action, Comedy, Romance, Western",1949-05-27,2192000,2889000,56131
Lucky Lady,"Crime, Comedy",1975-12-25,13000000,24441725,78353
Monster from the Ocean Floor,"Science Fiction, Horror",1954-05-21,12000,117000,29057
Trois,"Drama, Thriller, Romance",2000-02-11,200000,1160268,77908
Yes & Yes,Drama,2014-06-26,600000,25574,348133
Ugramm,"Action, Drama, Thriller",2014-02-21,564155,4231162,385152
Lottery,"Drama, Romance, Thriller",2018-03-14,10000,10000,504196
The Stewardesses,Comedy,1969-07-25,100000,27000000,70478
Aegan,"Action, Romance",2008-10-25,500000,500000,69389
Attagasam,"Action, Thriller",2004-11-12,500000,500000,69394
A Little Night Music,Comedy,2002-08-22,200000,286000,70527
Armed Response,"Action, Thriller",1986-10-01,1500000,1300000,67305
Amarkalam,"Action, Romance, Drama",1999-08-25,500000,500000,69427
7 Sea Pirates,Animation,2012-02-02,1250000,582094,89733
Blood Done Sign My Name,"Drama, Crime",2010-02-01,10000000,82739,41894
The Pharmacist,"Crime, Drama, Horror",2003-01-15,7750000,1372469,65292
Kevin Bridges: The Story Continues...,Comedy,2012-11-11,500000,2500000,142363
Behind the Burly Q,Documentary,2010-04-23,250000,23859,91911
The Candidate,Comedy,2013-10-10,250000,540000,268898
Hawaa Hawaai,"Drama, Family",2014-05-09,1460000,1505000,268860
Wolverine: Origin,"Animation, Action, Science Fiction",2013-07-09,150,3731,219225
Savages Crossing,"Thriller, Horror",2011-05-11,200000,30000,217665
After Office Hours,"Crime, Drama, Romance",1935-02-22,366000,1281000,82106
The Black Room,"Horror, Thriller",1982-12-09,250000,2160000,27630
Illegally Yours,"Comedy, Romance",1988-05-13,13000000,259019,48719
Bachelor Party,"Action, Comedy, Crime",2012-07-15,1950000,2000000,129439
Disappearances,"Action, Adventure, Drama",2007-05-11,1500000,312642,46301
Gopala Gopala,"Comedy, Romance, Fantasy",2015-01-10,500,100,279449
Malarvaadi Arts Club,"Drama, Comedy",2010-07-16,340000,1000000,215359
Phoonk,"Drama, Horror, Mystery",2008-08-22,750000,2760000,15979
Punjab 1984,"Drama, Family, History",2014-06-27,840700,3710000,276938
The Corrs: Live at the Royal Albert Hall,Music,1998-08-28,100000,1000000,34912
Oka Laila Kosam,"Romance, Comedy, Drama",2014-10-17,200,100,298536
Sankofa,"Drama, Fantasy, History, Science Fiction",1993-05-28,1000000,2691899,68351
Mallu Singh,"Action, Comedy",2012-05-04,1300000,1530000,134303
Bañeros 4: Los rompeolas,Comedy,2014-07-10,200000,5176467,296945
Kismet,"Adventure, Fantasy, Romance",1944-10-01,3015000,1827000,43501
Crook,"Action, Drama, Thriller",2010-10-08,2500000,1800000,51728
Pickled Pink,"Animation, Comedy, Family",1965-05-12,2436635,2436635,205133
One Night of Love,"Music, Romance",1934-07-16,733150,2500000,84097
Mrs. Brown's Boys Live Tour - Good Mourning Mrs. Brown,Comedy,2012-11-12,120,2,148964
The Belle of New York,"Music, Romance, Comedy",1952-02-22,2563000,1982000,43366
The Lucky Man,"Action, Drama, Science Fiction",2018-01-16,1000000,25015,413138
Across to Singapore,"Adventure, Drama",1928-04-07,290000,596000,142159
Na Maloom Afraad,"Thriller, Comedy",2014-10-06,640000,1400000,351072
Spirit of the Game,Drama,2016-10-08,3200000,222565,383354
Lights of New York,"Crime, Drama",1928-07-18,75000,1200000,173689
Gautamiputra Satakarni,"History, Drama, Action",2017-01-12,6000000,12000000,434395
Forever Fever,"Comedy, Music, Romance",1998-05-28,1070000,570000,44807
8 Seconds,Drama,2015-02-27,5556000,1759935,348750
Man About Dog,Comedy,2004-10-01,2400000,2600000,25372
The Gorgeous Hussy,"Drama, History",1936-08-28,1119000,2019000,112284
The Haunted House Project,"Horror, Mystery",2010-08-19,300000,83322,56604
The Lady of Heaven,"Action, History, Drama",2021-12-10,15000000,74441,748618
Yolanda and the Thief,"Fantasy, Music, Romance",1945-11-22,2443322,1791000,43498
Dartmoor Killing,,2015-09-18,500000,29198,360328
Preacherman,"Drama, Comedy",1971-01-01,65000,5000000,117213
Trader Horn,"Action, Adventure",1931-02-03,1300000,4200000,84296
Dil Aashna Hai,Romance,1992-12-25,1100000,11000000,141166
Shadow of a Woman,Drama,1946-09-14,427000,732000,44042
Inchon,"History, War, Drama",1982-09-17,46000000,5200000,113464
Legend of Kung Fu Rabbit,"Action, Adventure, Animation, Comedy, Family",2011-07-11,19000000,3699225,173931
Ek Niranjan,"Romance, Action, Drama",2009-10-29,3800000,6900000,38220
Time of Her Life,"Horror, Mystery, Romance, Fantasy",2006-03-03,100000,75000,257206
"Pink Ribbons, Inc.",Documentary,2011-09-11,900000,25000,89750
Til Sbornia Do Us Part,"Animation, Comedy, Music, Drama",2013-08-14,981065,43559,230310
On the Hook!,"Comedy, Romance",2011-02-03,3000000,1957000,57701
The Devil Makes Three,"Crime, Romance, Thriller",1952-09-19,1005000,1485000,99691
Creature 3D,"Science Fiction, Horror",2014-09-12,33000000,42000000,292830
Cake,"Drama, Romance, Mystery, Comedy",2018-03-30,350000,850000,512096
A Place Called Chiapas,Documentary,1998-02-20,891000,229000,41227
Aagathan,"Mystery, Romance",2010-02-11,822000,1200000,194361
Moonshine County Express,"Action, Crime, Drama",1977-06-01,700000,1000000,99846
SEED: The Untold Story,Documentary,2016-09-23,650000,209752,417417
The Women of Brewster Place,Drama,1989-03-19,1200000,100000,128578
Sevenes,Action,2011-01-01,1000000,2000000,152620
Thillalangadi,"Comedy, Action, Drama",2010-07-23,3300000,10000000,63812
Puthan Panam,"Action, Crime, Thriller",2017-04-12,930000,1400000,452416
Ask Any Girl,"Comedy, Romance",1959-08-21,1140000,3745000,76863
"Ryaba, My Chicken",Comedy,1994-05-01,2700000,4635143,159479
VeggieTales: The Ballad of Little Joe,"Family, Animation, Adventure, Western, Drama, Comedy, Fantasy",2003-08-17,352571,352571,273578
This Could Be the Night,"Comedy, Drama",1957-05-14,1560000,1520000,95359
Beau Brummel,Drama,1924-03-30,343000,495000,144613
The Watchers: Beginning,"Crime, Adventure, Comedy",2015-03-26,1500000,417929,337211
Beau Geste,"Action, Adventure, Drama",1926-08-24,900000,1500000,189621
Bamse and the Thief City,"Animation, Family, Comedy",2014-01-17,3377382,4201541,278769
Haseena Parkar,"Crime, Drama",2017-09-22,2400000,1240000,461707
Badland,Drama,2007-11-30,10000000,25309,8343
Journey From the Fall,Drama,2006-02-22,1300000,639000,25784
Push,Drama,2006-06-01,1100000,590000,64849
The Mistress,"Romance, Drama",2012-09-21,22361,5876918,134380
Babu Bangaram,"Action, Comedy, Romance",2016-08-12,4200000,6900000,410572
The Adventures of Mark Twain,"Adventure, Drama",1944-07-20,1623000,2350000,120747
Class Reunion,Comedy,2016-02-19,130000,2092000,384675
Saint Petersburg,"Adventure, Comedy",2010-10-06,10000,10000,385067
Dire Straits: On The Night,Music,1993-05-11,1000000,10000000,28701
Damaged Lives,Drama,1933-09-15,10000,1800000,140581
Cavite,Thriller,2005-03-12,7,70,67238
The Last Train,"Drama, Action, Western, Adventure, Comedy",2002-05-31,2500000,481199,63265
Long Long Time Ago,"Comedy, Drama",2016-02-04,1180000,4292000,382486
Ramante Edanthottam,"Drama, Romance",2017-05-12,550000,1100000,457268
Mummy & Me,"Drama, Family",2010-01-22,225000,750000,158777
Mat Kilau,"Action, History, War",2022-06-23,1814059,5283447,988595
October Moon,"Drama, Horror, Thriller, Romance",2005-09-29,13000,40000,27819
Simhadri,"Action, Drama",2003-07-09,1800000,5700000,80805
The Savage Eye,Drama,1960-06-06,65000,16366,49966
Shabd,"Romance, Thriller",2005-02-04,2500000,3100000,21905
Honsla Rakh,"Comedy, Drama, Romance",2021-10-15,1065465,7100000,879337
Gaby: A True Story,"Drama, Romance",1987-10-30,5000000,125400,191550
Beshoot,"War, Action, Drama",2019-08-29,1100000,162640,613538
Emma,"Drama, Comedy",1932-01-02,350000,1972000,104221
Aaha Kalyanam,"Romance, Comedy",2014-02-21,1500000,6500000,251898
Vanakkam Chennai,"Romance, Comedy",2013-10-11,1500000,11000000,227062
Haunted,Horror,2013-03-31,15000,45000,254732
Andy Hardy's Double Life,"Comedy, Family, Romance",1942-12-01,369000,2647000,43167
Moor,Drama,2015-08-14,350000,13000,227716
Happy Family,"Comedy, Romance",2006-12-14,800000,966214,85277
Love Laughs at Andy Hardy,"Comedy, Romance",1946-12-25,1001000,2359000,43483
The Penguins of Madagascar: Operation Antarctica,"Comedy, Animation",2012-01-16,30000,1000000,275298
V8 - Start Your Engines,"Adventure, Action, Family",2013-09-26,6314256,1614831,223988
Peter Gabriel - Live In Athens 1987,Music,2013-09-13,100000,1000000,225519
Three Little Words,"Comedy, Music, Romance",1950-07-12,1470000,4526000,42767
Table for Five,"Drama, Romance",1983-02-18,8000000,2439705,266331
Ring Master,Comedy,2014-04-11,1400000,3700000,265581
Black Button,Science Fiction,2007-01-30,200,210,181013
A Yank at Oxford,"Drama, Romance",1938-02-18,1374000,2736000,114079
Zombie Reddy,Horror,2021-02-05,547127,1412957,773303
Mako,"Drama, Thriller, Adventure",2021-09-01,25000000,458000,772307
Department,"Action, Thriller",2012-05-18,3200000,4800000,117784
Deadlands 2: Trapped,"Horror, Science Fiction, Thriller",2008-10-27,5800,2950,59223
Shool,"Action, Crime",1999-11-04,310000,2300000,170998
"First Love, Last Rites",Drama,1998-08-07,300000,40542,118452
Bengal Tiger,"Romance, Action, Comedy",2015-12-10,2800000,5600000,363152
Jawani Phir Nahi Ani,"Romance, Adventure, Comedy, Music",2015-09-25,20000000,77000000,361759
ZZ Top - Live from Texas,Music,2008-06-24,100000,1000000,30048
Firecrosser,"Adventure, Drama",2012-01-19,2000000,174000,109045
Me contro Te: Il film - Missione giungla,"Family, Fantasy",2023-01-19,4535077,5280000,955659
Hate Story IV,"Thriller, Crime, Drama",2018-03-09,2900000,3200000,501192
1971: Beyond Borders,"Drama, War",2017-04-07,2400000,1100000,428741
Fukri,"Comedy, Family",2017-02-10,870000,1300000,430259
The Wild North,"Adventure, Romance, Western",1952-01-28,1282000,4007000,46192
Hard Contract,"Crime, Romance",1969-04-30,4000000,1750000,67220
The Amazing Truth About Queen Raquela,"Documentary, Drama",2008-03-07,400000,5255,54911
Googly,"Comedy, Romance",2013-07-19,670000,2830000,267618
Deadlands: The Rising,"Action, Adventure, Horror, Thriller",2006-10-23,10847,2025,53618
"The Tulse Luper Suitcases, Part 2: Vaux to the Sea","War, Drama, History, Adventure, Comedy, Romance, Thriller",2004-02-09,10000000,24250,3098
Tri mushketera,"Adventure, Comedy",2013-11-13,12000000,157937,242523
"52Hz, I Love You","Comedy, Music, Romance",2017-01-26,2650000,1500000,437962
Jungle,"Romance, Action, Thriller",2000-07-14,2300000,10000000,166255
Byomkesh Phire Elo,,2014-12-19,100,280,379672
Pizza 2: Villa,"Horror, Thriller",2013-11-14,970000,2800000,236808
Logan,"Comedy, Drama, Family",2010-09-10,135000,10474,44010
Blockage,Drama,2017-02-03,10000,10000,439000
The Giant King,"Animation, Fantasy, Comedy, Adventure, Science Fiction",2012-10-04,2723311,1424291,136087
Dream Theater: Score - 20th Anniversary World Tour,Music,2006-08-29,1000000,10000000,13447
Cold Harvest,"Action, Science Fiction",1999-09-11,3600000,110765,59268
O Magnata,"Action, Drama",2007-11-15,2850000,640956,24682
People Get Eaten,"Comedy, Drama",2015-02-26,2500000,2651302,327474
Mickey,"Drama, Family",2004-04-30,6000000,293793,54807
Indi,"Romance, Drama",2007-05-10,1200000,145000,54467
UFC 100: Lesnar vs. Mir 2,,2009-07-11,1790000,5128490,20078
The End of Poverty?,Documentary,2008-05-19,1000000,57,50641
Horoscope for Good Luck,"Comedy, Romance",2015-07-16,2800000,964206,347979
I'm Not Angry!,Drama,2014-02-08,10000,100000,314449
Lucky Miles,"Drama, Comedy",2007-07-19,2600000,568864,21181
Gazgolder: The Movie,Crime,2014-04-24,2800000,1782801,310098
Angels,"Mystery, Thriller",2014-11-28,300000,400000,339297
Romance of the Western Chamber,"Drama, Romance",1927-09-08,100,100,150198
Badshahi Angti,"Thriller, Mystery",2014-12-19,300000,590000,407681
The Return of Musketeers or the Treasure of Cardinal Mazarini,"Adventure, Science Fiction",2009-02-05,7000000,2540000,64050
As You Desire Me,Drama,1932-05-28,460733,1362000,150397
Attack of the Helping Hand!,"Comedy, Horror",1979-01-01,1,1,200671
Sound Thoma,Comedy,2013-04-04,833333,3166666,178546
Musudan,"Mystery, Thriller, Action",2016-03-03,500,500,387845
Lookin' to Get Out,Comedy,1982-10-08,17000000,946461,47878
How the Grinch Stole Christmas! Documentary,"Animation, Documentary, Family, Fantasy",1994-01-01,30000,100000,289179
Desmundo,"Drama, Romance, History",2002-11-08,3,3,161244
The Battles of the Coronel and Falkland Islands,"Drama, Documentary",1927-10-26,1603469,6241682,287262
"Veritas, Prince of Truth","Adventure, Family, Fantasy",2007-03-24,5000000,160487,55297
Deportees 2,Comedy,2009-09-20,10000,100000,279169
Dhamaka,"Action, Comedy",2022-12-23,5000000,14000000,888234
Naaigal Jaakirathai,"Thriller, Action, Comedy",2014-11-21,630000,1,280106
Venky Mama,"Family, Comedy, Drama, Action",2019-12-13,3500000,10000000,613853
Manje Bistre,"Comedy, Drama",2017-04-14,1092000,7800000,452394
5 in the Afternoon,"Drama, Comedy",2017-07-21,15000,50000,469123
Sasha Was Here,Drama,2019-11-22,226885,131500,560739
"Yes, Giorgio","Music, Drama, Comedy, Romance",1982-09-24,19000000,2279543,88451
Supercapitalist,"Thriller, Drama",2012-08-10,500000,15919,119458
Aalwar,"Action, Thriller",2007-01-12,500000,500000,69409
Confiscation,"Comedy, Drama",2018-02-20,10000,10000,504112
FBI: Frikis buscan incordiar,Comedy,2004-06-04,200000,928391,131932
Native Son,Drama,1986-12-24,2000000,1301121,108312
The Ghost of Slumber Mountain,"Fantasy, Animation",1918-11-17,3000,3000,132410
Love Likes Coincidences 2,"Romance, Drama",2020-01-31,2100000,1033730,659764
Deportees 3,Comedy,2011-07-29,10000,100000,538800
New Perfect Two,"Drama, Family",2012-01-20,8456800,5750000,98529
Acts of Death,Horror,2007-06-30,6,7,126938
Central Airport,Drama,1933-04-15,421000,747000,99729
Block Z,"Action, Horror, Thriller",2020-01-29,646955,709452,531900
Leef!,Drama,2005-09-29,2705388,667160,79293
Sarkari. Hi. Pra. Shale Kasaragodu,Drama,2018-08-23,282099,4936739,544891
Jailbait,"Drama, Comedy",2017-04-28,528,7436000,464003
Kölcsönlakás,"Romance, Comedy",2019-02-14,1645266,757123,567224
Belle of the Nineties,"Drama, Comedy",1934-09-21,800000,1300000,75880
All the Young Men,"Action, Adventure, Drama, War",1960-08-26,1000000,2000000,133715
Amazon Obhijaan,"Adventure, Action, Thriller",2017-12-22,3082000,7082000,496681
Rahul Subramanian: Kal Main Udega,Comedy,2018-03-16,1000,10000,515883
Zindagi Jhand Hai,"Romance, Thriller",2020-04-15,56000,1001034,714648
Blowfly Park,"Drama, Thriller",2014-11-28,50,60,301849
Just Super,"Animation, Family, Fantasy",2022-09-30,3800000,2013434,947507
Punjab Nahi Jaungi,"Comedy, Romance",2017-08-31,490000,1000000,465134
Sherina's Adventure,"Adventure, Drama, Music, Family",2000-06-13,250000,1200000,199324
Saithan,"Thriller, Action",2016-12-01,1500000,6900000,399171
The Adventures of Lucky Pierre,Comedy,1962-04-22,45000,212200,124138
Zombie Brigade,"Action, Horror, Comedy",1986-05-22,10,15,209182
"Nachas vemos, vecinas no sabemos",Comedy,1993-10-15,100000,200000,364149
Kalavani,"Romance, Comedy",2010-06-25,330000,1100000,99191
The Angrez,Comedy,2006-06-02,50000,300000,115873
Vyšehrad: Fylm,Comedy,2022-04-14,1186380,4697273,749026
The Hymns of Muscovy,Documentary,2018-05-04,10000,70000,533656
Little Ghost,"Family, Fantasy, Adventure",1997-12-30,1,14,64313
American Adobo,"Comedy, Romance",2001-09-29,344,342855,50819
Evidence of a Haunting,Horror,2010-11-10,25000,54474,175138
Pattiyal,Crime,2006-02-17,1000000,3700000,63818
Wrong No.,"Comedy, Romance",2015-07-18,390000,1570000,383056
Kicked in the Head,"Comedy, Crime, Drama, Romance",1997-09-26,4000000,102739,56651
Uppi 2,Thriller,2015-08-14,730000,6200000,347989
Hawa Bodol,Comedy,2013-03-22,160000,310000,349025
Dreaming of Joseph Lees,"Romance, Drama",1999-10-29,2000000,7,108346
Bad Ben: The Mandela Effect,"Comedy, Horror",2018-06-18,300,110000,882052
Pink Panzer,"Animation, Comedy, Family, War",1965-09-15,15788,15788,379049
Bopha!,Drama,1993-09-16,12000000,212483,76264
L'Anniversaire,Comedy,2005-09-21,7638914,1144090,72564
The Curse of Captain Silverbeard,"Adventure, Action, Comedy",2021-12-21,1000,371,918814
Promise of Pisa,Drama,2019-10-10,220000,297388,611763
Ishkq in Paris,"Comedy, Romance",2013-05-24,2000000,355000,196313
Absolution,"Thriller, Drama",2015-02-27,2000000,148205,315055
Romeo & Juliet: Sealed with a Kiss,"Romance, Family, Animation",2006-06-23,2000000,462107,74180
07th Changes Course,"Action, Adventure",2007-04-12,1300000,95000,178657
Bwakaw,"Comedy, Drama",2012-09-05,11178,34659,121173
Ah Boys To Men 2,"Comedy, Drama, War",2013-01-31,2120000,5600000,193173
7 Months Pregnant,Drama,2016-08-17,80000,80000,471275
Johan,"Drama, Romance",2005-10-06,3000000,194325,121813
The Guardian,"Thriller, Drama, Horror",2021-04-30,1000000,1694828,786170
The Burning Cold,"Drama, Thriller, War",2023-01-20,1200000,100772,895956
"Like Mother, Like Daughter","Drama, Mystery",2007-02-18,50,60,145124
Startup,Drama,2014-04-03,2000000,168604,266851
Foreign Prayer,"History, Drama",2017-05-18,1185468,24207,452737
Edison And Leo,"Animation, Fantasy, Comedy, Romance, Adventure, Horror",2008-09-04,10000000,1000000,45097
The Customer Is Always Right,Thriller,2006-02-23,10000,80000,230883
Moshi Monsters: The Movie,"Adventure, Animation, Family, Comedy, Fantasy",2013-12-20,1849089,2900000,230599
1895 in Formosa,History,2008-11-07,2000000,1000000,92474
Varudu,Action,2010-03-31,4600000,4100000,244941
Shatamanam Bhavati,"Drama, Family",2017-01-14,1200000,8100000,435410
Teen Patti,"Drama, Thriller",2010-02-26,1000000,3900000,34418
Dangerous People,"Comedy, Crime, Action",2002-12-06,5200000,355974,256231
Revelation,"Action, Horror, Thriller",1999-05-07,1500000,206626,46009
Ghost Game,"Horror, Mystery, Thriller",2006-04-20,20000,71896,27423
Glukhar v kino,,2010-05-06,2500000,1477030,69976
Strange Interlude,Drama,1932-12-30,654000,1237000,130422
There Goes My Baby,"Drama, Comedy",1994-09-02,10500000,123509,88641
Red,"Action, Crime, Drama, Romance, Thriller",2002-05-05,500000,500000,69419
Aasai,"Action, Romance, Thriller",1995-09-25,500000,500000,69422
Kadhal Kottai,"Romance, Drama",1996-07-12,500000,500000,69423
Honey Bee 2: Celebrations,"Adventure, Comedy",2017-03-23,690000,640000,439613
Oru Cinemakkaran,"Drama, Thriller",2017-06-24,620000,940000,458504
Sunday,"Drama, Romance",1997-05-01,450,288,70805
The Happy Road,Comedy,1957-06-20,575000,950000,134355
Zenitram,"Comedy, Science Fiction, Action, Adventure",2010-05-20,4168500,20600,48468
Duniyadari,,2014-07-19,390000,3,237214
Andy Hardy Meets Debutante,"Comedy, Family, Romance",1940-07-05,436000,2623000,43808
Eric Clapton's Crossroads Guitar Festival 2010,Music,2010-06-26,100000,1000000,239920
Parrish,"Drama, Romance",1961-05-04,1500000,4200000,28284
Achayans,"Thriller, Comedy",2017-05-19,620000,1800000,457616
Tomorrow Will Be Better,"Drama, Adventure",2011-11-11,743416,15031,213444
Mercy Streets,"Action, Adventure, Drama",2000-10-31,600000,173599,26916
Myths,Comedy,2017-11-16,665000,902684,457851
Black Friday,"Thriller, TV Movie, Crime, Drama",2007-10-30,750000,500,68666
Ripple Effect,"Drama, Music",2007-06-21,12000000,14059,16294
Battle of the Sexes,Comedy,2015-11-22,2000000,189000,364760
God Willing,"Drama, Romance",2006-01-30,50,80,29997
Crimean Bridge. Made With Love!,"Comedy, Romance",2018-11-01,2495650,1066431,556485
Cass Timberlane,"Drama, Romance",1947-11-06,2733000,5186000,108688
"Doggie Tails, Vol. 1: Lucky's First Sleep-Over",,2003-01-01,100,105,174831
Church Ball,Comedy,2006-03-17,1000000,464991,55278
Polis Evo,"Action, Crime, Comedy",2015-09-17,554390,1847967,362817
Everybody Sing,"Music, Comedy, Romance",1938-01-01,795000,1003000,43159
The Junior Olsen Gang Goes Submarine,"Comedy, Family",2003-02-21,188432,2871092,30200
Chess,"Action, Comedy, Drama",2006-07-07,500000,1000000,240546
Guadalupe,"Drama, Documentary",2006-12-01,1490641,1499149,348118
A Polish Vampire in Burbank,"Horror, Comedy",1983-10-31,3000,500000,113451
One Man Show,"Drama, Comedy",2001-12-12,418500,3140000,354817
Bodyguard,"Action, Comedy, Romance",2012-01-14,8000000,9000000,86719
Dui Prithibi,"Drama, Romance",2010-10-14,691000,910000,244773
Wabash Avenue,Music,1950-03-31,2115000,2039000,110669
"Firenze, canzone triste (Volume I)",Adventure,2025-12-20,60,800,1601982
Burke & Wills,"History, Adventure, Drama",1985-10-30,9000000,1600000,176049
Razia Sultan,Drama,1983-05-31,100000,100000,231799
Tina Turner: Live In Amsterdam - Wildest Dreams Tour,Music,1996-11-01,1000000,10000000,76111
Be Astonished,Documentary,2014-10-01,1525,1700,297899
The Pleasure Seekers,"Comedy, Music, Romance",1964-12-25,2100000,2000000,95358
Tadakha,"Action, Romance, Family",2013-05-10,2100000,2600000,204395
Coffee for All,Documentary,2017-05-07,125000,78000,521753
Pavee Lackeen: The Traveller Girl,Drama,2005-07-07,60,90,31450
Spirit of the Forest,"Fantasy, Animation",2008-09-12,5730000,295000,47644
Sunset at Chaophraya,"Drama, Romance, War",2013-04-04,2000000,1646962,212550
Bunshinsaba,"Mystery, Thriller, Horror",2012-07-17,300000,8995240,287174
Comic 8,"Action, Comedy",2014-01-29,416000,2822761,285995
Zonad,Comedy,2010-03-17,3000000,2500000,50598
The Work and the Glory III: A House Divided,"Drama, Western",2006-11-22,6500000,1325092,32523
Burnface,"Drama, History",2010-12-10,260553,20735,96589
The Junior Olsen Gang Rocks It,"Adventure, Family, Comedy",2004-02-05,235540,3226688,50289
The Last Petal,"Animation, Adventure",1977-07-11,25000,50000,290106
Dream Theater: Images And Words - Live In Tokyo,Music,1993-08-01,100000,1000000,35678
Fremont,"Comedy, Drama",2023-08-25,3000000,281126,1048522
"Dad, I'm Sorry","Comedy, Family, Drama",2021-03-12,128,17130489,787459
Bezerra de Menezes: O Diário de um Espírito,"Drama, History",2008-08-29,2500000,1948414,106153
Ramayya Vasthavayya,"Drama, Action",2013-10-10,4200000,4300000,227056
Istanbul Junction,"Action, Drama",2018-02-20,10000,10000,504543
Vishudhan,Drama,2013-11-22,450000,14000,256811
Blue Fin,"Drama, Family, Adventure",1978-12-01,750,703,90572
Lily Boy,"Music, Comedy",1955-02-24,468,25,191428
Aithe,"Adventure, Drama, Thriller",2003-04-11,179400,1500000,311777
Zid,"Thriller, Romance",2014-11-28,1556288,1268395,310123
The House in the Wind of the Dead,"Horror, Thriller, Crime, Mystery, War",2012-04-27,100000,38447,105658
Polytechnic,"Comedy, Romance",2014-04-09,900000,1200000,264056
Scribblers,Comedy,2014-03-19,4000000,429098,264279
Dingo,"Drama, Music",1991-06-02,200000,300000,66634
Battle of the Japan Sea,"War, History, Drama",1969-08-01,973000,960000,142440
Golden Earrings,"Adventure, Romance",1947-08-27,1000000,7000000,121357
Sarvam,"Drama, Romance, Action",2009-05-15,2000000,2000000,69497
Sal,"Western, Drama",2012-05-17,1300000,23881,139932
Paramasivan,"Action, Drama, Thriller",2006-01-14,500000,500000,69412
Ji,"Action, Drama",2005-02-21,500000,500000,69413
Machine,"Action, Romance, Comedy",2017-03-17,3851785,500732,449510
Can Heironymus Merkin Ever Forget Mercy Humppe and Find True Happiness?,"Comedy, Music",1969-03-19,500000,2100000,131799
Greatest Hits,"Comedy, Drama",2012-08-02,320000,2333,142158
Ayurveda: Art of Being,Documentary,2001-09-20,300000,2074000,73981
Josh,"Action, Crime",2009-09-05,1919382,6909775,70388
Lakshyam,"Action, Adventure, Thriller",2017-05-06,630000,540000,456757
My Lai Four: Soldati senza onore,"War, Drama, Crime",2010-12-10,2000000,13376,60923
FOMO: Fear of Missing Out,Drama,2019-10-10,208000,78254,636322
The Adventures of Huck Finn,"Adventure, Family",2012-12-20,7217957,1217451,151474
Doctor Proctor: Bubble in the Bathtub,"Adventure, Family, Fantasy, Comedy",2015-10-16,4900000,2498851,377495
Lava,"Animation, Comedy, Science Fiction",2019-11-16,100,100,649288
Georgettan's Pooram,"Comedy, Drama",2017-04-01,850000,1500000,442622
Byomkesh Bakshi,"Thriller, Action, Crime",2015-10-16,110000,190000,400267
The Decline And Fall Of America,Documentary,2008-01-01,7500,1200,26163
Katyar Kaljat Ghusali,Music,2015-11-12,1500000,4400000,368330
Tequila Body Shots,"Thriller, Horror, Comedy",1999-05-07,1700000,9037000,71925
PickUp: With no Rules,"Comedy, Romance",2009-12-03,2000000,2238101,63286
Piratas en el Callao,"History, Animation, Adventure",2005-02-24,500000,700000,137495
Housos vs. Authority,Comedy,2012-11-01,200000,1386692,172040
Dennis the Menace,"Family, Comedy",1987-09-18,35000000,117270765,171147
The Beat Generation,Crime,1959-07-03,439000,750000,37066
Naach,"Music, Romance, Drama",2004-11-12,2000000,490000,117357
The Girl of the Golden West,"Western, Romance",1915-01-04,15110,102224,402388
Dead Man's Line,Documentary,2018-02-08,10,1,483876
Coney Island,"Comedy, Music",1943-06-18,1620000,3305000,69204
Kayal,Drama,2014-12-25,770000,3100000,307000
Manticore,Thriller,2011-02-11,6000000,1756511,538278
Go! Go! Cory Carson: The Chrissy,"Animation, Family",2020-05-01,50000,34,696048
Chapiteau Show: Respect and Cooperation - Part 2,"Comedy, Music",2012-01-26,1000000,196908,797759
Chapters,"Drama, Family",2012-12-07,190000,62000,150284
Pop,"Comedy, Animation",1996-07-31,3001,3001,211343
Squeeze,"Crime, Drama",1997-06-06,500000,10300,49235
Don't Be Embarassed,"Comedy, Drama",2018-10-08,10000,10000,526433
O Astrapogiannos,"Drama, War, Adventure",1970-09-21,10000,12000,598749
Edge of the Empire,"Action, History",2010-04-28,4000000,103432,50581
The Divine Woman,Drama,1928-01-13,266817,931000,206581
Marriage With a Liar,Romance,2010-12-23,283096,1029455,63369
Antidur,"Action, Comedy, Crime",2007-09-06,5000000,1413000,63898
UFC 96: Jackson vs. Jardine,,2009-03-07,762000,1800000,15814
RPG Metanoia,"Fantasy, Animation, Adventure, Drama",2010-12-24,2300000,660000,200752
Sweet Country,"Drama, History",1987-01-23,3200000,2000000,292046
Teree Sang: A Kidult Love Story,"Romance, Drama",2009-08-07,1652551,555670,20687
Pro Lyuboff,"Romance, Drama",2010-09-30,2000000,1268793,63281
Jana,Drama,2004-01-05,500000,500000,69414
Anjaneya,"Action, Thriller",2003-05-05,500000,500000,69415
Friday,"Drama, Romance",2012-08-18,310000,160000,132622
Raja,Drama,2002-07-05,500000,500000,69418
Parnell,"Drama, History, Romance",1937-06-04,1547000,1576000,249799
Tiktik: The Aswang Chronicles,"Horror, Comedy, Fantasy",2012-10-16,1791280,2035311,139293
My Killer,"Mystery, Thriller",2016-02-18,87000,17978,428272
UFC 94: St-Pierre vs. Penn 2,,2009-01-31,1091000,4290020,15214
Bhoot Returns,Horror,2012-10-11,750000,890000,140770
Away From Home - The Global Streaming Event,"Documentary, Music",2021-09-04,1000,1000000,870799
Perfect Assassins,"Action, Thriller",1998-11-13,8,17,254542
In the Forest of Huckybucky,"Animation, Family, Music",2016-12-25,4873880,5296102,429458
Thirst,"Drama, War",2013-11-07,1200000,10130,443329
Tyler Perry's Meet The Browns - The Play,Comedy,2005-06-28,500000,1000000,43957
Dreaming Lhasa,"Drama, Romance",2007-04-13,500000,21504,44167
The Holy Man,Comedy,2005-03-02,341436,680000,235470
Deadly Delicious,"Drama, Mystery",2008-03-07,160000,1100000,44742
Miss Mary,Drama,1986-07-31,10094,267000,241603
Mouna Guru,"Action, Thriller",2011-12-16,730000,2010000,146671
Departure,"Romance, Drama",2016-09-09,10000,10000,415091
The force of nature humanity,Drama,2021-12-17,1500000,15000,927365
Bharya Athra Pora,"Drama, Family",2013-05-03,580000,1051000,216782
Janaan,"Romance, Comedy",2016-09-08,1500000,3000000,416238
Paisa,"Action, Comedy",2013-12-05,1,2,258913
Invisibles,,2014-10-10,800000,8000000,582327
Lahore Se Aagey,"Romance, Comedy, Adventure",2016-11-11,520000,1500000,421333
Pari,Horror,2018-02-02,142575,12397,547177
D'Unbelievables D'Telly,"Action, Adventure, Comedy, Drama, Music",1998-01-01,20000,50000,266451
Power of Attorney,"Thriller, Crime",1995-08-01,1500000,2800000,263422
Willie and Phil,"Comedy, Drama, Romance",1980-08-15,5500000,4400000,92323
UFC 102: Couture vs. Nogueira,,2009-08-29,1285000,1920000,21936
Hinter Kaifeck,"Thriller, Mystery",2009-02-06,70000,20000,23348
The Next Guardian,"Documentary, Drama",2018-08-23,146000,120000,508515
Old and New Shanghai,Drama,1936-05-01,100,100,381555
9½ Dates,"Comedy, Romance",2008-02-14,2100000,682968,41094
Yeh Lamhe Judaai Ke,"Drama, Romance, Mystery",2004-03-27,4800000,11000000,161175
BAD APPLE.,"Music, Horror, Action",2023-07-24,50,2,1143417
Todo por el ascenso,Comedy,2019-09-12,1400000,881,630849
The Junior Olsen Gang and the Master Thief,"Adventure, Family",2010-01-29,2705510,2124685,106456
His Only Son,"Drama, Fantasy",2023-03-30,250000,11480048,761851
Fatso!,"Comedy, Romance",2012-05-04,1685336,41197,112318
Azar,Drama,2017-02-01,10000,10000,503115
Gajaman,"Animation, Comedy, Romance, Family",2023-01-20,250000,2040000,881201
My Friend Frankenstein,"Comedy, Horror, Science Fiction",1975-01-01,55000,100000,3410
Galis: The Journey to Astra,"Adventure, Action, Fantasy",2014-08-07,1400000,2700000,328337
Lady Vampire,Horror,2004-08-24,9000,1000000,23936
The Lift,"Horror, Thriller, Mystery",2020-10-30,250000,247351,760522
Selam: Bahara Yolculuk,Drama,2015-03-13,500000,500001,330999
The Graduates,Comedy,2009-05-01,96000,300000,55985
Cheyenne,Western,1947-06-06,1929000,3303000,175386
Little Teo,Comedy,2013-12-20,450000,3600000,364809
Oxidan,Comedy,2018-01-17,10000,200000,499159
Jackpot,"Drama, Music, Comedy",2001-07-27,400000,43719,196859
Navigating the Heart,"Drama, Romance, TV Movie",2000-02-14,2000000,5000000,21378
Linklater: On Cinema and Time,Documentary,2013-12-04,100000,9000,486888
Batman Beyond: Tech Wars / Disappearing Inque,Animation,1999-05-08,1000000,1000000,498429
Last Flight,"Action, Thriller",2014-03-21,10000000,5900000,257448
Ah Boys to Men 3: Frogmen,"Comedy, Action",2015-02-19,2020000,5520000,343139
Searing Summer,"Drama, Family",2017-06-14,10000,10000,486731
The Miracle of Tekir,"Drama, Mystery",2016-01-01,1800000,2968,362139
Malapata,Comedy,2017-03-16,25000,93039,434884
Circle,"Adventure, Drama, Mystery",2021-12-25,20,3,919178
The Speed Track,"Comedy, Action, Romance",2007-03-02,618000,867000,240283
Night Shift,Drama,2015-01-01,15000,50000,482770
The Big Hangover,Comedy,1950-05-26,1026000,1626000,238616
La Donna,,2013-01-01,15000,30000,429741
All,,2020-11-04,1200000,60500,760620
Nas Nalgas do Mandarim,"Comedy, Drama",2017-02-02,69,6,448702
Lulu the Movie,Comedy,2016-11-24,1500000,650000,428868
Armaan: Story of a Storyteller,Drama,2017-02-10,1800000,7494,434126
Invalid,"Comedy, Drama",2023-02-09,1087475,1704030,1063197
Boss,"Romance, Action, Crime",2013-08-09,630000,950000,578354
A Go! Go! Cory Carson Summer Camp,"Animation, Family",2020-07-04,5000,4,726658
I Am Hooligan,"Thriller, Action, Crime, Drama",2016-09-05,60000,120000,407342
The Bigger Swallow,Thriller,2023-10-20,3,7,1193739
Piano to Zanskar,Documentary,2019-05-12,150000,445,531588
lov(N)er,"Drama, Romance",2021-04-15,100,100,816368
Aschhe Abar Shabor,"Action, Crime, Drama, Thriller",2018-01-19,296770,1632236,519011
Shah,Drama,2015-08-13,89000,72000,398753
Adam Mısın!,Comedy,2016-11-18,500,20,608436
Camellia Sisters 5 - Living Like Royalty,"Comedy, Drama",2021-02-12,2000000,2000000,806218
Hardcore,Documentary,2001-04-07,5000,5000,319065
Trash,Drama,1999-06-24,850000,5154,298909
Cebiche de Tiburón,"Adventure, Comedy",2017-02-02,15454,45150,462907
O Ônibus da Suruba,"Comedy, Crime",1989-01-02,60000,200000,274822
D'Unbelievables D'Mother,Comedy,2001-02-11,20000,50000,266455
Imitation,"Action, Thriller, Crime, Science Fiction, Mystery, Horror",2020-03-05,5000,100,685180
Decent People,Comedy,2015-04-30,2000000,1683000,341408
inhale & exhale,Drama,2006-05-04,1500000,230000,421222
Salem: His Sister's Father,"Action, Comedy, Drama",2014-04-15,800000,100000,285664
Valentino,"Drama, Romance",1951-03-08,1300000,1550000,285959
The Last Breath,"Crime, Drama",1999-03-25,3800000,559298,285908
The Sweet Ride,Drama,1968-06-12,1935000,2600000,280134
Fire Piece,"Romance, Drama, Comedy",1971-10-05,32900,110750,226245
The Better 'Ole,"Comedy, Drama, War",1926-10-23,449000,1273000,225112
The Errand of Angels,Drama,2008-08-22,160000,195184,34441
Valérie,Drama,1969-05-02,99000,1200000,133332
Cicakman,"Action, Science Fiction, Comedy, Fantasy",2006-12-07,492,1,69767
Man on Fire,Drama,1957-08-22,1180000,1415000,4945
Vice,"Crime, Drama, Thriller",2007-11-14,120000,1420586,36036
Baptists at Our Barbecue,"Comedy, Romance",2004-10-08,500000,173306,28151
Shikshanachya Aaicha Gho,Comedy,2010-01-15,380000,520000,114564
Hugo and Rosa,"Documentary, Drama, Romance, TV Movie",2002-09-24,50,60,167495
The Date,"Comedy, Romance",2012-04-19,3000000,849776,109955
"The Book of Mormon Movie, Volume 1: The Journey","Adventure, Family",2003-09-12,2000000,1672730,48382
Saved,Drama,2009-04-11,200,1000000,189073
Sholem Aleichem: Laughing In The Darkness,Documentary,2012-02-24,500000,845188,84401
Hell House,"Drama, Horror",2008-07-25,50000,123000,52923
Dhada,"Crime, Drama",2011-08-11,4200000,350000,79819
Silk Shoes,"Comedy, Drama",2006-06-22,300,300,78127
Trade Winds,"Romance, Comedy, Mystery",1938-12-28,738733,964404,206480
A Woman's Revenge,Action,1979-08-10,55000,100000,213456
Caddyshack: The 19th Hole,"Documentary, Comedy",1999-05-05,6000000,60000000,210719
The Kung Fu Scholar,"Comedy, Action",1994-01-13,5000000,5000000,216682
Street Hero,Drama,1984-08-15,2500000,700000,210837
Mars,"Comedy, Drama",2004-11-11,2000000,240000,100152
When Unku was Ede's Girlfriend,"Drama, Family",1981-04-03,865000,925000,220772
Deadly Impact,"Action, Drama, Crime",1984-05-17,3000000,4000000,220756
"Plauto, Distorted Memory of an Eventual Fool","Drama, Thriller",2004-05-07,162338,85252,221099
The Glacier Fox,"Family, Documentary, Drama",1978-07-15,4500000,8800000,204559
Thirupathi,"Action, Drama",2006-04-14,500000,500000,69410
School Ghost,"Family, Fantasy, Comedy",1987-07-03,850000,150000,220133
Constellation,"Drama, Romance",2007-02-01,7200000,23006533,46268
April Maadhathil,Romance,2002-11-29,400000,2000000,99116
Big City,Drama,1937-09-03,621000,1601000,52029
Bak Yeşil Yeşil,Comedy,1975-09-07,35000,124000,220007
Love Child,"Romance, Drama, Crime",1982-10-15,50091,112940,83301
I Accuse!,"Drama, History",1958-03-05,1768000,665000,176216
SOS: Summer of Suspense,"Drama, Family",2008-02-15,1936708,1840042,125238
Love is All,Comedy,2011-09-30,2850000,580000,81793
When a Man Loves,"History, Romance",1927-08-21,528000,1037000,122331
Nur Kasih The Movie,"Drama, Romance",2011-05-19,680000,1200000,69312
Texas,"Action, Adventure, Comedy",2018-04-18,10000,10000,531681
Biohazard 4D Executer,"Horror, Animation",2000-01-01,100,100,1102104
No more nights and no more days,Drama,2014-03-28,1500,7000,293474
Bonzaïon,Comedy,2005-05-20,10000,30000,71815
Money Not Enough 2,Comedy,2008-07-31,1060000,4740000,62442
Rómulo y Julita,"Comedy, Romance",2020-02-27,200,40,682354
Komaram Puli,"Action, Crime",2010-09-10,4200000,2600000,199800
My Mother Is a Parrot,"Drama, Family, Fantasy",2017-10-12,1000000,1661,814377
Dark Delusion,"Mystery, Drama",1947-06-24,875000,718000,308486
Eden,Horror,2019-10-27,500,1000,681584
Barood,"Drama, Action",1998-08-07,6200000,10000000,463317
Moles,"Fantasy, Adventure, Comedy",2012-09-13,500,600,645272
Agnee,"Romance, Action, Adventure",2014-02-14,31600,45000,356549
Sin of an Angel,"Science Fiction, Fantasy, Drama, Romance",1979-04-03,2000000,1000000,300652
Va,"Action, Comedy, Drama",2010-10-05,300000,1500000,69502
The Legend of Qin,"Action, Adventure, Animation, Fantasy, Mystery",2014-08-08,5572000,8336207,361489
Celsius 41.11,Documentary,2004-10-22,1000000,93000,210864
Vow of Death,"Comedy, Horror",2007-03-14,1100000,560000,210803
Reincarnation,"Fantasy, Horror",2004-01-01,100000,4274679,79282
Don't Show Mother,"Drama, Thriller",2010-11-07,4000,1000,551237
Lee Chong Wei: Rise of the Legend,Drama,2018-03-15,1360000,1080000,550936
Ardaas Karaan,Drama,2019-07-19,1066375,4165528,603552
Love and Happiness,"Comedy, Drama, Romance",2005-01-21,50,60,121579
Kabaddi Kabaddi,"Romance, Comedy",2015-11-27,80631,806313,396574
A Long Way Off,"Romance, Drama, Family",2014-06-06,500000,28951,291319
The Sea Beast,"Adventure, Fantasy",1926-01-15,503000,938000,177219
The Worst Movie Ever!,"Music, Comedy, Action, Science Fiction, Drama, Horror",2011-07-08,1100,25206,359348
"Peter Gabriel: New Blood, Live In London",Music,2011-10-24,100000,1000000,96844
Unbound,"Action, Crime, Drama, Thriller",2018-06-15,80000,21000000,538831
Rock Sangkut,"TV Movie, Drama",2014-07-30,100000,100000,292136
Entropia,"Thriller, Drama",2022-09-25,3000,4000,903774
Jawani Phir Nahi Ani 2,"Comedy, Drama, Romance",2018-08-21,486235,78655,544402
Ho Ho Ho 2: O loterie de familie,"Family, Comedy",2012-11-23,1,2,286523
Liebe auf Persisch,Comedy,2018-10-19,10000,10000,545097
911,Thriller,2021-04-21,500,4600,1058050
Automaton,Animation,2020-08-24,9859,9859,899613
Baaz: A Bird in Danger,Thriller,2003-02-07,986250,750000,496533
Jabardasth,"Romance, Comedy",2013-02-22,2700000,3100000,168246
Ee Rojullo,"Romance, Comedy",2012-03-13,610000,1800000,199547
Veedu,Drama,1988-11-25,20000,120000,331589
Swamp Monster,"Horror, Family",2022-06-01,70,6000,1144499
The Dangerous Stranger,"Drama, Documentary",1950-02-24,1000,250000,493856
El ejército de los helechos,"Horror, Fantasy",2012-07-07,50000,30,710736
Kongsi,"Action, Comedy, Crime",2011-05-12,446245,1983587,65529
Cynthia,"Comedy, Drama",1947-08-29,1318000,1648000,192501
Chirodini Tumi Je Amar,"Romance, Drama",2008-08-15,138000,236000,327665
Jawanum Mullappoovum,Drama,2023-03-31,600000,400000,1004653
3 Braves,"Family, Animation, Adventure, Action, Fantasy",2015-05-21,143149,645135,341007
The Story Of Short Stack,"Documentary, Comedy, Drama",2011-10-28,2000000,14000000,127713
Dropping Gear,Drama,2019-12-25,65,1,703008
Mothman,Drama,2020-02-17,1,123,703007
Kings Can Do Everything,"Comedy, Romance, Adventure",2008-03-06,2500000,7465423,64263
Lynch Mob,"Horror, Thriller, Crime",2009-09-18,365000,40,48494
The Sabinal Canyon,Documentary,2015-12-25,2500,5000,373981
The Playgirl,Romance,1983-04-19,800000,30000,183605
Şoför Nebahat Bizde Kabahat,Comedy,1965-12-17,55000,105000,493116
Katari Veera Surasundarangi,,2012-05-10,1200000,2400000,339865
The Green Carriage,Drama,2015-11-26,1500000,40840,372994
Boss 2,"Action, Crime, Thriller",2017-06-23,1173470,1656664,490801
What Girls are Silent About,Comedy,2013-03-07,2500000,3678530,187459
New Year's Eve,Romance,2002-11-18,15000,50000,490358
Mr. Local Man,"Romance, Adventure, Drama",2019-02-02,100000,1000,820605
Milaga,"Romance, Comedy",2010-10-10,3000000,10000000,55790
Veyyil,Drama,2006-12-22,700000,11000000,66224
Dandelion,"Comedy, Drama, Romance",2014-12-31,466418,1958955,385102
O Ingresso,Drama,2022-01-04,10,20,923456
The Big Swap,Drama,1998-06-11,50,60,162396
Khargiush,Comedy,2018-03-19,10000,10000,516789
Living in a Big Way,"Comedy, Music",1947-06-10,2839000,1513000,119102
Vespiary,"Comedy, Family",2018-03-20,10000,10000,516979
The Outlander,Drama,2005-04-22,7000000,2866324,131677
Mahabharat,"Adventure, Animation, Action, History, Family",2013-12-27,7000000,210000,503928
Woodpecker,Drama,2018-02-20,10000,10000,504192
Sons of Apollo: Live With The Plovdiv Psychotic Symphony,Music,2019-08-30,1000000,10000000,628770
Mexican Bloodbath,"Action, Thriller",2010-02-21,50000,750000,72236
Gulabjaam,"Comedy, Drama",2018-02-16,255000,635082,507964
My Friend Bernard,"Animation, Family",2007-03-22,5900000,618400,47649
A Gambler's Story,"Comedy, Drama",2001-10-11,12500000,123021750,233308
Bar Wrestling 21: Breastlemania,"Action, Drama",2018-10-17,8799,44566,599282
For the Living and the Dead,Drama,2005-02-18,1258552,16016,227364
Javdanegi,Drama,2016-10-10,10000,10000,422591
The Visual Effects of 'Scary Movie 4',,2006-04-20,45000000,178262620,565916
Dosti,"Drama, Adventure, Romance",1971-02-07,15000,20000,565927
Best Foot Forward,"Comedy, Music",1943-10-08,1162000,2704000,42886
Tofigh-e Ejbari,Comedy,2007-12-07,10000,100000,567194
Natasaarvabhowma,Action,2019-02-07,2170217,5063840,581933
EVA KALIAN LA PELÍCULA 2 ¿QUÉ TE PASÓ EVA?,,2022-02-02,487,500,1420837
Hum Tum Aur Ghost,"Drama, Science Fiction",2010-03-26,1900000,680000,41114
TÓSIGO,,2024-04-18,600,800,1420787
Willowpede,Horror,2020-01-03,5000,500,988476
Washington Heights,"Drama, Romance",2002-05-22,210000,156021,251053
Bulto,"Horror, Fantasy",2023-02-01,1000,1000,1074478
Walk,Mystery,2017-11-18,600,200,988481
Zindagi Kitni Haseen Hay,"Romance, Drama",2016-09-13,280000,950000,421334
The Affairs of Martha,"Romance, Comedy",1942-06-21,240000,375000,219424
The Last Lear,Drama,2008-09-12,1500000,202000,7280
Hot Naked Sex & the City,Comedy,2011-01-01,5000,5000,577015
Midget Zombie Takeover,"Horror, Comedy",2013-02-08,2000,10604,253098
Filshah,"Animation, Family",2017-05-01,10000,100000,565235
Hot Stuff,"Animation, Comedy",1971-01-01,101250,101250,414817
Jessica Simpson: Reality Tour Live,Music,2004-11-23,500000,2303489,247481
Hotel California,"Comedy, Drama, Thriller",2013-05-02,858572,382454,220520
Bad is Bad,"Drama, Thriller, Crime",2011-08-06,6000,50000,259123
DeMarcus Cousins Presents Boogie's Comedy Slam,Comedy,2020-07-20,409000,1500000,753114
The Perfect Husband,Drama,1993-06-02,3000000,9424634,417751
The Student Teachers,"Comedy, Thriller",1973-09-06,100000,1078000,85970
Saavdhan,"Mystery, Thriller, Crime",2023-03-12,49,21,1249895
Yaar Annmulle,"Comedy, Romance, Drama",2011-10-07,2,9,79546
Thanks Maa,"Comedy, Drama",2010-03-05,500000,2000000,261949
Oru Murai Vanthu Paarthaya,"Comedy, Romance",2016-05-27,300000,300000,410386
Adventures of Batman & Robin: Poison Ivy/The Penguin,Animation,1992-09-01,1000000,1000000,498464
Khaplin - Modern Modern Times,"Comedy, Drama, Romance",2018-12-10,5,1,1029998
Mocca: Life Keeps on Turning,"Documentary, Music",2011-06-06,5000,10000,223918
Closeness,"Drama, Romance, Documentary",2023-02-14,1500,10000,1086635
Uma Linda Vista Do Céu,Adventure,2023-02-14,1,1,1086565
Chikku Bukku,"Romance, Drama",2010-12-03,3000000,10000000,55737
VITRIOL,"Adventure, Mystery, Horror, Thriller",2012-11-05,300000,83077,422051
Project_CEX,"Drama, Comedy, Thriller",2005-06-18,1500,100,1564763
Cabeza Perdida,Horror,2020-12-24,50,50,778877
Sonsuz Geceler,"Romance, Drama",1965-04-11,55000,105000,495174
Shob Bhooturey,Horror,2017-09-08,250000,225000,495120
Come Back Home,"Thriller, Mystery",2018-12-22,100000,200000,864960
MUNZIGER,Documentary,2022-09-30,10,10,1028524
Düşünceli Soytarı,Drama,2025-12-27,1,2,1604964
Fool's Paradise,Romance,1921-12-09,291367,901937,707496
Platoon07: A Great Marksman,"Action, Comedy, Crime, Drama",2021-09-11,100,5,1125574
La Antipelícula de Wazz Moure,,2020-12-31,300,849,840957
at your own pace (film 2 edition),Drama,2023-05-11,20,5,1125557
Blood of May,History,2008-10-03,16300000,2800000,189365
Son Günler,Drama,2025-12-27,3,3,1605126
El Filibusterismo,"Drama, History, Thriller",2020-03-16,10,15,707560
The 312,"Comedy, Drama, Romance",2017-12-15,1000,40,421480
Secret of the Sukharev Tower. Magician of Balance,"Animation, Family, Fantasy, History",2015-03-26,1133865,8442829,332511
Saranno famosi?,Comedy,2018-02-16,3000,10000,924455
Fightin' Fools,Comedy,1941-02-25,23,31,413211
Privacy Breach,"Science Fiction, Action, Adventure, Crime, Drama, Mystery, Thriller, Romance, Horror",2020-10-31,10,1,936252
Ramta Jogi,Romance,2015-08-14,426848,38000,376105
Untuk Hari Ini dan Selamanya,Documentary,2025-10-14,60,441,1604893
Millennium Apocalypse: The End is Here...,,2006-02-20,25,33,52927
QOC Super Show,"Drama, Action",2017-11-26,7812,9001,590792
The Forest Sorceress,"Adventure, Family, Fantasy",2005-01-01,94,370000,253495
Child of Nature,Documentary,2021-05-01,1000000,1000000,833753
Thief of Dolls,"Comedy, Crime",1990-02-03,15000,1500000,506974
Someone Wants to Talk with You,Drama,2012-09-22,100000,100000000,506664
Unspoken Thoughts,Drama,2017-09-14,10,10,505835
WSU Breaking Barriers 5,"Action, Drama",2018-06-16,7866,11236,592424
Log Boy,"Animation, Comedy",2018-12-24,1311229,1311229,879548
Iron Claw the Pirate,"Adventure, Fantasy",1969-01-01,55000,105000,107349
TJP Brand New Wrestling 2 Now It's Time To Attack,"Action, Drama",2018-08-25,8873,14552,592955
Hillary: Ocean to Sky,Documentary,2019-10-31,20000000,70049,655978
Virsa,"Drama, Romance",2010-05-07,580000,1600000,107565
A Jealous Sister,Thriller,2003-06-12,50000,50000,673396
En kluven stad,Documentary,1998-01-01,1,1,507187
Dario,"Drama, Thriller",2018-07-05,10,10,838095
Everybody's Business,Comedy,2013-12-05,846820,515150,382142
The Thought Exchange,,2012-06-01,212,69,149576
The Players,"Thriller, Drama",2019-05-20,50,100,685251
Short Stack Live at the Sydney Opera House,"Documentary, Music",2011-01-20,20000,67000,260072
Seven Awkward Sex Scenes. Part One,Drama,2018-03-15,1000,1000,502090
The System,"Action, Drama, Crime",2014-05-30,500000,290000,412484
Diary of Fireflies,"Comedy, Romance",2016-12-02,600000,500000,451436
Abdullah from Minye,Drama,1990-02-16,460,960,501331
The Chair,"Drama, Thriller, Comedy",2020-06-06,1,2,778366
ROW Ladies Night Out 5,"Action, Drama",2019-02-23,6755,10777,591663
Binsu: Hīrōtaimu,"Action, Adventure, Comedy",2020-10-10,50000000,125543200,752363
Kushi,"Romance, Comedy, Drama",2023-08-31,6300000,6400000,965489
Kolej Havası,Documentary,2019-09-06,420,3,630514
Shudhu Tomari Jonyo,"Drama, Romance",2015-10-16,482000,980000,378495
The Bambi Effect,Drama,2011-07-22,436500,33144,75230
Batman Jr.,Action,2017-04-25,5500,1700,711615
WWR Identity Crisis,"Action, Drama",2017-03-04,5676,8966,592227
Son of the Gods,Drama,1930-03-09,436000,1432000,166658
A Tale Of Love (The Untold Truth That Everybody Knows),"Thriller, Drama, Comedy",2019-06-30,2500,120,655245
Oh Deer.,"Comedy, Adventure, Drama",2025-09-26,12892,2,1566585
Cigarbox Blues,"Music, Drama",2017-01-26,5000,6000,820782
Watchmen:(The Ultimate Cut),"Action, Mystery, Science Fiction, Crime",2009-03-06,130000000,185000000,1188200
Oportunistas,Comedy,2024-05-16,500,100,1297063
Catch Women's,"Drama, Romance, Comedy",1975-08-04,2000,11225,474489
Rio Rita,"Romance, Western, Music",1929-09-15,678000,2400000,53760
Rana Vikrama,"Action, Drama",2015-04-10,1974853,3554736,691633
The Kill Room,"Crime, Thriller, Action",2023-09-14,50000000,476375,958006
Retrato de un último café,Fantasy,2024-05-30,400,200,1297818
Saranair: The Movie,"Comedy, Documentary",2009-04-30,438000,2648133,172528
Untitled Heist Film,"Crime, Drama, Action",2021-09-11,40,100,873420
Queens of Combat QOC 1,"Drama, Action",2014-03-23,8010,8010,587914
Sad Dad,"Comedy, Crime, Drama",2017-10-10,10,9,1020245
Nalpathiyonnu,Drama,2019-11-08,632040,42200,641823
Jerry's Takeaway,"Comedy, Romance",2023-02-01,41000,271000,1546035
Creedacio I,"Comedy, Drama, Action",2023-10-08,30,4,1189018
Madame President,Documentary,2012-03-30,300000,290000,352648
El límite,"Music, Drama",2023-05-30,1,1,1134091
City of Mice 2,Music,2014-08-25,2500000,4000000,351300
La Jaula,"Drama, Family",2021-01-24,50,50,1009393
The Paranormal Investigators,"Comedy, Horror",2022-10-01,1,372,1079419
Veer Savarkar,History,2001-11-16,100,150,468073
Clean Sweep,"Drama, Comedy, Crime",2001-02-22,735000,124165,176215
GGXXACPR Community CMV 「Every time…」,"Music, Crime, Comedy",2022-06-03,199,4206974,1011766
Fuck it: Fallen by revenge,"Comedy, Action, Drama, Science Fiction, Horror",2024-07-14,1,731471,1321865
The Shadow,"Romance, Drama",2016-12-01,800000,4880,468938
Sociedad=Machista ^(-1),,2024-02-23,500,300,1358050
The Date,"Thriller, Drama",2022-09-01,2500,5000,1010969
Inés y el exterminio de plagas,"Horror, Mystery, Adventure",2013-07-31,100,100,356297
Belukar,"Action, Drama, Romance",2010-05-06,552000,78000,71240
Al-Majhoul,"Drama, Thriller",1984-06-23,10000,10000,696137
Plane Tree,"Family, Drama, Mystery",2018-10-05,200000,1000,586099
Arrival,Adventure,2018-12-20,10000,10,696430
Bouffée d'air frais,Comedy,2023-02-16,80,345,1127913
"Limbus - Ein ""Nur 48 Stunden""-Film",Drama,2015-05-13,3,150,340168
The Cure: 4 Tour at Madison Square Garden,Music,2008-03-06,1,1,169867
Sleepwalker,"Crime, Mystery",2025-04-25,300,300,1484217
Flat Earth: To the Edge and Back,Documentary,2019-03-20,16000,26000,589707
Ihsan: The Movie,"Drama, Thriller, Crime",2019-12-09,20,1,1025316
Night Rush,"Action, Drama, Thriller",2009-05-14,50000,200000,114000
The Perfect Date,"Comedy, Romance",2020-01-03,216000,947455,689652
Romantic Blue,"Drama, Crime",1995-06-16,40000,220000,73102
Kostya Tszyu: Destiny,Documentary,2004-01-24,10000,1000000,59188
O livro mágico,"Adventure, Fantasy",2021-11-21,40,90,1299679
Lateef,Thriller,2015-06-05,640000,93000,374970
What Christmas Left Behind,"Drama, History, War",2024-09-25,5,49,1432016
In the Face of Evil: Reagan's War in Word and Deed,Documentary,2004-10-01,500000,110577,188348
Super Bheem Toota Khush Tara,,2017-12-17,256982,1253654,493180
The Ground Truth,"Documentary, War",2006-09-15,500000,12207,50062
Saúde e Bem Estar,"Comedy, Action",2023-03-21,3,3,1238095
For the First Time,"Drama, Romance",2008-08-27,799634,3036326,84044
Kart Horoz,Comedy,1965-10-21,55000,105000,482506
My wife's friend  in the  cinema,Comedy,2013-12-21,5000,13700,588188
Disruption,"Drama, Crime",2015-11-22,120,100,369758
The Height of Ignorance,"Drama, History",2024-02-02,200,100,1239509
The Master Gardener VOL. 1: The Curve of Destiny,"Action, Comedy, War",2023-10-13,5,1,1192198
ABHORRENT II,"Horror, Comedy",2024-07-15,36,4,1488880
That Night,"Horror, Comedy",2023-09-30,7,3,1488896
That Same Night,"Horror, Comedy",2023-10-18,10,2,1488903
Queens Of Combat QOC 3,"Action, Drama",2014-11-30,6125,6125,587962
Queens of Combat QOC 2,"Action, Drama",2014-06-14,5495,5495,587961
Queens Of Combat QOC 19,"Action, Drama",2017-11-26,6682,9445,587994
The Bashful Bachelor,Comedy,1942-03-19,165000,675000,182303
Cavity,"Thriller, Mystery",2022-08-20,150,200,1023410
Afterwards,Drama,2017-10-06,300000,800000,486049
Gal Costa: Estratosférica – Ao Vivo,"Music, Documentary",2017-11-10,10000,20000,486559
The Incident,"Action, Adventure, Comedy, Crime, Drama, Family, Science Fiction, Mystery, Romance",2020-02-20,500,44290,783098
Family Still Matters,"Family, Comedy",2022-01-30,5000,15000,942626
ATL 2: The Homecoming,"Drama, Comedy, Mystery",2021-08-31,3000000,31200000,866362
El Mejor Error de Mi Vida,"Drama, Comedy",2021-04-02,20,10,874286
Saudade,"Drama, Romance",2022-08-08,390,100,944114
Anthony Joshua vs. Carlos Takam,Action,2017-10-28,5000000,34134173,483981
Malawi,Documentary,2018-08-09,1,140,703014
30 Days,Drama,2006-10-06,500000,5000000,66669
Continuity Error,"Thriller, Fantasy, Comedy",2014-05-12,1,1,269638
The Room & Paradise,"Horror, Animation, Fantasy, Action, Mystery, Thriller",2025-09-07,2600,3400,1586103
The Singing Fool,"Drama, Music",1928-09-19,388000,5916000,207143
H40,"Action, Animation, Comedy, Documentary, Family",2023-03-17,10,1,1102116
Moon Men,"Action, Adventure, Comedy, Documentary, Horror, Thriller, Science Fiction",2017-01-02,3,550,803182
Hiraeth,"Mystery, Horror",2021-11-21,1465,204,906250
Heart - Live at the Royal Albert Hall with The Royal Philharmonic Orchestra,Music,2016-12-20,100000,1000000,436071
esias,"Horror, Mystery, Thriller, War",2016-11-07,20,1,427396
Windy Dreams,,2021-04-11,60000,50000,1229865
WSU Power,"Drama, Action",2015-05-09,8865,11232,598840
WSU United,"Drama, Action",2014-07-12,7896,14223,598845
WSU Uncensored Rumble V,"Action, Drama",2012-06-16,7644,14332,598844
Catherine's Grove,"Thriller, Action",1997-09-05,2000000,26641,288123
Messengers,"Horror, Drama, Science Fiction",2004-06-27,200000000,5224221,541526
Taekwondo: The Champions,"Documentary, Action",2023-01-30,10,1,1100625
Sarvann,"Comedy, Action, Adventure, Family",2017-01-13,700000,2100000,435029
Wedding Thrashers,"Comedy, Romance, Western",2022-12-25,300,69,1066995
Take 2,Comedy,2017-01-26,859484,1360851,438776
Chopin-Pletnev: Cello,"Music, Documentary",1997-01-01,100,200,1158924
Andy Mckee: Joyland,"Music, Documentary",2010-03-23,20000,50000,267296
Once a Year,"Drama, Romance",1965-02-04,55000,105000,596722
Kraanthiveera Sangolli Raayanna,"Drama, History, War",2012-11-01,4000000,6500000,726319
Canners,"Comedy, Drama, Fantasy",2020-05-01,2000,100,755285
Blood Pi,Horror,2020-10-24,120000,70,767276
The Inspirations,Animation,2015-12-03,4700000,500000,529625
Big Gap,"Science Fiction, War",2016-08-31,12,6,1309787
Phone Police,"Comedy, Crime",2010-09-12,150,400,46131
Bossferatu,"Comedy, Documentary, Drama",2018-07-13,40,20,534719
Duniya,,2007-02-23,280000,2000000,674863
Thiruvannamalai,"Drama, Thriller",2008-12-19,500000,500000,66504
Starting Point,"Animation, Adventure",2020-11-08,100,300,848052
Candela,"Drama, Science Fiction",2022-10-17,750000,663,1051467
Crazy Wordy Lonely Lady,Comedy,2022-08-06,800,1000,971206
Kaptaan,"Action, Comedy, Drama, Family",2016-05-20,60,109,393170
Straw-Baby,"Action, Comedy",2024-01-21,10,100,1256739
¿En Que Piensas?,Comedy,2022-11-20,5000,20000,1051618
Rejects,"Action, Drama, Science Fiction",2021-07-30,500,500,854916
Remp-It,"Action, Crime, Thriller",2006-08-10,458968,917936,279195
The Junior Olsen Gang and the Black Gold,"Adventure, Family",2009-01-30,1771260,1880719,89358
ALTLAST,Horror,2020-01-18,600,1000,759644
Marham,Drama,2010-02-01,10000,10000,549003
Reset,"Thriller, Drama, Mystery",2020-10-27,5000,100,760092
The Car Mechanic,"Horror, Mystery, Thriller",2019-11-03,25,10,760145
Reina Sin Corona,"Drama, History",2017-02-06,160000,440000,431549
Lost in Galicia,Comedy,2009-03-13,1885956,403547,276865
Ip Boy: The Legend Begins,"Action, Comedy",2019-03-10,20,10,601508
Scherzi - Il film,"Horror, Thriller, Mystery",2014-06-08,2700,450,275805
Uriyadi,"Comedy, Thriller",2020-01-17,3997866,11327287,665358
Veszed az adást?,"Horror, Mystery, Thriller, Drama",2024-04-06,1,1,1416031
Árnyjáték,"Thriller, Drama",2024-05-07,1,1,1416040
NYILWANOS 1,"Drama, Crime",2024-11-25,1,1,1416044
D'Unbelievables One Hell of a Do,"Adventure, Comedy, Drama, Family, Music, TV Movie",2011-02-11,20000,50000,429771
DOC Voice of Land an Inner Journey Feature Length,"Documentary, Adventure, Music",2021-04-24,10000,100,1062787
The Birds Race: A Sports Documentary,"Documentary, Drama",2024-01-04,6,1,1593546
KNUCKLEHEADS,"Action, Comedy, Romance, Drama",2024-07-10,200,30,1315755
A Daughter of the Gods,"Fantasy, Drama",1916-10-16,1000000,1390000,278480
The Bachelor's Party,Comedy,2010-01-01,300000,118550,676945
"2 Yanks Taking the Piss in Tramore, Christmas '92","Documentary, Comedy, History",2014-11-07,10,10000,1251233
The Dead Walk,Horror,2008-06-06,50000,1200000,278267
WSU Battle Tested,"Action, Drama",2017-05-13,5664,12311,598855
A Nation Awakens,"History, War, Drama",1966-01-01,55000,105000,272057
A short film about a kid,"Mystery, Thriller",2024-05-07,2,1,1287363
Girl Fight Queens Of Combat,"Action, Drama",2017-07-07,5564,223443,599259
Tick,Mystery,2019-06-10,7,25,607880
Edward Lee's the Bighead,Horror,2013-09-23,45000,100000,286234
Women Of Warriors V,"Action, Drama",2018-04-14,6675,23412,599264
GirlFight 15: Kentucky,"Action, Drama",2016-11-18,3345,21334,599273
Bar Wrestling 27: In The Midnight Hour,"Action, Drama",2018-12-31,8834,35667,599270
Şafak Bekçileri,"Drama, Romance",1963-01-01,55000,100000,272415
Chithiram Pesuthadi,"Action, Romance, Music, Drama",2006-02-10,440000,2800000,79667
Parwaaz Hai Junoon,"Action, Romance, War",2018-08-22,858369,3087982,543005
FANATICO,Horror,2019-04-05,1500,500,731339
Sinistre,Horror,1994-04-25,10000,10000,405909
RISE Wrestling. RISE 6 Brutality,"Action, Drama",2017-12-01,6554,32111,598862
WSU King and Queen of the Ring,"Drama, Action",2017-09-09,6554,81998,598856
en el living,Drama,2023-03-08,1,23,1098638
Abuela's Luck,"Drama, Comedy, Crime",2018-08-25,8000,10000,543887
It Was for You Alfredo Torrisi,"War, Thriller",2009-09-01,1000,200,898358
The Runaway Bride,"Drama, Crime",1930-05-04,103000,204000,271840
Secret World,Drama,1969-07-09,1150000,900000,211816
Baby Boy of House,Adventure,2022-04-04,1000000,3000000,992210
18 & 1/2 Cigarettes,Drama,2011-04-09,200000,2038,211968
Jorja Smith - Live at Glastonbury,Music,2019-06-28,100,100,895937
Roaming Hungry,"Comedy, Action",2013-06-10,800,1200,211657
Trinket Box,"Horror, Drama",2023-03-31,150000,305526,1096996
AL7O6H,"Comedy, Crime",2023-12-27,2,5,1223356
Army Daze,Comedy,1996-07-12,507000,1160000,210994
Squid Game 2,"Action, Drama, Thriller",2024-12-26,84000000,1000000000,1413033
GRUFF,"Animation, Family, Drama, Action, Western",2024-03-01,25000,10000,1252990
Prosperity,"Drama, Comedy",1932-11-18,628000,1514000,272667
Departures,"Drama, Comedy, TV Movie, Mystery",2018-05-10,300000,300000,974180
רכבת דוריטוס,"Crime, Horror, History",2023-07-22,7,20,1155122
Woman's Enemy,Comedy,2017-09-09,10000,10000,546976
Undercover,"Crime, Thriller",2021-03-10,110,2,1591018
Continental,"Crime, Thriller",1989-11-24,2595182,288486,305261
The Desert Song,"Music, Romance",1929-04-08,354000,3022000,262260
I Proud to Be an Indian,"Action, Crime, Drama",2004-02-13,1185140,887613,311571
Amleto,Drama,1955-07-19,500,550,999702
SoundStage Presents: Robert Plant And The Strange Sensation,Music,2005-09-16,1000000,10000000,264346
Say It with Songs,Music,1929-08-05,470000,2266000,198930
Offending Angels,Romance,2000-10-06,88608,100,568173
Z-Baw,,2012-03-16,2950000,758000,264408
Afflatus,"Horror, Mystery",2019-07-27,748,850,618869
Spider's Thread,"Drama, Documentary",2022-11-15,10,75,1046735
Un Azteca En El Azteca Parte 1,Documentary,2016-09-09,10000,500000,916844
MDPOPE 4,Horror,2024-06-21,20000,5000000,1307454
"120% of the time, you'll encounter a pervert! The AV debut of Iori Yugi, a wife with extra large 128 cm P-cup tits that will amaze anyone!","Documentary, Fantasy, Romance, Adventure",2017-12-13,1500,8622,1043335
ODISEA KALIAN LA PELÍCULA 3,,2025-01-11,729,291,1420710
Todo menos la chica,Comedy,2002-02-19,1200000,93059,309303
The Flash - A New Beginning,"Action, Adventure",2016-12-07,50,299,674035
RISE 7: Sensation,"Action, Drama",2018-04-14,13444,7666,518021
Untold Stories of Columbine,"Documentary, History",2000-02-14,2000,100000,623147
Voices of the Void,Horror,2023-12-12,1,1,1258023
Lipothymia,"Drama, Mystery",2020-10-15,1,1,754751
Number 12 Looks Just Like You,"Drama, Romance",2018-06-07,100,10,528947
Parole de King!,Documentary,2016-11-30,11000,3000,440891
"Beyond Wrestling & WWR Present ""Lit Up""","Action, Drama",2018-04-06,9888,7764,516517
The Girl on the Mat,,2016-10-14,4000,10000,445479
Leslie Nielsen's Bad Golf My Way,,1994-01-01,7,14,659905
The Grand Tour: Survival of the Fattest,"Comedy, Documentary",2019-04-05,2,2,1342076
The Australian Pink Floyd Show  - Live At The Royal Albert Hall,Music,2007-05-04,10000,100000,303543
Kadhal Mannan,Romance,1998-04-04,500000,500000,69420
Interrogated,"Comedy, Drama",2023-03-26,15000,15000,1114112
Sharp Instinct,"Crime, Comedy, Action",2023-03-23,100,805,1175281
Kalbimin Şarkısı,"Drama, Romance",1956-03-28,55000,100000,302086
Suyamvaram,Drama,1999-07-16,500000,500000,69445
那些年 - 胡夏,,2011-07-07,10000,10000,1148788
Fatal Influence: Like. Follow. Survive.,Horror,2022-10-27,25000,1200,1041195
Welcome Home,"Comedy, Drama",2014-10-17,300000,17888,301985
The Lady of Dershely Street,Horror,2024-01-04,100,100,1406372
Unnai Kodu Ennai Tharuven,"Crime, Romance",2000-05-25,500000,500000,69424
Rege,"Thriller, Crime, Drama",2014-08-15,380000,980000,313653
Manikanda,"Drama, Action",2007-05-05,500000,500000,69433
Vandae Maatharam,"Crime, Action, Thriller",2010-09-10,2400000,1600000,69432
Celldweller: Start of an Empire (The Making of,"Documentary, Music, Science Fiction",2016-11-21,5000,50000,445791
Construindo a Quarta Parede,Documentary,2024-10-19,7000,7000,1384711
Muerte Apasionada,"Romance, Crime, Drama, Thriller",2024-10-30,20,50,1515624
How to Water a Sunflower,Fantasy,2019-10-31,50,150,658140
Pintado de negro,"Thriller, Crime",2022-02-02,1800,6000,1372299
The Bigshot,Action,2024-01-22,1,1,1274235
Eu te conheço,Comedy,2023-07-13,300,700,1169451
Мария,"History, Drama, Romance",2016-11-28,1,1,648468
Cuentos tengo cientos,"Action, Adventure, Comedy",2024-04-09,2000,8000,1278416
Lost Bullets,"Romance, Action, Drama, Crime",2022-12-09,20,1,1165919
The Interview,"Comedy, Drama",2022-02-04,5,1,966270
Oye Kuch Kar Guzar,"Adventure, Comedy",2016-12-03,5000,5000,429674
Above All That Is,,2022-12-14,100,100,1168357
Risen As You Are,Adventure,2022-11-02,100,100,1168365
Bautista,"Action, Comedy, Family, Music",2021-11-30,1,5,954864
Expressa,Documentary,2022-04-29,200,100,1181752
The Decision,Drama,1982-10-16,23000,45000,1372409
Guru Dakshina,"Drama, Romance",1987-11-08,6473,9062,974176
CHROMAKOPIA VINYL,"Music, Horror, Fantasy",2024-10-22,10000,61000,1375288
Distort and Display,Drama,2023-09-16,30,60,1167689
Agni I.P.S.,"Crime, Action",1996-06-08,113000,7056000,461048
CHROMAKOPIA TOUR,"Music, Horror, Fantasy",2024-10-23,10000,61000,1376108
ST. CHROMA,"Music, Thriller, Action",2024-10-16,10000,61000,1372433
Seven and a Half Dates,"Comedy, Romance",2018-08-03,2000000,300000,665215
O Último Programador,"Comedy, Science Fiction",2018-12-07,5,5,1515335
Justice for Batman: The Mark Racop Case,"Documentary, Comedy",2023-02-08,1000,3000,1165528
The Lord of the Rings: The Return of the King - Special Extended Edition,,2020-12-01,94000000,1138585547,1521070
Siblings Are Forever: The Grand Journey,Documentary,2015-11-13,250071,534159,463622
HeartLink,Romance,2025-06-12,213,14,1507324
Mehrunisa V Lub U,"Comedy, Romance",2017-07-13,280000,1200000,463238
One Copyright Strike to Rule Them All,Documentary,2023-03-31,100,100,1168032
Shrek's Yule Log,"Family, Animation, Comedy",2010-12-07,1000,1000,1183649
Diadema Azul,"Thriller, Crime, Drama",2025-05-09,40,50,1520931
The Procedure,"Horror, Thriller",2023-08-16,45,10,1165606
Seize the Night,"Drama, Thriller",2022-02-14,120000,500000,664731
Twice Upon a Time in the West,"Comedy, Thriller, Drama",2015-10-07,610000,1045,656944
Saudade,Romance,2023-08-15,20,2500,1165578
Run Away - Polayon,Drama,2021-10-10,5,750,955968
Optimism with Django,"Family, Comedy",2018-11-01,1,1,975080
Bathroom Hooligan,Comedy,2019-10-10,1,1,975083
"2 Girls, 1 Crazy Trip to Mexico: Origins","Comedy, Action",2021-02-03,1,1,975049
els TIUS hackejen el canal,Comedy,2024-10-23,4,3,1375916
Ayaal Sassi,Comedy,2017-07-07,150000,20000,462522
Dose,Drama,2025-06-23,1,1,1515685
Cena Viva: Trajetórias e Transformações,Documentary,2024-04-26,7000,7000,1384880
Cycle,Drama,2011-11-18,60,150,465102
Rosas de Verano,"Romance, Fantasy",2024-12-22,34,35,1520825
Organ Donor 2,Comedy,2024-04-12,120,50,1274926
Um Olhar Adolescente: Valorizo ou Não?,Drama,2024-12-04,6,10,1514384
RadHead,Comedy,2020-05-08,5,5,1379700
Живчик та його друзі,"Science Fiction, Animation",2007-05-20,1000,10000,1385026
Hands together,Documentary,2014-10-21,150000,50000,462702
Restricted Area - Baron Palace,"Thriller, Horror",2016-11-16,250000,400000,447553
The Date,,2022-02-04,4,2,978650
Tin Tin,Adventure,2022-04-15,300,1,962939
A Couple Of Regular Fellas 2,"Action, Comedy, Horror, Thriller",2022-04-24,12,1,969175
OMORI,"Horror, Animation, Fantasy",2020-12-25,19,19,1280118
GRUT / CELL,"Adventure, Fantasy, Horror",2025-07-10,20,10,1511564
Bradford Fire: Returning To The Terraces 31 Years On,Documentary,2015-10-06,1300,4000,1511359
The Vigil,"Drama, Thriller",2010-10-28,262,29,817989
إسكندرية رايح جاى,,2017-02-10,1,246,440887
The Everyday Guide to Wine,,2010-04-05,100,1,450775
Runaway,Documentary,2019-02-27,1300,1800,1511947
Shore,Drama,2022-04-27,50,200,968871
Christmas Switch 2022,"Music, Animation",2022-12-23,740,10,1372884
Mata,"Mystery, Action, Thriller",2019-03-23,20,25,1173648
Só Mais um Dia,Action,2019-09-27,3000,10000,960606
O Assalto ao café Ponte Nova,"Action, Western, Comedy",2021-06-03,5,20,971679
Khooni Panja,Horror,1991-01-01,100000,500000,437113
Holy Bananas,"Comedy, Thriller, Horror",2024-10-25,200,1000,1382804
Tanz der Zuckerfee,Drama,2016-03-01,10000,2000,441325
The Body Double,Drama,2025-07-12,1,1,1511795
Parasuram,"Action, Drama",2003-05-05,500000,500000,69442
IT'S ALL ABOUT ME,"Documentary, Animation",2023-07-15,1000,40000,1510662
The Knight’s Tale,"Adventure, Action, Fantasy, Romance",2024-05-08,16000000,5000,1517453
Jai Surya,"Action, Drama",2004-12-17,500000,500000,69440
Two lads have a seemingly normal walk together which abruptly goes wrong,,2022-01-20,2,12,978363
Aanai,"Action, Drama, Thriller",2005-05-05,500000,500000,69435
Presas Expostas,Horror,2023-02-08,10,10,1172745
All The Stars We Made,Science Fiction,2022-04-22,20,25,970009
Heterotop,"Comedy, Drama",2023-06-01,1000,10000,1172779
Ready O/R Knot,Romance,2021-04-01,1273890,657371,813208
Ordinary Succes,"Action, Horror, Comedy, Thriller, History",2024-10-27,23,16,1510470
THE GRRENHOUSE EFFECT,"Romance, Documentary, Adventure, Western, TV Movie, War",2023-08-14,666,3,1164726
Ding Jun Shan,"Drama, History",2005-02-23,100,100,962660
Lasleanu Mark - Las campanas del monasterio,Crime,2012-11-12,100000,10000000,1382391
Melody,Drama,2025-06-23,100,15,1502817
"Some Mercy, Maybe",Drama,2025-05-10,1,1,1519598
I'm Trying to Impress You,"Romance, Comedy",2016-06-04,2000,20000,659960
"University Student By Day, International Footballer By Night",Documentary,2018-12-23,1300,2000,1511180
Blink,"Drama, Mystery",2025-06-23,50,100,1503973
Dead Vision,"Horror, Comedy",2021-08-25,1500,1000,978071
Lily Chou-Chou LIVE U-Next 2023,Music,2023-10-21,1000,10000,1511199
The Cost Of Silence,Drama,2025-06-26,100,1,1510015
Kettlemans Forest,Horror,2013-11-02,500,10,1382272
THE DOT,,2017-08-29,1000,900,812867
Ekusher Chetonaa,,2017-02-17,100,100,812869
ESPERANZA,"Crime, Horror, Thriller, Mystery",2023-08-16,50,3150,1166652
Luckunnodu,"Comedy, Action",2017-01-26,9,15,440454
Come Forth Reverend,"Action, Thriller",2021-01-29,2,28,817809
Noah D'castellano - 2022 New York Fashion Week September,"Thriller, Documentary",2022-09-09,50000,100000,1377841
5 YEARS,"Drama, Science Fiction, Romance",2022-03-13,20,100,964260
CORNUCÓPIA,Documentary,2023-09-12,100,100,1177058
False Hydra,"Horror, Comedy, Thriller",2025-06-19,20,20,1516562
The Morrison Project,Comedy,2004-04-23,10,6,434780
The Way of All Pests,"Animation, Comedy",1941-02-28,59967,59967,442778
Move Me,Drama,2007-01-18,20000,900000,964097
Aún no es Hora,"Science Fiction, Mystery, Thriller",2023-10-29,604,767,1278587
DANCING NICOLAS CAGE THE MOVIE,"Music, Comedy",2022-04-22,5000000,457144,1516338
Across the blue line,"Thriller, Action, Crime",2025-06-28,5000,12000,1518778
Gorgeous In Action,"Action, Drama",2023-09-14,25,3,1380857
LIL WAYNE LIVE Rolling Loud Cali 2023,Music,2023-05-03,5000000,21325600,1516296
It Ends With A Knife,Horror,2020-06-19,10000,10000,964609
Fiasco,"Drama, Comedy",2025-06-18,15,28,1500242
Hunger,Drama,2023-05-24,1500,2000,1373291
Porchè,"Music, Fantasy, Documentary",2025-02-08,2,3,1513373
Everything about life sucks and is horrible.,Drama,2025-06-27,50,126,1513399
Fang,"Horror, Thriller",2012-08-20,4700,11000,435701
DJ BoBo - Mystorial - 25th Anniversary Tour,Music,2017-04-22,1000000,2000000,457053
Alles für Liebe,,2013-09-21,8500,11000,435757
"Water, Klimaat en Film",Documentary,1911-02-04,500,1,1180455
The New Workout Plan,"Comedy, Music",2009-12-25,1000000,2100000,1516799
Forza venite gente,Music,2007-04-11,1000,10000,959787
Nina,"Thriller, Drama",2023-08-06,30,45,1167114
A Family On Edge,"Adventure, Crime, Drama, Family, Romance, Thriller",2015-12-22,100000,200,427036
Der letzte Auftrag,"Music, Thriller",2014-10-05,7500,22000,435586
Yaariyan - An Incomplete Love Story,Music,2020-11-09,1000,5000,972248
Untitled Document,Comedy,2014-10-09,15,200,441736
A Regular Thing,"Comedy, Drama",1997-01-05,1,1,456619
Zigot N'abıyon Ya?,"Comedy, Thriller",2017-07-14,31000,69000000,1512162
The Coin,"Horror, Thriller",2024-02-28,5,24,1276324
Javea 3.0,Adventure,2012-08-12,1,1,959219
Where can I buy a mask?,Music,2020-02-09,2000,10,968251
Щенок и старая тапочка,Animation,1987-02-20,100,100,420397
"The David Robert Pollock Show: Fear God, Die And Be Forgotten","Horror, Comedy",2025-07-23,5000,5000,1516715
The Tournament That Will Change Football Forever,Documentary,2019-06-08,1300,1600,1512858
Troy - Çorum Version,"Drama, War, Romance",2006-01-03,35,18000,1512817
Civil War: Titunga (Wolf) vs DS | Keizen (Snake) - Pool 2 WR3,"Crime, War, Comedy",2019-07-13,1000,2000,1276074
Bellator 175: Rampage vs. King Mo 2,TV Movie,2017-03-31,1,1033113,450154
Így Élt Fazekas Mihály,"War, History, Animation, Comedy",2022-04-12,3,7,972802
Goddess,Documentary,2011-11-01,100,100,979954
Ik ging trouwen met Tung Tung Tung Sahur!!!!,"Romance, Drama, Thriller, Horror, Documentary",2025-05-21,200,241,1516728
Entering The Rainbow,"Romance, Drama, Thriller, Fantasy",2023-09-11,1000,20,1177383
Ride MT-274,"Crime, Thriller",2017-02-08,1000,1500,457762
Severance,"Thriller, Science Fiction, Drama",2022-02-18,20000000,200000000,1413024
Flygblad,"Drama, Documentary",2025-03-19,10,10,1450715
Return,Music,2023-10-04,8,10,1222627
Bully,Drama,2015-03-02,1000,14000,546183
ARE YOU SORRY?,"Drama, Thriller, Mystery",2021-11-09,250,15,896504
Bridgeport II: Retribution,Science Fiction,2024-09-25,700,300,1412561
The Travelers,Comedy,2024-12-25,650,108,1412564
The Forgotten Present,Family,2023-12-25,1,1,1222305
Szivacs,"Adventure, Family, Comedy",2024-08-08,5,5,1412755
Sudden Death,Horror,2021-11-07,8,8,895601
The Weeknd: Lollapalooza Brazil,"Music, Documentary",2017-03-26,100,100,895295
Sunday The 9th,"Horror, Thriller, Fantasy",2021-10-31,100,100,895290
The Weeknd - iHeartRadio Music Festival,,2017-09-22,100,100,895271
Tame Impala Live at Saturday Night,Music,2019-03-31,100,100,895259
Tame Impala - Radio 1’s Big Weekend,Music,2016-05-31,100,100,895250
Maroon 5 - Live In Bowery Ballroom,Music,2014-06-20,100,100,895243
Tu Hi Re,"Drama, Romance",2015-09-04,548240,940000,606050
Why Is the Sky Blue?,"Animation, Family, Music",2001-10-01,7027,7027,896236
A Way Out,Drama,2021-04-12,1,1,853631
Uhaw,"Family, Drama, Comedy, Thriller",2025-03-06,80,30,1449981
Reverie,"Drama, Thriller",2024-03-06,80,30,1449949
Babam Katil Değildi,"Drama, Crime",1966-09-01,100000,100000,851784
Keloğlan,,2018-09-07,100,30,608442
New York Masalı,"Romance, Comedy",2017-05-19,1,500,608439
Campaign Day,"Drama, Action, Mystery",2022-10-31,37,500,1254361
Privacy,Drama,2017-08-11,10000,100000,541732
Thana Sadar,,2021-09-17,470778,18,898000
Devil's Forest,"Horror, Documentary",2020-10-31,100,1000,1221976
Serpentine,"Horror, Science Fiction, Fantasy",2023-02-01,60,100,1253832
24: Redemption,"Action, Adventure, Crime, Drama, Thriller",2008-11-23,4,13593473,1452426
MORT THEORY: The Crimes of Mort,"Horror, Thriller, Fantasy",2021-07-27,22,21754,1253893
North Korea; Off-Piste,Documentary,2017-05-13,3000000,12000,898388
Mr. Overton,Documentary,2015-12-11,36000,1234,898377
Monster,"Drama, Crime",2019-10-17,3200,10000,892050
Dark RiDDle,Horror,2022-03-28,20,25,1250913
Shu Thayu?,"Comedy, Drama",2018-08-24,67000,2800000,553041
Joao Gabriel - Saga Peixe Limao A MORTE DE THOMAS EDISON,"Action, Adventure, Comedy",2023-03-26,60000,60000,1250788
The Man The Myth The Bellend,"Documentary, Comedy",2023-07-18,100,500,1226559
Last Time in Clerkenwell,Animation,2007-07-15,844,844,891680
The Royal Nightmare,Animation,2008-04-19,267,267,891687
Science Please! : The Wonderful World of Colour,Animation,1999-05-08,100270,100270,892749
Nanna & Lil' Puss Puss in 'Who Calcutta the Cheese',"Animation, Comedy",1993-07-13,15107,15107,892739
RedBull: Volta às aulas,,2023-10-16,30,30,1226043
Olivia's Cross,"Drama, Drama",2012-09-06,3000,3000,602940
In Retrospect,"Drama, Comedy, Romance",2021-10-28,20,2,890905
Ardin and Barray: A Found Footage Story,"Horror, Comedy",2018-05-12,15,30,601683
RUN,"Science Fiction, Action",2018-12-07,1000,1200,601507
What's Next?,"War, Documentary, Drama",2025-03-09,100,10,1445855
TrumpLand,"Documentary, War, Drama",2025-03-08,10,100,1445845
Fake Friends Episode Two: Parasocial Hell,Documentary,2018-08-11,1000,2000,602145
Leaving Wonderland,"Drama, Fantasy",2021-06-05,15,2,1251911
HEATWAVE,Action,2015-06-07,12,13,1224531
Karina,Documentary,2024-06-04,1000,1500,1448288
Flying Logos,Animation,1989-06-20,33,33,894973
Science Please! : The Wind,"Family, Animation",1998-02-03,3,3,895151
Inside the School,Horror,2023-10-20,50,5,1413853
Go! Go! Cory Carson: The Chrissy On Nicktoons,"Family, Animation, TV Movie",2023-12-28,400,200,1224180
Özleyiş,"Drama, Romance",1974-05-08,55000,100000,603843
Horror Making Of,Comedy,2022-11-02,50000,60000,1251404
Ishwaran Ki Adhbut Kahaniyan Chapter 2,"Horror, Thriller, Mystery",2022-10-07,25,17,1251417
Medium Shot,Comedy,2023-08-23,50000,60000,1251412
Can Ducks Fly?,"Horror, Mystery",2023-08-11,1000,3500,1414528
Shaolin Heroes,"Action, Drama, History",1979-08-03,6000,200000,550360
Mask,"Drama, Mystery",2005-09-26,10000,100000,550494
"La Drogue 2, Duel de Guimbarde",,2023-08-20,6000000,11780000,1414502
Soap,"Comedy, Drama",2015-05-30,10000,1,550818
LA LATINA,Horror,2025-01-01,4,40,1414702
Katyusha,Comedy,2018-09-27,10000,100000,550677
The Man,Action,2021-07-02,50,50,847257
Magical Mom,"Animation, Fantasy, Comedy",2018-06-17,2617,2617,531995
Ambasamuthiram Ambani,"Comedy, Romance",2010-07-02,400000,2000000,99105
Sadrah Poem Of Blood,Drama,2024-12-15,1483,3483,1407503
Human Comedy,"Comedy, Drama",2017-06-16,10000,10000,530388
Rebimboc 2,"Drama, Action, Adventure, Comedy, Thriller, Crime, Horror",2023-02-20,1000000,100000000,1215080
The Devil's Flower,Drama,2010-09-16,5000000,1865696,530732
Galician Heritage,"Documentary, History",2021-04-22,10,5,915334
My language in a nutshell,Documentary,2025-04-09,10,10,1461862
I'm relafucked,"Crime, Comedy",2019-04-19,20,5,915513
Amore Libero,"Romance, Comedy, Drama",2024-03-11,1000,1,1258232
Deformed Analog Personality,Documentary,2024-12-20,200,210,1406474
Kingdom of Heaven (Director's Cut),"Adventure, Drama, Action, History, War",2005-05-06,130000000,218100001,1405915
Transformers: Annihilation 2,"Action, Adventure, Animation, Drama",2024-12-14,1000,3000,1407301
Wrath of Briand,"Action, Crime, Thriller, Drama",2021-08-28,10,25,1214615
Writer's block,"Thriller, Drama",2021-03-27,100,5,914890
Serial Rabbit V: The Epic Hunt,"Comedy, Horror",2017-12-28,12000,24000,528328
De Mingorrubio al Congreso,Documentary,2021-11-20,10,5,914440
Lucas Chronicle,"Comedy, Action, Adventure, Science Fiction",2017-04-28,1167,8,538496
IUME (Atreverse a soñar),Science Fiction,2023-11-10,300,400,1455123
the SCRIPT,Comedy,2025-03-27,100,150,1455998
Apex Legends: The Movie,"Action, Science Fiction",2023-06-16,175000000,106460919,1219784
Nikki Bella Questions For Me,"Comedy, Family, Drama",2023-06-28,315,176,1220098
"Le rose, le bleu","Documentary, Drama",2024-01-29,100,100,1411091
The Birth of a Kiwi,Comedy,2023-04-14,20,50,1219975
DVS - Skate More,Documentary,2005-05-16,15,15,78249
A Tribute to Club Penguin,"Documentary, TV Movie",2020-10-24,1,1,850412
Khandan,"Drama, Music",1965-09-23,204099,408198,539411
Hafiz & Friends Recap: This Is Why We Can Have Nice Things,Music,2023-12-16,576749,689365,1219499
IRA,Drama,2018-09-23,1508,863,535127
Swayam krushi,Drama,2011-09-01,10,675,848750
Busurú,Drama,2023-12-07,750,12,1217333
Blithe Spirit,"Drama, Comedy, Romance, Horror, Mystery",2023-04-20,5000,6000,1216632
"Venice, the Menace!","Documentary, Family, Drama",2023-12-13,1000,100000,1217371
Fluminense Football Club - Centenário de uma Paixão,Documentary,2002-07-21,400,700,904854
Aperte Start,"Drama, Comedy",2021-09-22,100,100,906691
Det' jo løgn,Comedy,2010-03-22,10000,100000,77755
Rubber Horse FC - FSB RB: Final Match,Drama,2024-01-24,1,10,1237151
Three Brave Men,"Adventure, Action, Comedy, Fantasy, Romance",2023-07-02,30,10,1237130
刺杀发言人,Drama,2025-02-11,250,5,1432493
Modà: Come in un film,Music,2014-11-14,160000,1925000,1237432
Viva I Romantici: Il Sogno,"Music, Documentary",2011-11-22,50000,392000,1237379
Mugged Off II: The Muggening,,2024-11-24,2,4,1433152
Mugged Off,Drama,2023-11-02,1,2,1433146
"Beyond Somebody's Farewell, Probably","Action, Drama",2018-09-16,7888,9000,591229
A Outra Parte,"Thriller, Horror",2021-08-22,1,1,864539
Tut Chuka Hai Dil,Music,2024-01-24,100,100,1236731
The Dog Walker,,2018-11-11,50000,140000,591461
Queens of Combat Invade Supercon Night 1,"Drama, Action",2018-07-27,9068,14558,591132
Vídeo sobre o tédio,"Comedy, Documentary",2024-01-27,1,10,1236988
Lapofonia,"Documentary, History",2021-07-20,500,500,1244257
Nascido das Sombras,"Horror, Thriller",2011-11-12,1,1,865443
Köttfärs,"Drama, Comedy",2024-05-24,1,2,1424027
Um Dia de Fúria,"Music, Action, Animation",2020-10-31,500,500,1244236
快递,Documentary,2025-02-10,100,3,1431983
At the Mountains of Madness,Horror,2021-07-27,2000,12000,876254
Uncharted 4: A thief's End,"Action, Animation, Fantasy, Adventure",2016-05-10,250000000,1000000000,1431894
Indestructible: Afterlife,,2018-10-12,1500,1500,576134
Uncharted 2: Among Thieves,"Adventure, Action, Animation, Fantasy",2009-10-13,40000000,228000000,1431861
Uncharted: Drake's Fortune,"Action, Animation, Adventure, Fantasy",2007-11-19,20000000,150000000,1431873
Uncharted 3: Drake's Deception,"Action, Adventure, Animation, Fantasy",2011-11-01,200000000,600000000,1431867
Ithu Kollam,Music,2017-11-23,1000,1200,590034
Именины,Comedy,2004-06-07,600000,72500,576796
TJP Tokyo Joshi Pro '19,"Action, Drama",2019-01-04,5666,13322,592772
GRPW The Heart Of Gold,"Action, Drama",2018-12-08,5633,9886,592731
WWE Diva Diaries,"Action, Drama, Documentary, History",2007-11-29,17544,22343,592624
The Adventures of Hector Westwood: The Cult of Evil,"Adventure, Drama, Science Fiction",2018-04-01,10,13,572028
No Neck Joe,Animation,1991-03-10,86,86,880049
Bohurupi,"Thriller, Crime",2019-06-20,120,200,880230
O Plantio,,2025-01-23,5,5,1421964
The Tines Forest Cabaret,Documentary,2024-04-17,100,250,1433801
The Pastry Girl,"Drama, Romance",2002-02-08,10000,10000,44078
ROW Ladies Night Out 4,"Action, Drama",2018-11-17,4377,6555,591660
ROW Ladies Night Out II,"Action, Drama",2018-05-19,3944,8900,591659
ROW Ladies Night Out 3,"Action, Drama",2018-08-18,7888,9885,591658
The Foul Truth,Thriller,2019-06-02,4065,27096,878495
Goncharov,"Crime, Drama",1973-11-13,1900000,1800000,1434288
Goodnight Moon,"Mystery, Crime",2016-10-05,5,5,573041
Beyond Extreme Warfare Revenge,"Action, Drama",2018-12-16,2889,7785,592026
Nathalie: The first and last prom,"Horror, Drama, Comedy, Documentary",2024-01-26,2,1,1236224
WWR Adios Aurora,"Drama, Action",2017-10-08,8665,1122,592192
The Sholay Girl,"Action, Drama",2019-03-08,1000,1000,586776
At the end of the tunnel,"Thriller, Mystery, Adventure",2024-09-28,35,40,1425822
The Cabin,"Mystery, Action, Comedy, Crime, Family, Fantasy",2024-09-14,300,400,1425815
Агент Мамбо,"Crime, Comedy",2019-03-14,26500,94935,586511
Intrusion alert,"Science Fiction, Mystery",2024-10-16,10,15,1425844
The Greatest Culinary Failure in History,"Fantasy, Drama, Family, Comedy",2024-11-19,35,45,1425858
Murder in the frame,"Thriller, Crime, Drama, Mystery",2024-10-06,20,30,1425834
The Desk of Power,"Comedy, Drama, Family",2021-05-25,20,15,1425773
It was going so fast...,"Drama, Thriller",2024-10-13,15,20,1425797
WWR Widowmaker,"Drama, Drama",2019-02-23,11430,6000,587361
The Solution,Drama,2017-11-29,25,25,581796
Görsel,Documentary,2023-10-20,1500,2500,1428383
Castlevania,"Horror, Action, Adventure, Animation",2017-07-07,1200,1200,1242255
¡Muak!,Music,2024-04-04,450,450,1426506
Um Olhar Adolescente: Valorizo ou não?,Drama,2024-12-03,6,10,1426637
Pioneering Nevada's Basin and Range Trail,Documentary,2021-12-01,5000,5000,1242036
The First Cable Car of France - Urbex,"Documentary, Adventure",2024-09-03,55,70,1426411
Pesadelo de Vaskan - Parte 1,"Thriller, Drama",2018-06-08,100,200,870326
Las llaves de la memoria,Documentary,2016-10-11,50000,50000,586055
Emergency Intercom - Episode 180 (meet our interns w/ Quen and Larray),"Comedy, Horror, Drama",2025-01-31,20,125000,1427295
The Tickle Monster,"Horror, Crime",2023-10-20,1,1,1239092
Cartas,"Drama, Horror",2024-02-01,1,1,1238993
"GDL (GODS, THE DEAD, AND LOVERS)","Comedy, Drama",2024-11-20,100000,300000,1430359
Rangbaaz,"Action, Drama, Romance",2013-10-11,690000,1368000,578366
Kangaroo,Drama,1986-07-24,3300000,432266,42007
Worlds,"Drama, Thriller",2024-12-19,120,10,1430642
BCW Queen Of The North,"Action, Drama",2019-01-18,6422,5611,587897
Wh(ai)te Dream,"Science Fiction, Mystery",2025-02-04,200,10,1428918
Making Milk,"Action, Comedy, Crime, Documentary, Drama, Mystery",2016-06-01,5,75,587634
Bar Wrestling,"Action, Drama",2017-06-08,4522,11232,588213
Queens Of Combat QOC 16,"Action, Drama",2016-11-27,8658,12311,587989
Queens Of Combat QOC 15,"Action, Drama",2016-09-17,9728,11431,587985
Queens Of Combat QOC 14,"Drama, Action",2016-09-16,8295,10999,587983
Queens Of Combat QOC 13,"Action, Drama",2016-08-06,8911,11911,587982
Queens Of Combat QOC 12,"Action, Drama",2016-05-22,13230,13230,587980
Queens Of Combat QOC 11,"Action, Drama",2016-05-26,9468,11232,587979
Queens Of Combat QOC 17,"Action, Drama",2017-02-18,7140,11232,587991
Queens Of Combat QOC 25,"Action, Drama",2018-05-19,9990,11221,588007
Queens Of Combat QOC 24,"Action, Drama",2018-10-23,6975,8777,588005
Queens Of Combat QOC 23,"Drama, Action",2018-03-24,11475,11475,588003
Queens Of Combat QOC 18,"Drama, Action",2017-02-18,13884,13884,587993
Queens Of Combat QOC 22,"Action, Drama",2018-03-23,6722,8999,588002
Queens Of Combat QOC 20,"Action, Drama",2018-01-20,5460,7665,587995
Queens Of Combat QOC 10,"Action, Drama",2016-04-01,8880,9866,587976
Queens of Combat QOC 9,"Action, Drama",2016-03-19,4704,7786,587973
Queens of Combat QOC 8,"Action, Drama",2016-03-18,4740,5000,587972
Queens Of Combat QOC 7,"Action, Drama",2015-11-29,7770,8754,587966
Queens Of Combat  6,"Action, Drama",2015-06-14,5550,7811,587965
Queens Of Combat 5,"Action, Drama",2015-06-13,6438,7666,587964
Queens Of Combat  QOC 4,"Action, Drama",2015-03-14,2997,4997,587963
Queens Of Combat QOC 26 Heir To The Throne,Action,2018-10-08,8222,12342,588011
Police car 1867,"Documentary, Horror, Drama",2024-11-23,200,200,1429473
Ice Ribbon New Ice Ribbon #902 ~ Ryogoku KFC Ribbon,"Action, Drama",2018-08-05,6755,15332,598847
Stardom 7th Anniversary,"Action, Drama",2018-01-21,7657,23233,598858
Sendai Girls Joshi Puroresu Big Show In Osaka,"Action, Drama",2017-12-02,7644,16554,598857
Oz Academy,"Action, Drama",2017-10-15,7665,134444,598852
Smash CANUSA Classic,"Action, Drama",2017-12-03,3330,11233,598899
Bar Wrestling 17 Not Bad For Tourists,"Action, Drama",2018-08-23,8744,18443,598846
Rhino Horn,"Drama, Crime, Thriller",2018-01-31,10000,100000,559926
Free Fire Índia.,"Action, Drama, Comedy",1998-01-05,10000,1000,1418153
WSU 8th Anniversary Show,"Drama, Action",2015-02-21,5677,8966,598837
WSU The Final Chapter,"Action, Drama",2011-01-22,6754,11870,598841
WSU Mutiny,"Drama, Action",2014-02-08,4355,8532,598838
Women's Wrestling Revolution WWR Five Year Plan,"Drama, Action",2018-01-28,5223,16444,598900
The Ballad of Sheep 13,Animation,2004-08-16,905,905,887577
WWR All Day,,2018-05-27,8877,19888,598914
WWR From The Pinnacle To The Pit,,2018-03-25,7334,14553,598906
Stardom Cinderella Tournament,Action,2015-04-23,7334,15666,598905
Stardom Dream Slam In Osaka,,2018-03-31,5644,18445,598904
The Life and Times of Jimmy Derekson Volume Three,Documentary,2016-03-11,10000,100,1229874
A solution that pleases all.,Drama,1986-01-01,18000,20000,1418175
Dante's Shadow of Sin,Horror,2021-10-16,50,50,887318
The Revenge,"Drama, Crime, Adventure, Action",2025-01-31,600000,2400000,1439884
Killing Poe,"Comedy, Horror",2016-06-18,200000,2500000,597185
BrazzersS,"Action, TV Movie",2024-02-21,100,100,1248320
Highway to Hell,"Crime, Action",2024-01-13,5,1,1230761
"Get Up, Stand Up","Documentary, War, Music",2025-02-27,10,10,1440772
Vidhi: The Revolution,"History, Drama",2023-04-28,14480100,49835677,1230865
Days of Giants,"Documentary, Adventure, Thriller",2024-01-07,3000,50,1230881
Who’s Watching Who?,"Comedy, Drama",2025-02-13,30,300,1440649
Reborn,Comedy,2022-09-01,2,3,1228598
Kung Food,"Animation, Family",2018-08-17,20000000,1197984,557499
Mi Pana Miguel 2: La Isla y la invasión Panafresca,"Adventure, Science Fiction, Fantasy, Comedy, Action",2022-04-21,100000,200000,1416555
Sheyda,"Drama, War, Romance",1999-10-23,10000,100000,555951
Mi Pana Miguel: La Película,"Action, Comedy, Drama",2020-08-20,100000000,700000000,1416541
Martin,"Drama, Family, History, Music",2025-01-01,103000000,210000000,1416532
jansankhya,Drama,2021-02-12,600000,1000000,890135
Cough Medicine,"Action, Comedy",2023-12-01,25,1000,1249827
Dinner as a couple,Comedy,2022-12-07,50000,60000,1249919
"Ay, Juancito",Drama,2004-06-10,2800000,17159458,600046
Say_Leo,"Drama, Thriller",2008-12-11,2000000,75778,559009
WWR Tournament For Tomorrow 2018,"Drama, Action",2018-12-30,4432,55647,599290
GWF Women's Wrestling Revolution 9: Let The Hunt Begin,"Action, Drama",2018-09-08,4355,46554,599285
GWF. Women Wrestling Revolution 10,"Action, Drama",2018-12-08,8877,45332,599284
SEXTA-FEIRA PRIMEIRA (HAHAHAHA),"Horror, Drama",2024-11-03,100,1000000,1442691
Bar Wrestling 20: Ain't My First Rodeo Drive!,"Action, Drama",2018-10-03,8776,43327,599280
Stardom New Years Stars  Tag 2,"Action, Drama",2019-01-03,7765,33214,599279
WSU Uncensored Rumble 6,,2013-08-01,8998,16554,599036
Super headphones | אוזניות תלת מימדיות,"Animation, Family",2021-07-04,150000,178000,859016
WSU First Annual Uncensored Rumble,,2008-04-20,8766,21334,599061
WSU Excellence,,2009-10-03,7655,19009,599059
GWF Women's Wrestling Revolution 5,"Action, Drama",2017-09-02,7766,111123,599260
Resistance/Girl Fight Chapter III: Death Becomes Her Female Deathmatch Tournament,"Action, Drama",2018-06-30,5567,13224,599257
GWF Women Wrestling Revolution 6,"Action, Drama",2017-12-09,7765,22344,599254
PWWA All Womens Wrestling,"Drama, Action",2011-09-03,8876,126667,599252
WOW Women Of Warriors,"Action, Drama",2017-04-08,7789,18990,599251
Women Of Warriors VI,"Action, Drama",2018-08-11,2334,134425,599249
GWF Women's Wrestling Revolution 7,"Action, Drama",2018-03-03,78888,456678,599248
GWF Women's Wrestling Revolution 1,"Drama, Action",2016-03-09,15666,443567,599247
PWWA Champions United,"Action, Drama",2013-08-03,8876,33421,599244
"EVE Riot, Grrrls!","Action, Drama",2018-08-11,4356,33221,599242
GWF Women's Wrestling Revolution 8: All Eyes On Us,"Action, Drama",2018-05-04,7766,33245,599262
Women Of Warriors IV,"Drama, Action",2018-02-10,5667,23442,599265
Stardom New Year Stars Day 1,"Drama, Action",2019-01-02,6754,22342,599278
Girl Fight Wrestling 14,"Action, Drama",2016-10-20,6654,14332,599277
Stardom New Years Stars  Tag 3 (Evening Show),"Drama, Action",2019-01-05,5564,44355,599276
GWF Women's Wrestling Revolution 4,"Action, Drama",2017-06-03,6675,13442,599274
Women Of Warriors III,"Action, Drama",2017-10-07,6777,23444,599266
Bar Wrestling 28: The Best City I've Ever Been To,"Action, Drama",2019-01-16,8223,44532,599271
Bar Wrestling 26: Mistletoe Can Be Deadly If You Eat It,"Action, Drama",2018-12-19,5664,55434,599269
Bar Wrestling 25: We're All Mad Here,"Action, Drama",2018-12-05,5644,44564,599268
WOW Women Of Warriors II,"Action, Drama",2017-06-09,4523,11232,599267
EVE Special Edition,"Action, Drama",2012-07-14,9987,22455,599241
EVE The Sequel,,2010-10-16,9998,44328,599240
EVE Debut Show,,2010-05-08,3889,15666,599221
EVE Let's Make History!,,2016-03-20,6778,14776,599223
EVE No Man's Land,,2012-02-18,8990,17886,599224
EVE Championship Tournament - Day 2,,2011-04-09,9987,44533,599230
EVE A Night At The Resistance,,2017-02-18,8865,22343,599227
Stereoblood,Thriller,2002-11-13,1500000,139622,558103
The Ultimate Tally Hall Documentary,"Documentary, Music",2021-08-04,1,1,858358
Hostility,"Action, Comedy, Crime",2015-12-02,10,100,558609
Sin Tu Permiso: Nosotras en la escena Hardcore y Punk Estatal,"Documentary, Music",2020-10-23,2329,6266,888323
Vaghti hame Khab boodand,Drama,2006-11-01,10000,100000,558446
The Bear,"Comedy, Drama",2022-06-23,20000000,20000000,1233925
Not Your Baby,Music,2023-12-25,20,19,1234035
Girl Fight Wrestling 11,"Action, Drama",2016-05-04,3444,9887,594791
Venice 2024 Journey Australia,"Adventure, Family, TV Movie",2024-01-19,10000,10000,1233674
The Yard Council,"Comedy, Crime",2021-08-05,155,443,882201
The Buskerteer,"Drama, Music",2025-02-20,150,500,1437371
Creepy (You're Better-Off Knowing),Drama,2023-09-18,30000,10000,1234711
Racket Slingers,"Comedy, Family",2018-12-17,3000,3000,593709
Wall-E,"Animation, Comedy, Drama, Adventure",2008-06-27,180000000,521311860,1234845
Malvinas: Stories of Betrayals,"Documentary, War, Drama",1984-09-06,20000,50000,863188
Elton John: Love Songs,Music,1995-11-06,276000,13341855,570070
Chérie,Drama,2025-02-16,25,25,1435714
Delusions of Heroism,"Horror, Comedy",2022-06-22,2,2,1436367
A Devilish Taste,"Horror, Comedy",2025-02-17,30,62,1436295
Fixation,"Horror, Drama, Thriller",2022-08-31,80000,21000,881212
The Short Report With Sabrina Carpenter,Comedy,2025-02-11,2500,10000,1436438
The Story of Martin Luther,"Animation, History",2017-11-03,103,103,881152
BIGFEET,"Drama, Comedy, Adventure, Fantasy",2023-03-30,100,1,1439666
Palakadu,"Drama, Comedy, Action",2022-03-18,7241634,25707800,1231746
Swifterbant FunkyTown,"Action, Music",2024-06-21,5223237,1764636,1437699
Jackass The TV Movie,"Comedy, Action, Documentary",2000-04-12,10000,2000000,1232649
"Estremecer, Lejos de ti.","Horror, Thriller, Mystery",2018-06-04,10000,10000,883927
Shororipu 1,"Horror, Mystery, Crime, Thriller",2016-06-17,75000,80000,883428
Koh kood,"Adventure, Documentary, TV Movie, Drama",2023-10-01,20000,20000,1193811
Dindon Sauvage (La dinde noire),Horror,2016-04-01,1,720,830358
The It's Pinky Movie,,2001-11-13,1000,2000,1485184
The Rise Of Serio,"Documentary, Music, Drama, History",2010-01-19,97000,1300000,1194029
The revenge: the betrayal 2,"Thriller, Horror",2023-07-21,5,30,1194067
Un día en la plaza,Science Fiction,2023-10-09,100,100,1193596
VENUM,"Documentary, Drama",2023-10-01,50000,70000,1194763
And There Was Love,"Thriller, Drama",1974-11-11,63889,393786,488348
Flowers,Drama,2017-11-01,48,104,941196
Sityodtong Training Camp,"Documentary, Drama",2023-10-11,50000,50000,1194800
OROBORO,Drama,2022-02-18,1,1,940716
Se um Dia me Faltarem as Palavras,Documentary,2017-11-23,1000,10000,488773
Blazed,"Thriller, Mystery, Music, Horror, Drama, Crime, Action",2009-11-24,13000,230000,1194311
Gansterism Part 3,"Documentary, Music, Drama, History",2011-04-20,120000,3700000,1194357
Bruises Behind Closed Doors,"Drama, Family",2024-03-01,37,151,1268129
Una Fabula Muy Trillada: The Legacy Of Dermis Tatú,"Music, Documentary",2017-10-21,5000,10000,482821
Espacio Vital,Documentary,2023-09-09,3000,3000,1391457
The Food World,"Family, Comedy",2018-02-21,200,200,483221
Masters Of Time,Science Fiction,2025-03-01,30,150,1488371
Demain dès L'Aube,Drama,2024-04-07,5,2,1269669
Omniac,Documentary,2023-12-05,50,50,1391235
Glitch,Science Fiction,2023-10-16,40,40,1191788
Anxiety's Calling,Drama,2022-02-25,1,1,944301
Republic of Dreams,"Drama, Fantasy, Comedy",2015-02-19,4000,3000,484288
The Hariga Movie,,2001-06-05,200,291,1487037
"Dracula, The Monster","Horror, Drama",2023-10-10,1300,200,1192676
Ang Panday,"Family, Action, Adventure",2017-12-25,5084000,10449798,494971
La muerte y el leñador,Drama,1963-05-03,5000,10000,937251
Where Got Ghost?,"Comedy, Horror",2009-08-13,782640,2499412,73644
AGONY,"Science Fiction, Action, Drama, Adventure",2022-09-14,16,5,1197209
Não Faça Isso Comigo,,2019-07-19,5000,40000,634493
Elshan's defense,"Documentary, Comedy, Action",2023-01-20,31,69,1266026
Brebis,Drama,2024-10-24,1000,4000,1479913
Cig Fag Smoke,Drama,2024-12-01,5,5,1396037
Hitched,"Horror, Thriller, Romance",2020-11-20,50,50,833803
When I Grow Up,Drama,1951-04-19,50000,100000,496672
Saya e Khuda e Zuljalal,"Action, Drama, History, War",2016-12-16,543000,181000,495429
The Key Within,"Fantasy, Horror, Thriller",2023-10-27,100,1000,1198245
Marche avec moi,"Comedy, Drama",2015-01-10,10000,300,495778
Big Apple,,2002-01-01,2,1,831662
El Sueño de Sullivan,"Comedy, Action",2024-11-26,200,50,1394047
Tall Tales: The Ireland of Orson Welles,"Documentary, History",2021-10-17,400,1200,1195826
Mock Week 2: The Finale,"Documentary, Drama, Thriller",2022-02-11,12,1,940010
The Fright Before Christmas,Thriller,2021-12-23,10,1,939592
VOCÊ É O PRÓXIMO,"Comedy, Crime, Mystery",2024-11-20,1,1,1394121
Buhusan,"Drama, Family",2025-04-07,232,537,1482201
The Big Sleaze,"Comedy, Action",2010-06-28,5000,1000,492413
Mohey,"Drama, Mystery, Thriller",2017-12-02,10000,90000,491671
Expedition Conquest,"Action, Adventure, Comedy",2016-05-31,20,20,645904
White or Black,"Action, Crime, Drama",2016-10-18,360,360,645536
The Dog of Sarandi Alley,"Horror, Mystery, Crime",2021-07-14,5,4,1493908
Lamia,Horror,2017-11-06,100,100,951552
The Tub,Drama,2018-11-14,100,100,951572
A Means To An End,Drama,2019-01-25,30,30,951560
Somnium,Thriller,2018-09-13,300,300,951554
Party of One,Mystery,2022-03-20,400,2,952662
Confined,Drama,2019-04-16,100,100,952251
Realm,Thriller,2019-07-19,100,100,952255
Birth,Science Fiction,2020-06-03,100,100,952260
Souvenir,Drama,2022-01-26,100,100,952273
Headland,Drama,2021-08-12,100,100,952271
Sink,Drama,2020-09-12,100,100,952268
Intruder,Thriller,2019-11-13,100,100,952265
Krisis,"Drama, Horror, War, Family",2016-02-12,5000,4500,470756
Saint Joseph,Drama,2021-04-30,500,20,824851
Granite Jaw,Drama,2021-10-18,20,20,950652
A Special Day,Drama,2017-08-05,150000,60000,473191
Becoming,Thriller,2017-09-26,2,2,950647
Reverb,"Horror, Thriller",2014-12-20,4000,1000,473570
نساء من ذهب,"Thriller, Crime, Action",1967-09-03,15000,55000,473715
Cough Medicine,"Comedy, Action",2023-12-01,25,1000,1272305
The Childhood of Icarus,"Drama, Science Fiction, Thriller",2010-12-16,1500000,1493,120512
Sulung,"Drama, Family",2023-12-25,100,100,1496315
What Did You Do?,"Comedy, Drama, Action",2022-03-22,20,1,953763
The Garage AxeMan,Thriller,2021-06-23,100,1000,1185062
The Door,Thriller,2023-02-04,10,100,1185066
Seeking Nirvana,"Comedy, Drama",2012-05-03,20,20,467816
Loira do banheiro,"Horror, Comedy",2024-11-11,1,1,1386451
Lines of Glory,Comedy,2009-12-05,1,1,467804
180 Seconds,Drama,2017-02-17,1,1,467806
Premrog,"Romance, Drama, Action",2007-05-31,12000,15000,822788
Guinness Guru,"Drama, Thriller, Comedy, Horror",2022-01-22,12000000,342322,953948
Nabab Nandini,"Action, Romance",2007-01-25,47000,120000,823422
Beached,Drama,2009-06-05,41703,41703,823471
La Bête du Gévaudan,"Comedy, Horror, Action, Adventure",2023-05-06,5,20,1495188
Thanatophobia,"Thriller, Horror",2017-05-23,5,300,469971
Girls,,2007-02-02,50,60,121735
"Red Nose, Black Heart",,2010-10-25,100,8000,122392
Cine de Emboscada,Documentary,2017-06-26,200,200,468517
The Traveler,"Action, Adventure, Science Fiction",2019-11-12,11354,11461,647225
Mon Mane Na,,1993-01-01,1000000,500000,947407
Hungama,Comedy,2006-01-01,180,190,947395
The Murderer of the Night,"Horror, Thriller",1980-01-01,55000,100000,642133
Lonely Souls,"Animation, Fantasy",2021-12-08,500,1000,947086
TikTok Rizz Party,"Drama, Comedy",2024-04-01,250000000,3000000000,1270893
Creo que vi muchas películas de terror.,"Horror, Comedy",2023-10-14,10,50,1189805
جمعية الرفق بالانسان,Drama,1984-07-19,2,55,1270875
VYBE: The Last Note,"Documentary, Comedy",2025-05-29,15000,21500000,1490314
Cheap Drink,Comedy,2023-10-14,8031,500,1191130
PERIPATETIC,"Thriller, Drama",2021-10-31,1,1,945635
SIRBU E BUGHI,Documentary,2025-05-27,10,12,1488453
The Children of Genghis,"Adventure, Family",2017-06-30,1200000,806000,479750
I'm Still Here,Drama,2022-01-25,1000,5000,946261
DIES MIRABILIS,Comedy,2024-10-09,100,150,1489232
Sarigama,"Family, Music, Romance",2016-10-30,150000,500000,475631
"If Only, If Only","Comedy, Adventure",2011-05-12,6000000,3000,825200
Good Vibes,"Comedy, Romance",2011-01-13,3000,600,1389433
Nawasena,"Drama, Family",2025-04-24,245,100,1491018
Barbet : L'Homme de la situation,"Thriller, Action",2012-08-25,750000,1500000,118784
翠岗红旗,"Drama, War",1951-08-08,100000,100000,948872
Amod Faqrey,"Comedy, Family",2016-10-26,450000,900000,622578
הנמר מרמת ישי,"Documentary, Comedy",2025-04-22,4,5,1468884
Gurbet,"Drama, Romance",1959-05-02,55000,100000,921976
Spawn The Director's Cut,"Science Fiction, Action, Adventure, Horror",1997-04-20,40,87,1467766
Bar Wrestling 4: Autumn In LA,"Action, Drama",2017-07-09,9088,6744,518351
Bar Wrestling 6: Head Of Household,"Drama, Action",2017-09-11,9811,5889,518362
Bar Wrestling 7: A Christmas Special,"Drama, Action",2017-12-14,6555,9089,518371
Barbaros Hayrettin Paşa,"Drama, War, History",1951-01-01,75000,100000,921543
Indahnya Pesonamu,"Music, Romance",2023-05-24,642,32,1208885
Bar Wrestling 8: Happily Ever After,"Action, Drama",2018-01-18,8996,5887,518375
Edi İle Büdü,Comedy,1953-01-01,75000,100000,921563
Whistle,"Horror, Crime, Thriller, Fantasy",2015-09-01,25,25,518076
Hidden Agenda,Drama,2021-11-27,28209,2820,921693
Linqi：Decision,TV Movie,1983-04-21,50000,50000,1468172
dgffgb,Fantasy,2018-04-10,100,10,517278
Drive In,"Romance, Drama, Comedy",2024-03-19,1000,1,1261351
Bhai Log : All About Nation,,2011-08-31,50000,25000,624951
TIẾNG GỌI NƠI HOANG DÃ,"Action, Family",2020-02-05,1000,2000,925736
Rando’s story,"Documentary, Drama",2024-03-19,3000,3750,1261526
051811-701 無碼 童貞狩り,Romance,2011-05-18,10,10,1401498
Gol Chakkar,"Comedy, Drama",2012-10-30,350000,71000,624609
Chambaili : The Fragrance of Freedom,"Crime, Drama, Thriller",2013-04-26,85000,140000,624074
Memorándum,"Documentary, Drama",2017-09-14,1000,4500,515244
The Lies We Tell But the Secrets We Keep Part 3,"Action, Adventure, Crime, Drama",2014-09-22,25000,25000,623345
Çıldırtan Kadın,Crime,1978-01-01,55000,105000,840477
Metal Strings,"Documentary, Music, History",2024-05-05,700,10,1469993
Renato Gaucho e o Homem das Calças Erguidas,"Horror, Comedy, Thriller",2022-12-18,100,200,1464339
Silenciada,"Thriller, Drama, Crime",2021-06-10,200,10,844017
Mashdi Ebad,"Comedy, Music, Romance",1953-05-09,1000000,10000000,523271
The Lady of Dershley Street 2: Clicks in the Darkness,Horror,2024-08-13,100,100,1405233
How to Make a Sandwich,"Horror, Documentary",2020-08-30,1,1,844213
The Farm,"Horror, Comedy",2023-12-01,5,1000000,1211602
Associates,"Action, Mystery",2021-11-13,150,500,918764
Dusk & Demitasse,"Adventure, Comedy",2017-01-04,448,1000,918746
Engineering Eternity,"Science Fiction, Family, Romance",2021-11-13,1850,9475,918549
My Dear Spectre,"Romance, Drama",2021-11-13,500,1,918542
New Old Story,Comedy,2018-04-25,100000,100,524435
A Short Film About Impotence,,2018-05-10,500,2,525049
IPZZ_076_専属第2弾 エッチなSEX 4回もしちゃった 初体験4本番全6コーナー！！ さくらわかな,Action,2023-12-08,100,200,1212090
After Hours,Horror,2015-04-25,15,175,618187
Internal Bleeding,"Comedy, Thriller",2024-02-05,24,70,1403534
The Real Chainsaw Massacre,"Documentary, Crime",2014-08-31,100,100,519918
Zack Snyder’s Shark Tale,"Comedy, Action, Animation, Adventure",2024-03-17,150,270000000,1260544
CON[SUMO],Documentary,2020-06-26,10,500,841941
"U2 – Live At Johannesburg Stadium, South Africa, 1998",Music,2011-01-01,250000,850000,1467324
Is the DFB-Pokal the Best Cup Competition in the World?,Documentary,2019-10-27,10000,12000,1466868
The Reality of #VanLife,Documentary,2018-08-12,127,7500,621468
A Crocodile Who Lived for 100 Days,"Animation, Drama",2021-07-09,1831837,293094,843250
The 13th Alley,Horror,2008-06-13,150,250,102308
RAÍCES,Drama,2024-12-06,400,1200,1404537
Lost,Romance,2015-11-20,61,103,919773
Majaz: Ae Gham-e-Dil Kya Karun,"Drama, Romance",2017-01-20,25,2,502524
Tingles,Drama,2007-10-26,7,8,74372
Zabih,Drama,1975-02-02,15000,1500000,502372
İnatçı Gelin,"Drama, Romance, Comedy",1965-12-14,55000,105000,835559
As the Streets Fell Silent,Mystery,2019-10-01,5,5,1398120
Ah Girls Go Army,"Comedy, Drama",2022-02-01,1428000,1785000,931176
JUNK,,2025-05-09,100,100,1475728
Time Thieves,Drama,2020-12-11,2,1,836319
La señora Haidi,Horror,2017-03-15,1000000,8468,629380
Antisex,"Drama, Comedy, Romance",2008-11-27,2000000,82827,74498
Meldingen,Thriller,2021-04-02,1400,100,834638
Eski Açık Sarı Desene,Documentary,2003-10-10,100000,130392,73950
Batman: The Animated Series - Secrets of the Caped Crusader,,1992-09-01,1000000,1000000,498469
"Aquí Sigo, Aquí Seguiré","Documentary, Drama",2022-02-04,10,10,934972
Meldingen,Thriller,2021-04-04,1500,300,834646
180,Thriller,2023-09-11,150,150,1265236
The Message,Thriller,2021-04-04,1500,300,834648
Depois do Arrebatamento,Drama,2025-05-03,50,100,1478829
Forsaj 10,"Action, Drama, Crime",2021-04-01,1000,1345,934663
Street Hoopz,"Action, Crime, Drama",2017-12-22,50000,564000,497702
CORTOCIRCUITO,"Comedy, Adventure",2025-05-11,200,200,1479387
Kuyruklu Yıldız Altında Bir İzdivaç,Comedy,1987-07-08,1000,1000,933658
1976: O Ano da Invasão Corinthiana,Documentary,2016-09-29,30000,200000,500451
The Golden Cage,"Romance, Drama",1958-01-23,55000,100000,500431
Jane Blonde DD7,"Comedy, Action, Romance",2006-01-02,5,15,835344
The Reflection,"Drama, Horror, Thriller",2018-08-27,20,1500,630858
Pensamientos de papel,Drama,2017-12-20,45,45,501128
The Hoff Twins,Documentary,2021-05-27,1000,12000,1478432
Premortem,"Drama, Thriller",2019-08-22,20,1500,631638
Incontiencia,"Comedy, Drama",2024-08-31,10,11,1397016
Making Bacon Fest,"Comedy, Documentary",2024-03-19,20,400,1262415
Seconds,"Horror, Drama",2021-01-31,1,1,1204695
Drifting,"Drama, Mystery",2021-08-31,1,1,1204700
Where The Sun Rises,"Drama, Romance",2022-01-01,1,1,1204701
The Man Out Back,"Drama, Romance",2023-01-11,1,1,1204724
1989,Drama,2023-05-01,1,1,1204730
Closer Now,Drama,2023-11-10,1,1,1204732
The Infernal Litterio,Comedy,2007-07-22,10,100,1204741
Parole,"Drama, Crime",2015-03-09,15000,50000,510304
Bai he hua,War,1981-07-01,100,554,927215
Capitán América: Una Loca Guerra Civil,"Comedy, Adventure, Action, Science Fiction",2018-07-06,100,10000,927197
Time-lapse of a Nut,Documentary,2021-06-08,1,64,838324
Rules of the Game,"Adventure, Mystery",2018-02-24,500,1100,626830
Juna,"Drama, Science Fiction",2018-03-20,200,200,508713
"From My Window, Without a Home",Drama,2006-03-17,1000000,300000,509244
Variations,"Thriller, Action, Drama",2024-03-19,500,1,1261864
The Dirt on Soap,"Animation, Family",2000-01-01,2883,2883,511498
The Flash,"Action, Crime, Science Fiction, Drama",2022-10-05,20,20,1401184
Revenge of the Great Pumpkin,"Horror, Comedy",2020-10-31,5,5,925988
Star Wars: The Clone Wars,"Action, Adventure, Animation",2008-10-25,2,68,1205833
My MMXX,Documentary,2021-06-10,1,1,839160
The Arrival of the Ninety-nine at Musqueam,Documentary,2023-11-14,15,20,1205291
The Alien Hand 2,,2024-09-07,5,58,1400701
STRUTH! Full Cream - behind the scenes,"Music, Documentary",2024-03-20,1,1,1262077
Le thé de Tante Apòlline,"Comedy, Family",2020-05-06,10,500,837434
The Story of GD's Most Mysterious Level,Documentary,2022-12-29,2500,6000,1474551
The Abandoned School,"Horror, Thriller",2014-05-18,5,10,930087
Pazzo - A Short Film,"Thriller, Horror",2023-07-25,3000,200,1263254
Scenes From Tuesday,"Drama, Thriller, Crime",2023-11-07,35,20,1202728
Pattaya Explicit,"Comedy, Drama, Documentary",2023-11-09,10000,10000,1202560
The Dark Days of Demetrius,Horror,2019-09-23,10000,100000,628637
Zor,"Action, Drama, Thriller",1998-02-13,20000,30000,505927
Felicity Land,"Drama, Family",2011-05-16,100000,2000000,505514
Booye Gandom,"Crime, Drama",2010-02-16,15000,2000000,505519
The Plague,"Action, Crime",2019-06-13,5,1,838099
Girl Under the Ketapang Tree,"Crime, Comedy, Science Fiction",2000-07-01,200,5230,627222
Cult Affairs,Horror,2021-02-20,2500,6500,838237
V/H/S  - early new years eve,,2023-11-10,4,19,1204169
Alpviram,,2009-05-12,70000,75000,507129
Khaltoor,"Comedy, Crime",2018-02-22,15000,100000000,506972
春,"Drama, Romance",1942-01-01,100,100,1061979
Crime Buddies,"Crime, Action",2019-09-26,80,1,1593391
Failed By The Bell,"Comedy, Thriller, Family",2023-05-17,1,9000,1129899
The Unanswered Question V : The Twentieth Century Crisis,"Documentary, Music",1976-01-11,1000,2000,1129563
The Unanswered Question VI : The Poetry of Earth,"Documentary, Music",1976-01-11,1000,2000,1129566
Gus Bus: The Movie,,2018-08-22,15,30,703443
عقلي,Drama,2018-12-11,15,10,703348
Bareilly Ki Barfi,"Comedy, Romance",2017-08-18,2396334,5990835,1298885
Vienna Glamour: Paulie(s) from St. Pauli,Comedy,2022-09-08,100,100,1022364
Kundi,"Action, Comedy",2025-02-28,10000,120000,1557595
Moonshine,"Horror, Drama, Thriller",2022-10-03,100,1,1062040
cocktail,"Thriller, Action",2023-02-24,5000,5000,1094906
Baldi's Basic's,"Horror, Thriller",2023-12-23,1000,1000,1314756
Harry Houdini,"Drama, Fantasy, Comedy",2024-05-24,50,200,1299536
Hey you!,"Drama, Crime, Comedy",2018-08-01,5000,5000,1061412
Un giorno qualunque,"Drama, War",2015-01-23,500,1000,1061401
Afligimento,,2023-03-04,10,10,1095237
The Alien,"Thriller, Drama, Romance",2019-06-07,300,400,1558414
Coulrophobia,Horror,2015-05-31,750,400,342724
Milk,Comedy,2023-01-09,3,20,1129096
Ninnu Choodalani,"Romance, Drama",2001-05-23,77376,154751,342799
Adam Toland: The Demo Reel,"Comedy, Drama",2024-05-31,1,10,1298259
The Gator,,2023-05-11,133,140,1131787
Undercover Rascals,"Action, Comedy, Drama",2010-10-28,3300,4456,1020735
The Waris: La Cosecha de las Malas Siembras (En Vivo),"Documentary, Music",2025-09-20,6000,1000,1556085
"El Lenguaje en la roca.. Arte rupestre en Cundinamarca, parte II. El monolito panche",Documentary,2023-02-27,200,200,1094128
Synaptic,"Horror, Thriller",2023-04-05,100,100,1093787
In My Lonesome Ep. 4,"Mystery, Documentary",2020-06-21,15,69,1020254
Vacancy,"Mystery, Comedy",2018-05-26,1000000,903400045,1020253
The Parmesan Thieves,"Crime, Comedy, Drama",2017-11-14,3,800000,1020249
III,"Mystery, Horror",2021-11-02,1,3,1020266
II,"Mystery, Horror",2021-09-09,1,2,1020264
I,"Mystery, Horror",2021-09-09,1,2,1020263
This Video is Nuts.,"Mystery, Fantasy, Comedy",2020-08-01,1,69420,1020261
Matt Davis - Dans le cockpit,"Comedy, TV Movie",2025-09-26,25,1,1555324
Perros de Guerra,"Action, Comedy, Crime",2025-09-17,480,100,1555636
Don’t Play with Cucumbers,"Comedy, Drama",2013-04-02,230000,500000,1594536
Evil Intent,Thriller,2010-12-01,2000,10454,348797
Karl,Drama,2014-01-01,7000,200,346333
The Miracle Man,Drama,1919-08-26,120000,3600000,278093
Yo Dividido,"Thriller, Drama",2016-04-20,2112,2112,702591
Maison sous tension,"Comedy, Horror",2025-05-15,150,10,1556672
Mr. Swag Boss and the Inglorious Pacifist,,2019-06-11,100,1000,784725
Arraial Amebairro,"Documentary, Comedy",2024-09-06,1,1,1353224
Xlson137: #Xlsinyalta,"Music, Adventure",2021-06-06,50,50,1021626
Hotel Metamorphosis,Comedy,2013-06-20,1000,1000,1062678
The Dialogue,"Crime, Mystery, Thriller",2019-08-02,1,1,735872
Night Show with Nikita Tretyak,"TV Movie, Comedy",2021-08-02,100,100,1021580
Anne of Green Gables,,1986-02-17,3500000,35700000,1131049
Провиденс,"Documentary, Music, Thriller",2020-06-20,40,40,1021533
The Fight,Action,2020-05-04,10,900,707028
Blind Red Wine,"Drama, Thriller",2022-05-05,1,1,1313709
Buzzkill,Documentary,2021-08-10,5000,1000,1125984
Tesla - Five Man Video Band,Music,1990-11-13,10000,20000,211478
Odyssey: Alongside The Universe,"Science Fiction, Drama, Mystery",2020-09-21,1000,1000,1027466
Face of a Wolf,"Drama, Thriller",2023-05-11,100,100,1313647
A Waste of Time,Comedy,2022-09-20,40000,800,1026837
Dantas,"Drama, History",2023-05-11,20,20,1126260
Quarantena,Documentary,2020-05-14,50,100,706582
The Loony Park,"Adventure, Science Fiction, Fantasy, Mystery, Drama",2019-11-20,10000,1000000,781040
Kuselan,Drama,2008-08-01,9900000,1000000,12274
Luk Thep Tom,"Thriller, Mystery, Comedy, Drama",2024-06-07,10000,10000,1301543
Alive,,2022-05-04,1,400,1028194
Like a butterfly,Documentary,2013-03-10,70000,90000,335207
Alpas,Drama,2019-12-14,6,6,780487
Playback Time,"Drama, Action, Crime",2007-05-08,1000000,10000000,1301164
Savage High,"Thriller, Mystery, Horror",2015-10-30,3,2,335223
PYM,"Comedy, Adventure",2025-03-01,1500,10,1590843
Selfwatch,"Horror, Thriller, Comedy",2020-09-06,10,5,761122
four star pizza (extra sausage),Thriller,2023-01-30,3,9,1127806
Nostalgia,"Western, Science Fiction, Family",2023-05-15,24,2,1127964
Leonard Cohen's Hallelujah,Music,1984-06-01,1000,1000,1314124
Ermo,Drama,2024-02-05,1000,1000,1351165
Freaky Night,Horror,2012-02-20,500,1000,280402
Baldi...?,"Horror, Thriller",2021-09-26,1000,1000,1314342
Big Score,Crime,2023-05-17,250,1,1128307
The Passenger,,2020-07-06,5000,10000,280476
Nunca asistas a este tipo de fiestas,"Horror, Comedy",2000-05-10,10000,1000,340975
Bai Ivan 2,"Comedy, Adventure",2022-09-09,10000,60000,1024777
Spring Will Soon Be Here,"Romance, Drama",2009-11-26,2000000,8544,64194
Tell 'em Steve-Dave: Puppet Theater,Comedy,2013-04-19,46,46,187527
Contaminated Reflection,Horror,2023-05-14,1,1,1126700
Naranja como la noche,Thriller,2021-09-24,13,12,1126573
The Taming of Rebecca,Horror,1982-10-19,18000,100000,212151
INDIGESTO,,2025-08-05,200,10000,1591686
Modem,,2019-07-20,50,85,1314088
The Unanswered Question III : Musical Semantics,"Documentary, Music",1976-01-11,1000,2000,1127529
The Unanswered Question IV : The Delights and Dangers of Ambiguity,"Documentary, Music",1976-01-11,1000,2000,1127534
The Unanswered Question II : Musical Syntax,"Documentary, Music",1976-01-11,1000,2000,1127509
今晨：雨加雪,Drama,1999-01-01,100,100,1060304
惊魂桃花党,Drama,1994-01-01,100,100,1060305
警官与侦探,"Crime, Drama",1988-01-01,100,100,1060308
The Lion Men,"Family, Action, Comedy",2014-01-30,3200000,1668380,281701
The Unanswered Question I : Musical Phonology,"Documentary, Music",1976-01-11,1000,2000,1127266
Oops! There's Dad,"Comedy, Romance, Drama",2005-07-28,660000,1660000,360158
Queen Mary - A Legend of the Atlantic,Documentary,1993-06-12,90000,100000,1549541
The Old Ball,"Action, Drama, Thriller",2025-09-06,3,45,1549400
The Amazing Story Of Sierra Leone’s Amputee Team,Documentary,2020-01-19,10000,12000,1548861
I Am Phenomenal,Comedy,2022-08-29,3000,1000,1138308
The Grand Tour: Colombia Special,"Comedy, Adventure",2019-01-25,2,2,1357467
"Storge - A ""Nathan der weiße"" Story","Drama, Family",2025-06-24,34,67,1548892
Payback,"Action, Crime, Drama",2010-11-26,3000000,2400000,270386
Dil Mod De,Drama,2022-12-30,20000,120000,1066166
Lone Rider Animation,"Action, Animation, Adventure, Comedy, Crime, Drama, Fantasy, Western, Romance",2011-01-10,70,2000,1066034
Samanyolu,"Romance, Drama",1959-01-01,55000,100000,272140
saudade,"Documentary, Drama",2023-08-17,100,100,1136562
Unlicensed,"Action, Crime",2022-08-10,50,500,1014066
Muerderous City,"Drama, Crime, Romance",1953-01-01,75000,100000,271251
The Stalked,Horror,2024-04-05,40000,44483,1295765
The Broken Disk,"Music, Drama, Romance",1959-01-01,55000,100000,271413
Clover,"Thriller, Comedy",2025-01-15,49,10,1550152
Chronicles Of Extreme Bordeom Volume #1: Don't Go Too Far,"Comedy, Drama",2025-09-01,10,1,1550207
BANG,"Drama, Crime, Action",2022-12-04,10,10,1139554
Dad Jokes,"Animation, Comedy",2021-05-11,100,200,1089730
National Theatre Live: Death of England: Michael,Drama,2025-01-09,25000,100000,1547347
The European Dream,"Romance, Drama",2018-04-19,1300,435,693508
我们言语中的生活,Documentary,2023-06-09,1000,10,1140128
buscando el pan,"Drama, Comedy",2021-02-24,6,6,1139833
My Brother's War,"War, History, Drama, Romance",2005-09-01,40,300,174008
EAD - Ensino a Desistência,Comedy,2021-05-23,50,50,1068110
Plano B - O Novo Estagiário,Comedy,2021-12-31,50,50,1068096
Kabaddi,"Comedy, Drama",2014-04-04,28220,201578,269414
HER,"Mystery, Drama, Horror",2021-01-24,1000,5000,789859
Baranda,Drama,2017-12-07,135000,200000,756033
Chemical Escape,Drama,2014-10-17,1000,5000,789830
Codename Hanuman X,"Action, Adventure, Comedy, Drama, Horror, Mystery, TV Movie, Family, History, Fantasy",2024-09-17,1000000,100000,1357566
Sweet Journey,"Adventure, Drama, History",2011-08-03,1000000,10000000,361485
To Die is Hard,"Comedy, Action",2010-01-01,1500,4549,269640
Mad Mimes,"Documentary, Science Fiction, Fantasy, Mystery, Comedy, History",2012-06-15,2000,10000,1138543
Inside a Restless Mind,Horror,2024-09-17,1,2,1357613
"Head Full of Dreams, Heart Full of Promises",Documentary,2015-09-25,100,1,361673
Trailer Park Boys: Live at Red Rocks,,2020-12-25,25000,123,1012642
Handover,"Thriller, Drama",2016-06-09,1000,5000,790171
The Judas Project,"Action, Drama",1993-02-19,2,2850135,65299
The Physicist,"Science Fiction, Mystery, Crime",2019-06-08,1000,5000,790236
D'Lírio - Lua Turquesa,Animation,2022-12-30,55,10,1067585
Superheroes: The Down of a New Fascist Era,Documentary,2024-09-16,5,5,1357861
"Because my love to you , my neighbor","Drama, TV Movie, Family",2017-07-25,100,100,694332
SOLE LOVE,"Adventure, Romance, Mystery",2023-05-30,30,10,1133893
A Very KDTV Christmas,"Thriller, Comedy, Drama, Family",2022-12-22,10,1500000,1064596
20AN,"Drama, Science Fiction",2021-10-08,4,3362,1018540
Malawi Gold,Comedy,2023-09-10,2000,100,1018490
侦探佳安：锋利的刀刃,"Crime, Horror, Animation, Action, Adventure",2025-04-18,72,2400,1553104
Buddha Wild: Monk in a Hut,"Adventure, Comedy, Documentary, Family",2008-04-16,25000,275000,274175
Café 3,,2022-12-20,20,20,1063781
O Negão do Banheiro,Horror,2024-09-08,1000,1345089061,1354158
Article 21 A,"Drama, TV Movie",2020-01-31,1000,2708,758208
Ariana Grande - Positions Album (Official Live Performances) | Vevo,Music,2021-06-21,25000,3000000,1132309
SobEncomenda,"Crime, Comedy, Action",2005-06-01,1,2,736902
2019: A Cinematic Odyssey,Adventure,2019-09-28,10000,100000,787838
Diritti,"Comedy, Family, Adventure",2023-01-21,124,500,1135748
More to Life Than This,"Drama, Comedy, War",2023-06-03,10,4,1135397
"Almost Funny, Season 2",Comedy,2025-09-21,25,200,1551209
Güneş Doğmasın,"Crime, Drama",1961-01-01,55000,100000,272412
Bülbül Yuvası,"Drama, Romance",1961-01-03,55000,105000,272664
Low Fidelity,,2023-06-02,5,50,1136000
Norman,"Crime, Thriller, Drama",2023-03-09,11,12,1134984
Tripod Genie,"Thriller, Comedy, Fantasy",2023-12-10,40000,21,1301551
Elephant Tales,,2006-10-24,7,33,198701
Scythe vs Pole,"Action, Comedy",2022-05-12,1,2,1112416
Scythe vs Pole 2,"Action, Comedy",2022-07-15,2,4,1112708
The Real Black Sabbath,Documentary,2022-04-23,200,200,1041923
Night of The Daniels,"Music, Horror, Comedy",2022-10-28,50,60,1042407
"Wife with super big nipples and P-cup breasts who has been raped for a long time, training and Nakadashi sexual intercourse, Iori Yuuki","Drama, Fantasy, Crime, Romance",2018-11-01,14710,10000,1042427
一对冒牌货,Drama,1986-01-01,100,100,1052316
一个女教练的自述,Drama,1983-01-01,100,100,1052311
My Favorite Scene from Gummo,"Drama, Comedy, Thriller, Action",2023-04-30,15000,200,1113803
The Adventures of IB,"Adventure, Action, Comedy",2022-08-13,5,6,1113129
Avatar: The Last Airbender,"Action, Adventure, Animation, Fantasy, Comedy",2005-02-21,150000000,319700000,1574160
Winter Carnival,"Romance, Comedy, Drama",1939-07-28,412640,474286,309625
The Handball Alley,"Comedy, Action, Drama",2019-03-29,100,12,1111090
Майор Мырза,TV Movie,2025-06-01,10,6,1575903
Mayday! Überfall auf hoher See,Thriller,2001-08-09,200000,500000,309174
Per l'amor di Dio,Documentary,2013-01-01,80000,5000,296580
Syndicate,"Crime, Action, Drama",2022-12-30,100,500,1335879
The Hypergaussian War,Animation,2025-04-05,50000,50000,1575457
Autemials - Concert for EC Foreign Languages Festival 2022,Music,2022-06-03,1000,50,1575455
Autemials - Concert for EC Republic Day Festival 2022,Music,2022-10-29,2000,25,1575472
Autemials - Concert for EC Foreign Languages Festival 2023,Music,2023-05-26,1000,25,1575488
Autemials - Concert for EC YASD Festival 2023,Music,2023-05-19,2000,25,1575480
Myth,"Music, Drama",2023-12-04,2,100000,1340879
CEO IN THE HOUSE,Comedy,2025-11-07,5000,10000,1575852
义重情深,Drama,1991-01-01,100,100,1051937
Mr Fuck,Drama,2022-04-06,10000,50,1115426
I Can’t Remember Your Voice,"Thriller, Action",2022-11-05,70,166,1039135
买买提的2008,"Drama, Family",2008-04-06,414147,20707,1038943
白杨树下,Drama,1983-01-01,100,100,1053128
澳门追凶,"Drama, Action, Thriller, Crime",1995-01-01,100,100,1053121
Jayne Middlemiss: Love Yoga,Documentary,2005-12-26,20000,20000,316498
How to Save a Life,Drama,2011-05-01,41536,62875,197009
The Draft,"Horror, Drama",2022-09-08,2,1,1052940
God of War Ragnarok,"Action, Adventure, Drama",2022-11-09,200000000,469000000,1305464
God of War,"Adventure, Action, Drama",2018-04-20,80000000,135395253,1305448
Todos los Soles Mienten,"Adventure, Science Fiction, Action, Comedy, Drama",2016-09-14,10,10,1311135
O Encontro,"Drama, Thriller, Comedy",2025-10-31,200000,1000000,1585259
Maeve and Brandon: The Truest of all Love,"Documentary, Romance, Comedy, Horror, Drama",2013-11-03,5,10,1038675
Waltzing Anna,"Drama, Comedy",2006-08-11,1000000,11455,55740
Old Fish,"Drama, Crime",2008-06-12,100,100,197844
Better Be Clever,Comedy,2024-09-02,10,20,1342153
Superman : Shadow of Brother,"Action, Adventure",2025-07-11,225000000,690145518,1573012
One Hundred Days: The Story of Architects Almost World Tour,Documentary,2013-10-01,46560,63462,314394
ma grand-mère aime les raisins moisis,"Family, Documentary",2025-11-02,1,1,1573289
Napoleon Director’s Cut,"History, War, Romance, Drama",2024-08-29,165000000,220597098,1342067
爱并不遥远,Drama,1983-01-01,100,100,1052772
M 22.079,,2015-02-01,50,400,315213
Lokmanya: Ek Yug Purush,"History, Drama",2015-01-02,1700000,930000,315226
Finding Home,"Drama, Family",2013-03-28,10000,1000,716757
JACKPOT,"Action, Crime",2023-03-09,100,150,1114746
reCaptcha,"Comedy, Science Fiction",2023-04-28,1000,1000,1102833
Por qué no me tocó ser Michael Keaton?,"Comedy, Drama",2008-03-28,1,500,717033
Poor Reputation,"Crime, Mystery, Thriller, Comedy",2024-06-17,9,18,1305998
Saade Maade Teen,"Comedy, Drama",2007-11-23,130000,560000,1107828
Killed on Christmas,"Mystery, Music",2021-12-17,1000,1000,1049782
Candy,"Horror, Thriller",2025-11-08,8000,50000,1579691
PENSÁNDOTE,"Drama, Comedy",2022-04-14,10,10,1107682
Green Eyes,"Romance, Drama",2013-03-09,20000,5000,305242
The Peacock's Tale,"Comedy, Crime",2023-03-29,4,6,1106101
Naturally Native,Drama,1999-10-08,700000,10508,302579
Dancing in the Moonlight,"Romance, Drama",2023-04-25,200,200,1337483
C.B. Green - Absolutely Live,Music,2003-06-30,101,100,301616
MIRACULUM,"Action, Comedy, Adventure",2022-06-15,1000,1000,1106435
La Verdadera Cuba,"Documentary, Comedy",2022-07-30,1,1,1047673
The Epicure,"Horror, Mystery",2023-03-31,60,100,1107177
Nas Entranhas de Nicolópolis,"Documentary, Comedy",2022-10-24,1,1,1047666
Witness to a Rape,Documentary,2020-07-10,100000,100000,723889
Farishta,"Family, Drama",2023-03-09,182685,2557594,1107083
Sons and Heirs,"Comedy, Crime, Horror",2022-11-05,6400,574,1047900
A Letter to A.H.,"Comedy, Drama",2020-11-20,300,10,768166
CORVUS BANDA - BANDAS NOVAS (JUIZ DE FORA),"Music, Family",2024-08-10,10,20,1338053
Bidhatar Lekha,"Action, Family, Thriller, Drama",2007-12-06,40515,50000,768196
Interrogatoire,"Comedy, Crime",2023-12-18,10,1000,1583200
Dandupalya,"Thriller, Crime",2012-06-29,430000,5800000,307729
Faces Retais -  O ano da coruja,"Science Fiction, Comedy, Crime",2022-09-10,2,3,1044426
Sawtooth Canyon,"Comedy, Adventure",2019-10-18,9,10,1110665
SPINNING,Documentary,2024-08-28,1,1,1340268
GayDate,Drama,2010-07-01,100,99,720803
I am Perfectly Normal: Part I,Fantasy,2022-08-26,5,1,1045906
Mr Fuzz,"Horror, Drama",2024-06-23,20,10,1307985
Jean Cocteau's The Human Voice,Comedy,2022-01-14,1,1,1046118
Рвота,"Thriller, Drama",2020-04-28,40,5,1046022
Institutional Grandmothers,Documentary,2016-07-13,4000,1000,1577757
"Enjoy The Divine Body Of Ria Yamate, A Bikini Idol Who Has The Number One Body In Kyushu. The Land Of Sex Services",Romance,2022-04-12,1000,10000000,1050614
DO NOT BUY A DEEP WEB MYSTERY BOX AND OPEN IT AT 3AM!! (EVIL MARIO CAME),Horror,2024-06-22,3,2,1307742
搞混睡着妻子的屁股，插入了小姨子的嫩穴！,Drama,2022-03-21,1000,10000000,1050715
REBOOT,Animation,2025-11-16,1000,1000,1582644
Unerhört!,Documentary,2020-10-29,20000,20000,766240
El caso del 17 de Mayo de 2025 en HIP HOP BCN🔥🌵,Horror,2025-05-17,67,6741,1565725
Leera The Soulmate,"Action, Comedy, Romance, Science Fiction",2018-08-15,56000,23000,1056872
The Desolate Void,"Horror, Drama, Fantasy, Thriller",2020-07-04,200,68,1346687
Destructive Friends Presents: Death Of A Playstation,,2020-02-05,15,105,1121648
The Tax Evader Chapter II,"Comedy, Action",2022-10-05,10,11,1032151
Die MSA und das geheimnisvolle Notebook,,2007-04-09,80,1390,731441
Titian – The  Empire of Color,Documentary,2022-10-03,568000,428,1031609
天涯孤旅,Drama,1986-01-01,100,100,1056104
The Vicious Breed,"Drama, Crime",1954-12-26,50,60,325453
神威天使,Crime,1993-01-01,100,100,1056462
The LA Vlog,,2022-07-21,22,127,1121150
The Watsonvlog: The Complete Series,,2023-05-02,15,20,1121204
Prince of the Crimson Void,Horror,2022-11-24,50,50,1058152
The Revenge,Horror,2023-02-27,20,21,1098099
The Western,Western,2020-02-21,55,69000000,1029460
ZODIAC CRUSH,"Documentary, Comedy, Romance, Adventure, Drama",2023-02-05,20000,100000,1123927
a cat without a name,Animation,2009-03-29,60000,60000,1123983
Lotfi: Four Seasons,"Documentary, Music, Drama",2015-05-03,26271,6789,779467
Do Not Go In The Bathroom,Horror,2025-03-14,2,1,1589894
Wei-Lai,"Comedy, Family, Drama",2022-06-24,20000,20000,1029757
Do Orphans Cry?,"Drama, Fantasy",2023-05-08,40,2,1124576
惹是生非,Drama,1997-01-01,100,100,1057453
Chou jiao boluo,Crime,1988-01-01,100,100,1057462
人命关天,Drama,2001-01-01,100,100,1057421
Big Jack,"Adventure, Western",1949-04-12,869000,915000,209937
The 8:50 News: Exclusive Interview,"Comedy, Drama",2019-10-01,6248,5219,710098
The Dark And Snowy Knight,"Action, Drama, Comedy",2018-12-25,42456,35348,710095
The 8:37 News,"Comedy, Drama",2019-01-23,22000,25000,710091
Al Coholic: Ace Attorney,"Comedy, Crime, Thriller",2019-10-19,2000,5000,710085
如此爹娘,Drama,1963-01-01,100,100,1057383
伞花,Drama,1983-01-01,100,100,1057343
Undercover,"Thriller, Crime",2021-02-20,110,2,1589763
Coffee Please,"Romance, Drama",2013-10-17,800000,800000,285960
Polvo de Estrella,"Comedy, Documentary, Music",2022-09-30,1000,2000,1030439
Short Movie,Comedy,2013-05-10,800,500,320163
The Man Who Married A Robot,"Animation, Drama, Music",2023-03-03,100,1000,1117415
The Eylandt Investigation,Mystery,2008-11-06,250,20604,16421
WHODUNNIT,"Drama, Mystery",2025-11-27,10,1000,1586607
Les deux trappeurs,"Adventure, Drama",2025-05-23,30,1,1585780
One Week,"Drama, Romance",2000-08-03,77575,190441,292890
Blackwoods,"Drama, Comedy, Adventure",2024-03-09,10000,20000,1570391
Helpline!,Animation,2004-01-10,100,500,1034243
兄妹探宝,Drama,1963-01-01,100,100,1055522
小巷幽兰,Drama,1983-01-01,100,100,1055978
Wu zhang zhao pian,Crime,1984-01-01,100,100,1055981
世纪之战,Drama,1992-01-01,100,100,1056000
我、你、他,Drama,1982-01-01,100,100,1055989
Care Bears: Season of Caring,"Adventure, Animation, Family, Fantasy",2004-07-12,50000,900000,289177
Xiang Xi Jiao Fei Ji (Part II),War,1987-01-01,100,100,1055971
天音,Drama,1987-01-01,100,100,1056063
Tian ya guai ke,Drama,1989-01-01,100,100,1056091
Assisted Living,"Comedy, Drama",2005-02-02,500,41,193704
突发事件,Drama,2007-09-27,100,100,1056010
Sad Lunch,Drama,2020-11-07,5,20,777053
Luminarias,,2000-05-05,1000000,428535,207490
Freezen: A Dragon Friends Yulemas,"Comedy, Music, Fantasy",2020-12-13,500,1000,775845
El Profeta del Desierto,"Drama, History",2018-06-23,4000,4000,729595
bart sra,"Animation, Comedy",2020-06-08,1,1,713675
Let's Try Again,Drama,1934-07-06,250,183,321730
The Track Movie,"Documentary, Adventure, Comedy, Family",2021-06-27,500,350,1158138
Marcellus Hall an Artist in New York City,,2021-11-06,20000,500,988932
Loveworn,Music,2024-09-16,100,100,1364683
Marokshanam,"Action, Thriller",2023-05-05,10000,20000,1536938
Le Polyhandicap : Une immersion au plus près de l'humanité,Documentary,2024-03-22,1534,2380,1527221
Jatrai Jatra,"Comedy, Drama, Action",2019-05-17,84600,920000,743974
Full Throttle,"Horror, Mystery, Science Fiction, Thriller, Action",2021-07-31,5000,3000,1073345
Flame and the Flesh,Drama,1954-05-05,1275000,2294000,256758
Samart Payakaroon,"Documentary, TV Movie, Drama",2024-05-12,1000000,1000000,1289940
Supernerds,"History, Animation",2021-04-01,1,2,1158480
Amnesia,Comedy,2024-02-14,5,1,1369362
mila,"Family, Comedy, Drama",2024-07-04,110000000,320000000,1319063
VeggieTales: Christmas Spectacular!,"Family, Animation, Music, TV Movie",1998-12-19,9988,9988,386119
Scandalize My Name: Stories from the Blacklist,Documentary,1998-01-01,1000000,100000,386089
The Hobbit An Unexpected Journey extended edition,"Fantasy, Action",2013-10-13,180000000,1017003568,1607455
Hard to do Good,Adventure,2021-08-01,5000,5000,1085661
LIMBO,,2023-01-06,100,100,1072963
Vlog de l'année 2024-2025,"Comedy, Adventure, Thriller",2025-08-27,25,15,1537324
GUTTERPUNKS,"Comedy, Crime",2023-10-15,7000,200,1319397
"Titanic Tits: Rural Cosplayer (Age 19) With A Submissive Streak (Everybody Gets A Titty & Nipple Fuck & Cums On Her Tits) P-Cup With Enormous Nipples Ravished By 12 Continuous Loads In A Titty Fuck Four-Some Orgy,","Science Fiction, Romance, Fantasy, Drama, Documentary",2021-03-19,10000,201187,989531
As Panteras: Peguei a Mãe e as 2 Filhas,,2010-11-02,29,29,67157
The Key of Survival,"Action, Thriller",2022-04-08,10,250,1150672
SHAC Action & The Truth,Documentary,2008-01-01,4,4,389400
3atops 3 | The Director's Cut | The Final Cut | The Ceratopsian Cut | Scariest and Biggest Film Even,Thriller,2021-06-01,100,20,989796
Mais uma Tentativa Frustrada de Não Falar,"Comedy, Drama, History",2018-12-15,5,600,682667
Toni Goldwascher,"Family, Adventure",2007-09-06,722727,233984,228058
Captain Hurricane,"Comedy, Drama, Romance",1935-03-01,208,150,405607
The Cage,"Drama, Thriller",2015-09-17,700000,18382,387473
January,"Documentary, Comedy",2023-01-08,100,150,1073636
L'OUBLI : COURT MÉTRAGE EN 18 PLANS,"Comedy, Fantasy",2025-03-19,1,1,1536204
BOBI,"Drama, Family, Fantasy, Comedy",2024-07-16,129000000,520000000,1318852
The Truth Is Out There,Documentary,2021-02-11,1,1,795894
Choorian,"Action, Romance, Crime",1998-10-16,37000,2000000,408510
Jee Aayan Nu,"Drama, Romance",2002-12-02,170000,400000,152512
"TOMMY & PAMELA - Peso Pluma, Kenia Os",Music,2024-07-18,111,111,1318821
Mr. Unbelievable,"Comedy, Music",2015-12-03,711035,398179,381888
Hippo,Drama,2024-10-02,10,10,1369753
ZERO Limits,"Action, Adventure, Comedy, Crime",2016-02-06,1560,1,381511
Giganten,"Documentary, Music",2005-08-26,496571,320582,743437
Zane Dovom,Drama,2007-01-01,10000,10000,381425
The Assassin,Action,2013-04-17,5,2,749944
Until Midnight,"Horror, Thriller, Fantasy",2023-10-13,500,50,1291107
Assassin: Breach,"Crime, Action, Romance",2021-04-09,80,78,1291158
Como seria o mundo sem a internet: o impacto devastador de uma tempestade solar.,"Documentary, Science Fiction",2023-07-01,100,100,1146695
Dear Brother,"Horror, Thriller",2022-06-07,100,100,1072196
Olağanüstü Türk Süper Kahraman Filmi,"Action, Science Fiction, Thriller",2024-05-15,1,1,1290992
I forced an Ai to play a kids adventure game,Comedy,2023-06-27,7,4,1290993
Ned Kelly's Revenge,"Crime, Adventure, Action, History",2018-06-15,100,5,1078149
Anxious Hearts,"Drama, Romance",2024-09-28,500,300,1363828
Common Gender,Drama,2012-06-22,236203,2598235,684900
Guilty Man TRICKS Police Officer,"Action, Comedy, Crime, Drama, Family, Romance, Thriller",2024-09-29,100,438,1363739
(not) betrayed by love,"Documentary, Drama",2023-01-12,100,100,1072677
Money No Enough,Comedy,1998-05-07,600000,4100000,384746
The Debacle of Mr. Eastward,"Comedy, Drama",2023-06-11,1000,20,1148518
Balach,"Drama, Comedy",2009-04-03,1000,1300,1319059
Underwater Warrior,"History, War",1958-02-14,384000,405000,258127
Muaythai Legend Buakaw And No Marijuana High,"Documentary, Comedy",2023-12-12,10000,10000,1286155
L'Homme du Michigan,"Comedy, Adventure, Family",2024-03-01,108,523,1290175
Черный двор,"Action, Crime, Drama",2023-05-25,20000,40000,1148466
Plictiseala,"Comedy, Drama",2024-09-01,10,10,1369716
The Wife's Letter,,2016-07-15,1000,1000,408309
Full Grown Men,"Comedy, Drama",2006-04-27,2000000,13716,25149
Cruzeiro: As crônicas do Bicampeão da América,Documentary,2003-11-15,200,400,1001919
For Colored Girls Who Have Considered Suicide / When the Rainbow Is Enuf,"Drama, Romance",1982-02-23,1000000,100000,407873
The Frankstein show,"Horror, Comedy",2025-08-30,36,1,1538530
Convention City,Comedy,1933-12-14,239000,522000,258832
LowMovie,"Thriller, Documentary",2023-04-19,3300,3300,1290554
The Grey Leno Show,"Horror, Documentary",2022-04-29,3,16,1153330
Devil on Stalk,"Horror, Documentary",2024-09-28,8000,530852,1532818
9 81,,2021-10-01,10000,10000,995113
Lost Dog,"Horror, Mystery",2022-10-16,10,40,1530009
Twatter,Comedy,2023-06-27,300,500,1153418
Trapitos al sol,Comedy,1992-04-23,1,1,394206
Pais Paisa,Comedy,1986-04-23,1,1,394203
Dany,Drama,2018-03-06,5000,10000,1152849
Going Furthur,Documentary,2016-05-20,75000,15000,401616
The Caterpillar and the Polliwog,"Family, Animation",1988-01-01,1217,1217,394674
肉感ニットワンピ妻の無自覚な挑発に耐え切れず襲い掛かった結果… まさかの豹変！！絶倫デカ尻中出しSEXで何度も精子を絞り取られた僕 永井マリア,"Drama, Crime, Romance, Fantasy",2022-10-11,15000,150000,1155942
MOSCAS,"Drama, Comedy, Science Fiction",2023-05-24,20,700,1529630
The Doc,"Horror, Comedy",2018-02-20,10,543000,1075391
The Woman In White,"Mystery, Horror, Thriller",2021-04-27,94,67,993640
Ninja Warriors,"Action, Adventure, Comedy",2022-04-29,10,100,992642
Nós,"Documentary, Drama",2014-03-27,1000,10000,1155226
Mulher Vestida de Sol,"Animation, Fantasy, Drama",2022-12-15,1000,10000,1155211
Who Pays the Bill?,"Drama, Comedy",2013-01-25,5000,10000,249276
The Other of Us,,2012-01-28,30000,31000,157120
"Wielka Kraksa w Dzierżoniowie, czyli Ostatni drift pod Kauflandem","Documentary, Comedy, Adventure, Thriller",2023-08-19,1200,140,1531016
Life After War : Iraq,,2022-06-03,45000,120000,992121
Manchester in the 1970s,Documentary,2022-06-28,12000,65000,992119
100 Days Protecting My Friend in Hardcore Minecraft (His First Time Playing!),"Action, Adventure, Fantasy, Documentary, Drama, Comedy, Animation",2025-04-07,1000,100000,1530098
The Secret Of Palestine,,2022-06-25,120000,365000,992432
BHRAM,"Science Fiction, Thriller",2025-11-09,111,100,1606785
Majzoob Ramazan,"Documentary, Drama, Family, War",2025-07-25,4500,6000,1534937
We FINALLY Beat Granny (FULL GAME),"Comedy, Horror",2024-10-06,10,10000,1604468
Los Huayra. Vivo,,2013-12-22,10,10,246312
Women at Work,Animation,2005-02-26,1000,1000,404090
The Backseat Killers,"Horror, Mystery",2024-05-09,20,20,1289034
(Inter)Canvi,Drama,2023-03-31,2000,2600,1157363
Diau Charn,"Drama, Romance, Music",1958-05-28,100,100,253032
CONTRATADO,,2025-06-29,1,10000000,1529291
Pablo usá binance,Thriller,2022-05-09,1,1,996351
Waffle House,Drama,2023-05-18,53,1,1366473
"Caramba, Cacilda!",Comedy,2023-02-25,600,150,1152567
Soft Bullets,"Action, Crime, Drama",2013-09-09,500,500,159378
Sming,"Drama, Action, Horror",2014-09-11,15000000,89038,402714
Ribbon Squad: The Internet War,"Drama, Action, War",2023-11-20,450,220,1528791
End of the Line,Drama,2023-06-20,1257,525,1151741
This Could Be You,Documentary,2021-02-21,1000,1000000,799413
Paralysis,"Horror, Drama",2025-08-11,67,5,1529035
Gak Jadi,Drama,2025-12-31,30,30,1604926
No One of Consequence,"Western, Thriller, Comedy, Drama",2025-08-11,550,20,1529085
The Dealers,"Drama, Comedy",2012-01-18,1091429,310294,160207
Paths of the Gods,Documentary,1995-02-17,1000000,4000000,402557
Ranbanka,"Action, Thriller",2015-11-06,1183424,36982,371439
Girl top Remix,Music,2020-12-16,1000,1500,1069795
Girl top,Music,2020-03-26,100,700,1069767
1000 reasons,Music,2020-08-10,500,985,1069787
To Die,Music,2020-06-08,500,1100,1069785
Kriminal,Music,2020-05-25,1500,2400,1069780
Honeymoon,"Drama, Romance",1976-02-10,1000000,50000,371979
Croesus' Treasure,Drama,1965-01-01,10000,10000,371974
Mastaney,"Action, Drama, History",2023-08-25,2169000,16367572,1161406
The Ghosts of Johnson Woods,Thriller,2015-11-01,60000,3145,371764
The Interviewer,,2022-05-11,100,100,1371416
SAT Prep,Comedy,2021-12-15,100,100,1371419
Wasted,,2025-09-10,100,1,1544661
White Stare,"Action, Adventure, Mystery, Music",2024-04-10,702,18,1293139
University,Comedy,2019-05-17,100,100,1371426
The Metamorphosis,,1976-01-12,275000,60000,370378
Gli Appuntamenti,"Romance, Comedy",2021-01-01,2000,2000,1609043
One More Round,Comedy,2005-02-25,350000,4984,264734
The Great BLG Show!,"Animation, Comedy, Drama, Romance, Action, Mystery",2025-10-18,25000000,1,1609212
The Grand Tour: Feed the World,"Adventure, Comedy",2018-02-16,2,2,1360094
Climb,"Horror, Thriller",2022-12-21,100,100,1371373
Olhos Recuperados,"Documentary, Drama",2023-08-29,10,5,1360538
Gato Bruce - O Filme - Uma História Interessante de um Gato,"Comedy, Family, Music",2022-06-17,5,300,1087662
April 15th,"Drama, Romance, Mystery",2019-04-15,1500,7500,672681
Imaginary Terry,Horror,2022-07-15,50,400,1285132
marco castello marcondirondirondello,Fantasy,2024-05-05,41,41,1285128
Blazed,"Horror, Comedy, Drama",2009-11-24,120000,1200000,1326173
Your Minimal Caress,"Drama, Romance",2021-10-30,2000,2000,1080632
Anonymous Celebrities: Animatic,"Comedy, Drama, Music, Science Fiction, Thriller",2005-10-18,200,10,222060
Table for one,,2023-01-16,50,50,1079007
Falling To Pieces,,2025-08-01,3600,1200000000,1523642
The Cure - Curiosa Festival,"Documentary, Music",2004-08-09,117,100,169870
The Cure: NME Big Gig,,2009-03-03,1,1,170053
The Last Picture Show in Bucharest,Drama,2020-09-25,5,5,748889
No tempo da besteira,"Comedy, Romance",2013-04-20,10,15000,1359276
The Grand Tour: The Beach (Buggy) Boys,"Comedy, Adventure",2016-12-30,2,2,1359330
MUSTAFA TİLKİ,"Comedy, Drama",2018-11-19,200,250,1009682
Pursuit on Platform 3,"Thriller, Crime, Action",2024-03-15,20,2000,1359186
Submersis,"Drama, Action",2023-02-22,83,83966,982858
She's Mine,"Drama, Horror, Romance",2018-01-01,60000,580000,670470
LEGO Suicide Squad,"Comedy, Animation, Action",2022-06-29,50,10000,1371911
Cardboard Box,"Horror, Comedy",2024-09-20,2394383,4,1358959
Hasse Dunder,"Adventure, Science Fiction, Action, Comedy",2023-06-11,1,100,1162824
"JP, el retorno",Documentary,2025-09-13,10,1000,1546564
Enchanted,"Drama, Romance",2021-11-07,30,1,1068440
222% GIO,Documentary,2023-01-21,3200,4000,1317765
Sing or Swim,"Animation, Music",1948-06-15,6339,6339,237197
Soviet War,"War, Adventure, History, Drama",2021-10-15,650,1,1008626
Film belge,Comedy,1992-04-17,6,6,265262
The Attachment,"Drama, Horror",2019-07-16,50,100,691819
STREET CODE,"Action, Drama, Crime",2018-01-01,50000,239000,671116
People Watching in Washington Square Park,Documentary,2025-09-12,20,20,1545636
S&B <3 - 1. Ay Hediyesi,Romance,2024-05-20,3,3,1293536
hogo,"Drama, Comedy, Fantasy, Family",2024-06-11,130,450,1317643
Clubland,"Music, Drama",1999-04-16,1000000,18529,235776
Korolev,Drama,2007-10-29,6000000,31000,220669
mania,"Animation, Drama",2020-10-23,1,1,792049
Docile Human Doll of Gore (or: How I Learned that Snuff is Morally Acceptable),Comedy,2006-06-06,666,900000000,1371711
Tela Manchada,Drama,2020-11-12,50,50,1162280
O Sequestro,"Drama, Thriller",2024-04-19,1,3,1291934
Venalmaram,"Drama, Romance",2009-02-27,1000,1000,986896
Mother,"Horror, Mystery",2022-10-08,8000,18000,1144741
Room Zero,"Crime, Documentary",2009-02-17,10,11,411812
The Killer Cat,"Horror, Thriller",2024-10-12,10,1000,1370400
Carmen G,"Thriller, Drama",2012-12-07,93,87,150126
Patsadom,"Science Fiction, Comedy, War",2023-06-27,10,20,1144858
Sin Condón,Comedy,2013-08-29,10,9,223182
The Run,"Drama, Comedy",2021-04-04,100,500,1321124
Fruits of Labor,"Comedy, Crime, Mystery, Action",2021-03-05,400,1,804568
Chiaroscuro,"Drama, Thriller",2025-06-27,30,120,1525404
Sosha,"Comedy, Romance",2022-11-04,1800,1800,742459
Boulevard,"Comedy, Drama, Thriller",2021-02-16,125,110,1608436
SCORN,"Action, Thriller",2023-06-09,23,24,1145172
Mars: Pioneering the Planet,Documentary,2003-08-10,1000000,2000000,410928
Billy Yeager The Ineffable Enigma,"Documentary, Music",2016-07-30,165000,2350000,410845
Testvér Háború: 2. Fejezet,"Crime, Action, Animation, TV Movie, War",2022-04-17,34,10,986421
Otro Día de Nick Tovenar [Acto 2 de 1],"Drama, Animation",2024-11-13,2,1,1608252
Archive of My Own,Comedy,2025-01-09,200,3800,1541403
The Neverending Thought,"Drama, Horror",2022-11-11,1,1,1144957
Ek Haseena Thi,"Crime, Thriller",2020-03-01,200,1000,688251
Testvér Háború,"Crime, Action, Animation, TV Movie, War",2022-04-15,34,10,986304
The Painter,"Horror, Mystery, Drama, Thriller",2024-07-05,1000,12,1370362
Encantados do Cri-ú,Documentary,2020-02-07,883,883,747882
Adhinayakudu,,2012-06-01,28,71,168119
"De Novo, Perdição","Horror, Drama",2024-08-10,250,250,1325833
Perspectives on a Park Bench,"Drama, Music",2024-05-04,100,1000,1285730
Practice Makes Perfect?,,2018-02-13,127,500,1146066
Auto Shop of Horrors,"Comedy, Horror",2016-10-26,1200,4300,412741
Solitud de Cristo,Documentary,2020-06-09,1,1,1080757
ALL COPS AIN'T BAD,Comedy,2020-02-06,100000,350000,672815
Vipin and Rosh Wedding,Adventure,2012-07-09,100000,100000,375036
The Last,"Thriller, Mystery, Horror",2025-08-01,1000,20000,1524401
S.W.A.G. - Episode 2: The Texas Blues,Comedy,2016-08-25,42,1,412872
The Plague,"Horror, Adventure",2016-11-27,1000,1,793685
Action 3D,Comedy,2013-06-21,6100000,12000000,224219
"Naji Al-Ali, An Artist With Vision",Documentary,1994-01-01,5000,9000,673934
Rampant Buffalo,"Documentary, Comedy",2024-06-30,500,500,1362446
DeMonD the movie,"Action, Adventure, Science Fiction, Comedy",2021-09-24,10000,3000000,1003578
Uncloaked: The Myth of Post Racial America,Documentary,2022-02-14,14000,72000,1540498
Mayan Trance to God's Immortality Being,"Mystery, Drama",2024-01-05,10000,10000,1285174
Kadhaikalaamaa,"Mystery, Thriller",2025-12-24,5,10,1602358
Endank Soekamti: Rock For Kamtis,"Documentary, Music, Comedy",2013-06-07,1000,1200,223919
4:57,"Fantasy, Horror",2020-08-03,10,10,804660
Petchyindee,"Documentary, Drama, TV Movie, Action",2024-07-03,10000,10000,1311914
Voyage - Šansa za rođenje,Documentary,2023-01-11,200,1000,1321605
Eccentric: Part Deux,"Drama, Thriller, Horror",2024-07-25,1000,1000,1321482
New Age Natural Selection,"Science Fiction, Comedy, Horror",2021-12-27,5,5,1243775
Fuckshit 3,"Documentary, Comedy, War",2024-02-09,2,1,1242175
Firelight,,1964-04-24,500,501,1310696
Hapiness,"Comedy, Drama",1998-10-16,2,2,1321018
The Poker Night,,2024-02-11,1700,8,1243811
La vie en couleurs,"Action, Adventure, Comedy, Drama, Crime",2022-09-11,5,6,1254854
Wolf of Chawl Street,Comedy,2017-09-22,1000,1000,1309951
The Incredible Hulk: Edward Norton Cut,"Action, Science Fiction, Romance, Drama",2008-06-13,150000000,265000000,1309972
Robyn Zabukovec Presents,,2025-01-01,420,420,1309898
the evil FNAF attack,Horror,2007-03-12,1,2000000,1242546
"happy birthday, Mariah campos","War, Drama, Comedy",2022-04-21,14032007,21042022,1256923
Playback Time,"Drama, Thriller, Mystery",2007-05-16,50000,50000000,1243359
MORELLA,"Romance, Horror",2024-07-01,100,200,1311482
Quecoeur et les garçons,,2007-06-14,1000,1000,1255335
Short Shits,"Horror, Comedy, Documentary",2024-03-08,200,300,1256728
Rubber-Band Man,"Animation, Action",2024-05-30,1000,2200,1309852
ZZ Baxter Bolts Towards Traffic,"Comedy, Drama",2024-06-28,100,200,1309850
There Had Better Be Blood,Comedy,2010-02-21,15000,500,1255487
Gettin' Wet on Wet with Deadpool 2,,2017-11-15,1000,1000,1321421
Возвращение Морпеха,"Action, Comedy",2020-06-16,10,45,1250204
Adil shehzad,Action,2023-10-05,3,4,1246351
Jose Chung's From Outer Space,"Drama, Crime, Mystery, Science Fiction",1996-04-12,2000000,8000000,1315500
The Treat | WTF Ep. 7,"Drama, Thriller",2023-12-31,2,1,1318142
"If Not Now, Then When?","Drama, Romance",2024-11-12,105,105,1318240
JOAO GABRIEL CURTAS - GRIPE,Drama,2022-01-30,1,2,1251260
JOAO GABRIEL CURTAS - O ÚLTIMO DIA!,Drama,2021-11-16,100000,100000,1251315
JOAO GABRIEL CURTAS - O DIA DA BANANA!,Comedy,2021-10-24,12,13,1251301
JOAO GABRIEL CURTAS - A GELADEIRA X,Comedy,2021-11-02,60000,60000,1251312
JOAO GABRIEL CURTAS - DIA DO LIMÃO,Comedy,2021-10-31,900,9000,1251306
... despertar en mi cama.,Thriller,2023-12-12,40,5,1245955
JOAO GABRIEL - O ATAQUE,"War, Action",2021-07-20,400,400,1251183
JOAO GABRIEL - [O ROUBO DA BANANA DE OURO],Adventure,2021-07-19,900,9000,1251186
Eminem's Stan,"Crime, Drama, Music",2000-11-21,1000,1000,1315343
Буря безумия,"Science Fiction, Thriller",2020-07-14,10,23,1250566
One More Day,"Romance, Mystery",2024-05-29,10,10,1315375
Ilha Engraçada Histórias - O Macaco Ferreiro,"Adventure, Comedy, History",2022-02-28,900,9000,1250773
Joao Gabriel 8 - A Invasao De Jacares Na Floresta Engraçada,"Action, Comedy, War",2021-07-19,1,2,1250783
JOAO GABRIEL LONGAS - NEW FUNNY ISLAND,"Adventure, Comedy",2022-02-13,100000,100000,1250779
Driftwood,,2012-03-01,30000,30000,1250649
Ilha Engraçada Histórias - O Cavaleiro Obesidade,"Adventure, Comedy",2024-02-20,12,13,1250757
Dancing in the Moonlight,"Drama, Romance",2023-04-25,200,200,1247477
The Panic at the Disco,"Science Fiction, Action, Comedy",2021-06-25,200,200,1247470
😤 insect james 😤,"Action, Crime, Drama, Science Fiction, Thriller",2023-04-07,70000000,14,1317625
Mannen Henger,Documentary,2023-08-23,5000,1330,1248313
Feroza live from Cafayate,Music,2024-06-30,30,100,1316831
فوق الركبة,,2020-01-28,1,2,1317372
The Cactus,Drama,2023-04-15,250,50,1317369
Bash das Peladinhas,"Comedy, Drama, Crime, Documentary",2024-03-23,10,200,1247881
الاسم انثي,Drama,2014-06-11,5,2,1317362
Belrock 2 - Promotional Trailer,"Documentary, Adventure, History, Drama, Mystery",2023-11-26,13,6924,1247917
Baldi's Basic's III: Let's Go Hunting,,2024-02-03,1000,1000,1317401
Baldi's Basic's IV,,2024-03-20,1000,1000,1317403
The Day It Happened,"Drama, Thriller",2002-03-11,5000000,30000000,1247782
Indivisible,"Mystery, Crime, Music",2024-02-16,150,150,1249280
A Bite for Dinner,"Thriller, Animation, TV Movie",2024-02-18,900,6,1246990
Treeline,"Thriller, Horror, Drama, Crime",2023-07-11,500,6956,1246980
Survivre 1000 Jours en Hardcore sur Minecraft [Film Entier],,2022-09-23,132,17422,1318092
O Grande Despir,"Mystery, Drama",2024-08-02,100,100,1318089
THE FRIZZ: INCIDENT IN PARK GORKY,"Thriller, Horror",2024-07-12,10,30,1316104
Eminem's Superman,,2002-05-26,1000,1000,1318062
Морпех: Фантом,"Action, Thriller, Mystery",2021-10-14,100,657,1249391
Hallelujah | Skeye (Cover),,2010-12-06,1000,1000,1316478
The Story of: Die Innere 1,Documentary,2024-09-11,1,6,1253844
Segundão,"Documentary, Music",2023-10-15,100,200,1319770
ROFIAT AL JALSA,"Action, Crime, Thriller",2024-07-18,5,10,1319792
Sangue no Asfalto,"Drama, Music, Mystery",2020-05-31,500,500,1244203
Ночь,,2024-07-04,1,1,1312270
Os Arcanos da Loucura,"Documentary, Drama, History",2020-09-20,500,500,1244243
Untitled,Drama,2024-03-20,10,2,1254062
The Thirteenth Floor,Horror,1988-05-11,16,18,1320015
my aventures with superman,"Animation, Action",2023-08-18,200000,200000,1254016
Eccentric,,2024-05-15,1000,1000,1320142
Luk Thep Tom 3,"TV Movie, Horror, Drama, Mystery",2024-07-04,50000,50000,1312403
Donner Party 2,"Drama, Romance, Thriller",2024-03-01,4,30,1251982
Sofia,"Mystery, Thriller, Drama, Science Fiction",2024-07-07,1,1,1314350
This Is It,"Fantasy, Romance",2024-02-14,11000,21000,1314354
The Mime 2,Horror,2021-12-08,1000,1000,1314056
Alien: Director's Cut,"Horror, Action, Fantasy, Science Fiction",2004-01-01,11000000,187400000,1318914
Forgotten Mirage,Drama,2024-01-10,10000,20000,1251825
De lo inmenso que es Sentir Neutro Gris,"Drama, Horror, Thriller",2024-02-24,100,200,1251688
Hasat Zamanı,"History, Drama",2023-12-15,100,150,1245132
"he loves me, he loves me not",Romance,2024-02-14,1000,250,1245008
John Thick,"Action, Comedy",2023-03-16,1000,1000,1313962
Thailand Most Viral Vlogger 2,"Documentary, Drama, TV Movie, Adventure",2024-07-14,10000,10000,1313984
The Stick Slasher,"Horror, Thriller",2022-10-19,100,100,1313720
Abdi's Corner,"Action, Comedy, Crime",2024-04-08,10,1,1276423
Being a Comedian Joker in the Oldest Muaythai Gym ended in a Fight!,"Comedy, Documentary, TV Movie, Drama",2024-05-20,100000,100000,1292473
Volador (Flyer),"Drama, Comedy",2024-06-30,3000,3000,1276417
Kickassia,Comedy,2010-10-17,1,234,1275111
Catboy,"Action, Thriller, Adventure, Science Fiction",2023-04-24,600001,10000,1293876
Decisão Real,Drama,2010-08-01,100,10000,1274972
الاسطي الدكتور,Drama,1985-05-28,5,1,1275488
Mean Girls The Musical,Music,2017-10-31,15,180,1293325
Duelo sin Balas,"Comedy, Crime",2024-05-15,60,200,1291424
The Wake of Flip Fitch,"Music, Horror",2023-12-08,200,200,1277446
the man,Mystery,2024-05-24,500000,2000000,1291055
Back at the Barnyard: Escape the Barnyard,"Comedy, Animation",2009-09-29,10,25,1277888
Oy Oy,"Drama, Romance",2024-05-10,4000,100,1290939
November,"Romance, Drama",2023-12-04,10000,100000,1292188
All an act,"Thriller, Drama",2024-06-07,20,20,1292147
عفوا عزيزي الاب,Drama,1973-08-09,4,3,1276524
Rashford Biggins 2: A True Revenge Story,Action,2023-06-03,100,98,1276629
Rashford Biggins: A True Football Story,Science Fiction,2022-11-17,1,2,1276622
Jude on 17 memory,"Horror, Romance",2026-12-09,2,19,1277126
palm climber,Drama,1988-01-12,2,2,1277146
love school,Romance,1988-06-29,5,3,1277096
The greatest iyopj,Drama,2025-05-14,511000,5110000,1291825
IN THE STEAMBOAT WILLIEE,"Horror, Thriller",2024-01-09,5,5,1277182
Less paper,"Comedy, Science Fiction",2024-01-21,70,10,1277173
PHANTASMAGORIA: On Demand,"Comedy, Horror, Mystery",2024-05-16,10000,1000000,1291993
PLEASE,"Animation, Thriller",2024-04-05,5,10,1276951
Pk Saenchai Gym,,2024-05-16,100000,100000,1291878
Apocalypse Unknown,"Horror, Drama",2022-08-27,5000,1300,1276960
CA7RIEL & Paco Amoroso - BAÑO MARÍA (Short Film),Music,2024-04-09,100,1000,1272400
Killer sprite mega movie.,"Adventure, Horror, Comedy",2022-08-11,40,10,1272407
ASTRAKAN,"Animation, Music",2024-05-25,375,1,1295694
"Maurina, O Outono Que Não Acabou",Documentary,2024-04-01,100,1000,1272791
ليمون حلو,"Drama, Romance",1972-06-12,5,3,1272903
Thailand Most Viral Vlogger,"Documentary, TV Movie, Drama",2024-05-28,100000,100000,1297019
Downpour,"Thriller, Horror, Mystery",2024-06-17,3000,3000,1296946
‘Wag Na ‘Wag Kang Lalayo,Action,1996-10-02,1000000,100000000,1274113
نونة الشعنونة,Drama,1994-11-01,5,6,1274149
Karma,"Horror, Music",2024-04-05,1,15,1274647
Dawn of Regret,Horror,2024-03-22,40,49,1294341
Tales of Solitude: One Last Supper,"Horror, Thriller",2024-04-20,500,50,1274515
Untitled,"Drama, Family",2024-05-24,30,5,1294406
Gold & Purple,,2024-05-23,60,400,1295221
#VIRAL,Horror,2023-10-31,500,723,1273375
Yojimbo,"Action, Drama, Adventure",1961-04-15,1400,13790,1295439
bye bye baby,"Comedy, Adventure",2023-06-17,4,120,1273937
صورة عائلية,"Romance, Drama",1982-05-13,1,2,1273785
Antigone,,2024-04-15,8,40,1273788
There will be blood,,2023-08-23,1000,100,1273769
Vertigo 2,Thriller,2024-04-23,50,100,1282211
חברים על סמים 2,"Adventure, Drama, Comedy",2023-10-26,5,1000000000,1286020
חברים על סמים 1,"Adventure, Comedy",2023-10-02,5,1000000000,1286009
Nyctophobia,Horror,2021-06-04,25,400,1286181
Gentlemen's Stroll,Comedy,2024-04-24,250,7000,1281298
The Pie Man,"Action, Comedy",2024-04-27,1000,300,1281327
Ghost House,"Comedy, Horror",2023-02-07,1,1,1281572
Game Of Thrones,"Drama, Action, Fantasy",2011-04-17,1000000,1000000,1281701
Milked,"Action, Crime, Romance",2024-05-09,100,5,1284023
Epic Final Fight for Freedom of Foul Fiends (NOT CLICKBAIT),"Comedy, Action",2021-12-08,25,25,1283765
How to live on your salary,"Comedy, Family",2000-03-15,2,5,1283026
Black Dohifat,"Action, Drama, Mystery, Comedy",2023-05-10,5,100000000,1285592
Thanaweyat texas,"Crime, Drama, Mystery, Action",2024-04-02,7,5,1278736
ドラゴンボールZ 危険なふたり!超戦士はねむれない,"Animation, Action, Science Fiction",1994-03-12,4144,154789,1278642
The price of power,Action,2023-12-01,138,200,1288906
Are we the only ones?,Drama,2023-06-07,24,25,1288815
MAGDALENA,"Thriller, Horror",2020-07-20,30,10,1290084
"Mérida, Tiempo y Naufragio.","Drama, Documentary",2018-02-15,50,10,1290076
THE PEQUEÑO POD #001 | DABBIN' WITH THE DEAD,Comedy,2021-07-02,10,1,1290512
THE PEQUEÑO POD #002 | AND THEN THEY GOT ROBBED,,2021-07-19,4,2,1290526
THE PEQUEÑO POD #005 | NO BEANS IN THIS SCHOOL,,2021-09-01,7,8,1290536
THE PEQUEÑO POD #003 | DEEP FRIED RAT,,2021-08-02,4,8,1290530
Who is DJ Rubbish?,"Documentary, Music, Drama",2005-01-01,300,350,1290480
Sabrisalgados,"Drama, Comedy",2025-07-16,10,10,1290550
Dr. Horrible's Sing-Along Blog,"Comedy, Music",2008-07-15,200000,3000000,1290563
El fin de todas las cosas,"Drama, Fantasy",2024-07-23,1500,100,1289915
Más allá del viaje,"Drama, Fantasy",2023-04-15,200,50,1290064
Caught The Bug,"Science Fiction, Animation",2023-10-13,700,700,1287764
Kaniela. The Danny Kaleikini Story,Documentary,2024-03-11,50000,80000,1287401
What Lies Ahead of Flynn Springfield,"Comedy, Drama",2022-06-28,50,500,1288456
4 meses com Cla,Romance,2024-01-01,2500,100000,1280071
50ft Or So...,"Comedy, Drama",2024-05-12,463,463,1288080
Blues for Alice,,2024-08-30,200,400,1280101
Animal Behaviour,"Comedy, Romance",1989-10-27,3500000,41526,1288132
Mr Surgeoner's Higher History Revision,"History, Drama, Documentary, Fantasy, War",2023-06-11,7,8,1262046
Opportunities,"Adventure, Drama, Thriller",2023-05-20,444,444,1262469
Flowers Grow Out of My Grave,"Adventure, Comedy, Drama, Fantasy, Thriller, Horror",2023-10-21,200,200,1262476
Streets Of Terror,"Thriller, Drama, Horror, Action",2024-08-22,6,6,1261364
This is a Big Night for Ricky,"Comedy, Drama",2024-03-18,100,100,1261297
Risking Life,"Drama, Family",2022-11-22,1500,3500,1261537
Yalnızlık Yolu,Documentary,2022-05-26,200,180,1305363
Pohlster The Movie,"Comedy, Action, Music",2021-07-10,500,5,1303459
Wonderland,"Science Fiction, Family",2024-06-05,10,3,1302880
Eco Choice,,2023-08-31,98,360,1264306
The dice 2024,"Thriller, Action, Crime, Drama",2024-06-16,5,200,1303166
I HATE JUNE 12TH,Drama,2024-06-12,1,1,1303040
阿龙与莉莉,Animation,1989-01-01,10000,100000,1263475
A Violent Tale,"Crime, Thriller, Drama",2022-07-01,1200,1200,1303856
Piano,Drama,2021-01-12,6000,6000,1258920
Sandman,,2019-01-12,6000,6000,1258942
The Raven,"Drama, Horror, Fantasy",2020-01-12,6000,6000,1258930
Lost Teenager,Drama,2024-06-21,10,10,1307835
The Town,Documentary,2024-06-22,5,5,1307782
Suga,"Crime, Science Fiction",2024-04-05,500000,100000,1309114
Astronomical Echoes,"Music, Fantasy",2024-06-25,3868,20,1308687
Luk Thep Tom 2,"Horror, Drama, Mystery",2024-06-23,10000,10000,1308596
LEFT,Drama,2024-03-13,12,96,1258390
Dreamed to sea,"Documentary, Drama",2023-11-16,5000,500,1260786
Trevor,Comedy,2023-01-10,40,40,1260540
Ace Thunder Ace Blisterball,"Science Fiction, Action, History",2018-04-05,20,1,1260503
The Element of Surprise,"Action, Thriller",2024-06-26,20,37,1305973
wolves,"Drama, Crime",1983-04-06,50000,1000000,1306276
Ingvar Celebrates Christmas,"Comedy, Drama",2014-12-26,200,200,1307142
Counting Cards,Comedy,2024-03-08,20,5,1260394
Mrs. Dalloway,Drama,2023-05-17,10,10,1269079
Toc Toc Toc,Drama,2024-06-01,100,1,1299139
Teletext,Animation,2024-06-01,25,55,1299196
Birth of A Savage,"Drama, Thriller, Action",2024-01-17,110000,130000,1268970
The Boy's Night Out,Horror,1989-11-01,25,1000,1298781
Jolkuori,"Fantasy, Drama, Horror",2024-01-25,60,80,1299566
Emersonian of the Day,"Comedy, Mystery",2018-09-18,1500,147,1268585
THE CEO OF SEX ( no sex edition ),"Action, Comedy",2024-04-06,2734,24600,1268624
Apartment 7B,Thriller,2023-11-10,1000,2000,1268409
The Scratch Saga,,2018-07-11,200,30,1268396
How We Feel,Drama,2024-02-14,85,85,1297578
Rearick Film Studios' Doctor Mobius,"Action, Adventure",2022-10-21,20000,30000,1270831
The Santa Movie,Comedy,2020-12-17,20,50,1297543
CAMALEONES,"Thriller, Drama",2024-04-19,250,500,1270811
Zombie-19,"Adventure, Mystery, Science Fiction",2021-06-07,400,300,1270968
Skyldig,"War, Mystery, Thriller",2024-05-19,100,100,1297476
The Meet Arnold: The Movie,,2022-11-18,200000000,90000000,1270920
EDDY,Drama,2015-09-23,50000,1000000,1271337
Baño María,"Horror, Comedy, Music",2024-04-09,100,1000,1271362
Nature Planet: House of Squirrels,"Comedy, Documentary",2024-04-19,75,84,1271458
worm movie,Action,2024-05-29,100000,1000000000,1297132
"111, THAT PART THAT IS NOT TOUCHED",,2024-03-20,30,50,1297134
Potassium Assassination,"Horror, Thriller, Comedy",2024-05-29,17,5,1297138
Tripolar 360°,,2024-05-29,30,50,1297389
The Hills,,2024-07-25,100000000,200000000,1297420
Coca-Cola: The Fan Movie,"Adventure, Comedy, Drama",2021-08-06,20000,30000,1269737
Innocences,"Mystery, Thriller",2023-06-13,3,2,1298338
THE ELF,"Horror, Comedy",2023-12-15,20000,30000,1269765
I threw myself for you,,2000-03-03,2,1000,1298370
Deadpool 2: Super Duber Cut,"Action, Adventure, Comedy",2018-08-07,110,785,1298356
Hit And Run,"Drama, Action",2024-05-31,1,1,1298360
The ALMA Documentary,,2023-08-03,100,200,1297941
Not so Bad,,2021-11-21,30,50,1297928
Not so Good,,2021-10-21,30,50,1297921
Le Perroquet dans sa Soucoupe (Short Version),"Documentary, Adventure",2024-05-24,50,1100,1298037
Преследование,"Thriller, Horror",2023-06-30,10,10,1265349
In Eros We Trust,"Romance, Action",2024-03-31,2520,608,1265753
DEAMMM,"Documentary, Comedy",2028-12-31,3000,26000,1264644
Il nostro messia,,2008-05-23,490000,11622,1264628
The Bill Land Dance Off,Drama,2024-03-26,1,1,1265226
THE MACHINE,"Documentary, Science Fiction, Music, War, Comedy, Action, Western, Family",2024-06-02,20,20,1300047
Downpour,"Horror, Thriller, Mystery",2024-05-12,3000,3000,1300058
lente / ruido,Thriller,2023-06-15,375,20,1300076
Protest,,1976-01-01,1000,500,1267683
Пропавший Тигрик,Comedy,2021-05-30,1,1,1267481
ZAKOŃCZENIE KLAS 8,,2024-06-21,267000000,193000000,1301115
Shift-e Nimeh Shab 2016,"Music, Family, Comedy",2016-06-02,18000,30000,1266829
English,Drama,2024-06-01,30,50,1300781
Le Trafic De Drogue,,2024-06-28,100,5000,1300708
Man's Best Friend,"Drama, Comedy",2022-06-21,20,405,1141200
Wrong Bill,"Crime, Comedy",2022-12-19,30,350,1141204
Loose Change,"Comedy, Drama",2023-06-14,100000,200000,1140548
With my father's permission,Drama,2023-07-07,60000,4600,1142382
Pair of Shoes,Drama,2023-07-27,1000,1000,1142350
"Max,A raposa",Mystery,2023-06-20,3,3,1142816
Hlemmur Foodhall,Documentary,2023-05-27,100,100,1142592
The Light,Horror,2020-09-08,1,100000000,1141706
The Hidden Persuaders,Drama,2011-07-01,50000,50000,1142118
Rupert’s 6,Thriller,2024-11-02,300,20,1138352
Healing US,Documentary,2023-05-19,250000,300,1137733
How To Build A Forest,"Science Fiction, Animation",2023-06-07,5000,5000,1137601
Clarence 2,"Action, Thriller",2023-07-01,100,1,1137945
IN-FAME,"Drama, Mystery",2023-06-01,200,200,1138820
Introducing: Mr. Goode,Drama,2020-06-10,10000,10000,1139744
Chaos Black,Science Fiction,2014-06-18,10000,80000,1139731
Weird Love,Drama,2014-08-10,9000,9000,1139708
5 Minutes,Drama,2022-09-16,10,11,1138899
deffessu',"Drama, Comedy",2023-06-06,4,69,1139005
Catching Dragonflies,Horror,2017-11-30,9720,11000,1146501
Fragmented Echoes,"Drama, Fantasy, Thriller",2023-08-03,50,50,1145697
Les Tourments d'une Criminelle Exilée,"Thriller, Drama, Crime",2023-07-05,15,25,1147599
La Maison du Paysan Hoffman,Horror,2023-03-15,10,20,1147602
Life Of A Sun Warrior,"Animation, Fantasy",2023-07-04,1,1,1147822
Automaton,"Mystery, Crime, Science Fiction, Thriller, Drama, Horror",2023-01-09,103,2,1143404
Whacked,,2023-05-16,50,50,1145177
Bama Vijayam,Fantasy,1934-01-01,18939,378787,1145206
Senioritis,Comedy,2023-05-05,50,100,1144803
Donut Disturb,Comedy,2022-09-01,9,1,1130493
Pacific,Drama,2023-06-12,50,100,1130307
MONKEY BUISNESS,Horror,2023-05-22,2,5,1129890
Nails,"Horror, Thriller",2023-06-21,50,835,1131741
Fasl-E-Gul,Drama,2023-05-15,59,59,1130884
Overbruggen,"War, Documentary",2023-05-21,50,150,1131138
Dok,"Drama, Family",2022-04-06,1000000,3000000,1127007
MONSTER (Short 2021),"Thriller, Drama, Horror, Comedy",2021-12-16,145,145,1126839
First Girlfriend,"Romance, Drama, Crime",2019-11-23,2,703,1128476
¡Slap!,"Drama, Science Fiction",2023-05-25,1,100000000,1128957
Bortal,Horror,2023-05-18,100,100,1136042
Let Sleeping Guns Lie,"Mystery, Crime",2005-12-30,10,9,1136005
90s Time Traveler Discovers AI,"Drama, Comedy, Science Fiction",2023-03-13,100,101,1136011
Pre-Prom,Drama,2023-06-16,50,2000,1135913
laundry,"Thriller, Science Fiction, Romance, Documentary, Family, Adventure",2023-05-31,4,8,1134858
Juvenile Drive,"Comedy, Drama",2023-05-26,4,1000000,1137028
Snow Bunnies Never,"Comedy, Family, Romance",2023-06-06,1,1,1137109
Me and Matheo eating a burger,"Crime, Drama, Mystery, Horror",2023-06-05,17,7,1136360
Me and Matteo eating a burger,"Crime, Drama, Mystery, Horror",2023-06-05,17,7,1136380
Mineralium,"Crime, Thriller",2023-05-18,100,100,1136447
Neelay Laddu,Drama,2022-11-25,59,59,1136766
President,"Comedy, Drama",2023-05-31,400,6000,1133226
100,"Comedy, Mystery",2023-05-03,1,1,1132454
mr dadee,"Drama, Thriller, Action, Family",2023-08-06,1073,8385,1161398
Menace To Society,"Thriller, Action, Mystery",2022-07-28,1220,10000,1161695
Aquajots,Family,2012-08-16,100000000,1,1161353
Daxonomy,"Comedy, Science Fiction",2023-08-06,2000,2500,1161147
blue.,Drama,2022-05-14,100,950,1162822
Zombie Attack,"Animation, Action, Comedy",2021-12-04,52,3300,1162905
English,Drama,2022-04-15,54000,900000,1162169
Batman: Stained Heir,"Mystery, Crime, Action",2022-08-05,600,69000000,1162503
The Muddy Hand,"Horror, Comedy",2023-09-26,10,20,1162330
Sombra,,2021-07-21,2000,10000,1159111
Scummo the Kid,"Western, Action, Drama, Adventure",2023-08-02,10,10,1158749
Steady On,Western,2019-10-26,100000000,50000,1159786
AMC: Under The Curtain,Thriller,2023-08-03,500,700,1159506
Peanut Lover,"Documentary, Comedy",2023-05-04,30,100,1166496
Heirloom: Guitar,,2023-10-01,1000,1000,1166832
¿Dónde estoy?,Horror,2021-06-08,5,4,1165947
Necesito amigos,"Documentary, Family",2021-06-25,5,2,1165950
Nieve derritiéndose,Documentary,2021-04-15,20,1,1165943
Tormenta de nieve,Documentary,2021-03-24,20,1,1165936
Neben der Spur,Drama,2019-10-03,400,375,1167958
The Goddess of Forest,Drama,2023-04-14,2500,7500,1168020
The Fiti,"Comedy, Fantasy",2023-08-15,1500,700,1167494
Coffee In The Heat,"Comedy, Family",2023-08-12,50,50,1163740
LEGO Among Us,Animation,2020-08-21,50,10,1165151
Gooweiser,"Horror, Science Fiction, Thriller",2023-05-09,50,120,1165593
Girl Sunset Girl,Animation,2023-07-11,5,10,1150850
Mighty Morphin Power Rangers: The Movie - Secrets Revealed,Documentary,1995-01-01,15,66,1150895
Soft,Drama,2023-02-11,450,125,1150931
FATHER AND SON 2,"Action, Drama",2023-07-11,5,5,1152809
Tabloid,"Comedy, Drama",2021-12-01,5,1,1152844
Withdrawals,"Crime, Drama",2023-07-17,5000,100,1153115
They,Horror,2004-09-02,10,10,1153216
Consumo Americano,,2022-08-11,300,175,1152406
Stoney,"Comedy, Action",2023-04-22,15,1,1152239
Crawfest,"Documentary, Music",2023-07-10,1200,400,1149302
Contract Killer The beginning,"Action, Comedy, Drama",2017-04-25,1000,2103,1148266
And Died Together One Day,,2021-04-20,10,10,1156613
Opening,Drama,2023-05-25,75,150,1156815
FIM DA GRACOM : Você (Não) Será Lembrada,"Documentary, Drama, Science Fiction, Comedy",2023-08-23,5,10,1155943
The Cradle,Horror,2023-07-16,20000,50000,1157900
Las Agujetas Falsas,Drama,2023-07-27,150,200,1154172
Alter Ego,"Science Fiction, Adventure",2016-12-20,100,120,1155292
For The Love of a Chanel Bag,Comedy,2018-02-12,100,120,1155299
The Shoe,,2011-07-21,100,100,1155306
Wanderland,,2007-01-12,100,100,1155320
Sugus Trip,"Comedy, Science Fiction",2022-07-13,200,220,1095181
En Otro Lugar,"Comedy, Romance",2022-05-27,2738900,37780,1095190
True Darkness: DETECTIVES,"Drama, Mystery, Horror",2022-02-22,500,500,1095131
True Darkness: KEEP MOVING,"Horror, Mystery, Thriller",2021-10-31,500,500,1094670
Aprilis,"Drama, Thriller",2023-03-03,25,175,1096649
ReLive,"Science Fiction, Drama",2023-03-11,800,550,1097024
Making Space,,2022-10-16,200,100,1093778
Abscond,"Drama, Mystery",2019-12-09,500,500,1094287
Salad Days,"Drama, Comedy, Adventure, Music",2019-08-10,500,500,1094291
Clean Transport PSA,,2023-02-09,5,5,1094074
After Fire,"Drama, Mystery, Thriller",2020-06-21,500,500,1094111
NORMAN,Comedy,2023-03-23,100,101,1093009
Door 11,Thriller,2014-01-09,1000,1000,1102520
The Drift,Drama,2015-01-06,1500,3000,1102535
The Life of Earl Ray,Drama,2023-03-24,60,61,1101427
Locked In,"Drama, Music",2020-03-21,500,500,1097953
Lasting Impression,"Drama, Family, Mystery",2022-01-15,500,500,1097981
The Soulsman,Thriller,2023-04-14,5,6,1097185
The Master's Empire,,1974-02-09,29000,11746,1099338
Break Free,Drama,2021-05-21,500,500,1098527
A Jornada,Documentary,2022-07-14,1000,1000,1098640
The Game of Kings,"Comedy, Family",2023-01-16,1,1,1084135
Spinning Gasing,"Drama, Music",2000-11-06,563645,113774,1083207
Across the Gulf,Drama,2023-01-11,85,1,1083159
Everyday is Christmas,"Drama, Music",2022-12-13,10,10,1084788
"Lapis, Ballpen at Diploma",Drama,2014-02-25,3000000,100000,1080053
Maamu Tension Nai Leneka,Comedy,2007-10-12,1000000,3000000,1079863
Fiker Siferd,"Drama, Romance, Crime, Thriller",2005-01-01,11000,600000,1080270
Ραμπόγιαννος,Crime,2023-01-01,150,150,1082251
World Cinema,Drama,2023-06-30,10,12,1082616
Les Céréales mielleuses,Drama,2023-02-15,70,2,1089448
Bitter Tears of Kamenka Herz,"Drama, Fantasy",2022-12-23,100,1000,1089934
English,,2022-10-01,30000,500000,1088598
Lemon man vs the Multiverse,"Animation, Science Fiction, Comedy, Thriller",2023-02-24,399,100,1090959
VROLOK,"Romance, Mystery, Fantasy",2018-07-13,20,100,1090993
最后的武林,"Comedy, Action",2017-02-14,500000,50000,1091404
Out of the Night: The Stephen Arrington Story,"Action, Drama, TV Movie",1995-06-09,50000,100000,1086693
"Bret ""Hit Man"" Hart: His Greatest Matches",Adventure,1993-07-05,998,1048,1087108
Romeo 1980,Fantasy,2023-09-23,100000,56743,1087117
A Short History of the Chechen Mustache,Documentary,2023-02-08,5,10,1086928
Close Up of Solitude,Drama,2021-05-05,500,1000,1086241
The Wood's Killer,"Horror, Drama, Action",2023-02-28,10,10,1086400
F—k You,"Comedy, Action",2022-06-26,89,880,1086319
The Date,Comedy,2023-02-15,30000,50000,1087170
Lady Puto,,2023-02-15,10000,80000,1087236
22 Días,Thriller,2021-03-31,200,200,1118380
Vengeance Sombre des Monts d'Arrée,"Drama, Adventure",2023-06-22,50,120,1117561
Moving In On Daddy,"Adventure, Family, Horror, Romance",2015-06-02,1000,10000,1120371
Gavin Facial,"Comedy, Horror",2023-04-28,20,30,1119103
Gavin Serve,"Comedy, Science Fiction, Horror",2023-05-06,200000,300,1119487
MSA: Tiny Milk Balloons,Comedy,2021-10-17,1,1,1115497
The Triumphant Return of RigidPenis the PurpleHelmetAvenger,,2013-07-03,20,7,1115774
Ah My! Is Ann ill?,Comedy,2023-09-11,69,420,1115222
Jim’s Silly Songs,"Comedy, Drama, Thriller",2023-04-17,19,27,1114643
THE 10TH KKBOX MUSIC AWARDS,Music,2015-02-08,20000,2000,1117251
Hitler vs Günther - Love Story,Romance,2022-01-16,100,10,1116120
The Lighthouse Fan Film,"Horror, Thriller",2023-04-19,50,5,1116689
"The Greatest, Terrible Book Ever Made - The Story too Disturbing to be a Movie: Blood Meridian","Documentary, Western",2023-04-16,23,62,1116425
Dial,"Drama, Horror",2023-10-31,5000,5000,1116492
FEELING EVERY SUNSET,Documentary,2023-04-21,150,500,1116461
One Minnesota,"Horror, Romance, Mystery, History, TV Movie",2020-03-20,10000,9000,1124489
Kein Fall für schwache Nerven,"Comedy, Crime",2023-05-09,10,1,1124050
DOC America,"Music, Documentary, Family",2023-02-19,700000,10,1124853
Despejadas,"Documentary, History",2018-11-29,1000,1000,1123924
The Timely Demise of Mr. Apocalypse,"Comedy, Science Fiction",2023-05-03,100,200,1121481
Un hombre entre monstruos,"Mystery, Thriller, Comedy, Crime",2021-09-02,10,100,1121609
WEYMOUTH'S FIRST ACTION MOVIE,"Action, Horror",2021-05-21,10,50,1123023
5 Day Scam,Comedy,2008-12-19,415596,93613,1122107
This Is A Robbery,"Crime, Action",2023-05-04,19,66,1122084
ESPERA,"Horror, Thriller",2022-09-06,50,150,1122140
The Veteran,"Drama, Thriller, Mystery",2023-03-29,50,10,1106208
探险旅行,Romance,2017-08-31,10000,10000,1106639
Temptation,,2017-01-25,100000,10000,1106731
The Final,,2023-03-28,9,12,1106615
Oklahoma’s Next Big Hit Sensation,Comedy,2023-03-23,6,9,1105601
La paradoja Sellami,Western,2022-12-08,1000,5,1105994
Heaven and Hell: Creating Cocos Create,"Documentary, Comedy",2023-03-28,100,200,1106089
Mercearias de Beagá,Documentary,2021-12-05,200,500,1107769
Two for the Bed,"Crime, Drama",1992-02-01,10000,10000,1107547
妻子的视频,Drama,2017-05-31,10000,10000,1107018
Xing Lin Chun Nuan,Drama,1992-04-11,10000,10000,1107028
A Dogs Day,"Comedy, Adventure, Family, History, Music",2023-03-30,1000,10000,1106853
Confession of Korean Wife,"Drama, Romance",2014-01-23,10000,10000,1107450
Trayectos,Documentary,2018-04-04,1500,3000,1103453
Short Distance,,2019-09-09,1000,500,1103552
Vórtice,Horror,2022-01-10,2000,2000,1103441
Matarifes,Drama,2016-01-05,2000,500,1103404
Agua,Drama,2017-09-10,5000,3500,1103409
The Audition,Drama,2019-09-09,7000,10000,1103434
Like,Thriller,2015-01-07,2000,2000,1103399
Unorganized Crime,"Comedy, Crime",2023-03-31,1,1,1102763
Double face,Drama,1977-03-26,10000,200000,1105011
Double Face,Drama,1997-03-17,10000,200000,1104979
我朋友的婶婶,Romance,2019-03-05,100000,100000,1104863
Scythe vs Pole 3,"Action, Comedy",2023-07-16,4,4,1112755
Das Miro Projekt,Science Fiction,2023-05-29,7,200,1111277
The Magicians Opera,,1937-04-14,14000,15000,1113766
Most Talented Musician 2023,,2023-04-20,10,20,1114448
La Mirilla,,2023-02-28,10,10,1113101
MOVING DAY,"Thriller, Comedy",2023-04-04,293,18,1113094
Have You Seen This Before?,"Documentary, Family",2023-04-13,50,50,1112804
Escaping Chad,"Action, Adventure",2020-06-16,8,10,1112764
The Stalker,"Horror, Thriller",2020-12-12,1,1,1112767
The Rise of Eyes,"Action, Science Fiction",2020-12-17,5,7,1112771
Red Lightning,"Action, Crime",2023-06-30,5000,5000,1113286
Slay Ride,"Action, Horror, Comedy, Crime",2022-06-03,5500,6100,1113305
Kopf in den Wolken,Mystery,2023-09-01,500,300,1108554
Renart Ushio #4,"Documentary, History",2020-11-20,5,5,1108379
Dhakad Chhora,"Romance, Family, TV Movie, Comedy",2004-10-08,100000,500000,1108927
Psalms,"Animation, History, Drama",2003-01-02,5000,5000,1110727
胸糞インモラルNTR 涼森れむ【MGSだけのおまけ映像付き+10分】,,2023-03-31,3000,7000,1110091
Spider-Man: Lotus,"Action, Drama",2023-08-05,125,125,1217859
violation,"Documentary, Crime, War",2004-06-11,6000,4000,1218617
Scissor Bay,"Music, Horror, Thriller",2023-03-30,10,2,1215426
Live Long (Prayer II),"Music, Comedy, Thriller",2023-06-20,10,2,1215432
Challenges,,2011-07-07,150000,500000,1216671
Jeez Jimmy!,Comedy,2023-10-26,145,123,1216203
Jinx,"Drama, Comedy",2022-10-22,10000,10000,1216281
A Girl at the Edge of the Universe,"Fantasy, Drama",2023-12-25,30,30,1219408
The Ensemble,Drama,2024-05-11,1,2,1222526
Branca de Neve e o Caçador Alvarenguense,,2023-11-15,786,9897,1222749
Downey's Dream Cars,TV Movie,2022-07-13,250000,400000,1222547
Wall Street,,1987-12-11,16,43,1221944
Memorium,"Drama, Science Fiction",2023-12-27,713,194,1223057
Infinitely,"Drama, Comedy",2023-09-30,15000,15000,1223349
Interview To Nikki Bella By Johan Archiles,Comedy,2022-06-05,150,110,1220034
"Interview To Laci Mosley And Jaidyn Triplett, Cast Of Icarly, By Johan Archiles",Comedy,2023-05-31,190,102,1220084
Rastgele Orsa,Documentary,2012-11-10,20000,50000,1220088
Johan Archiles Interview With Mandy Rose,Family,2022-06-12,264,117,1220049
Vol,Animation,2009-02-12,4000,15000,1220102
Altıpatlar Tekkale,"Action, Drama, Crime",2010-02-12,7000,20000,1220115
Interview To Miranda Cosgrove,Comedy,2023-08-31,219,98,1220059
Interview With Kayla Braxton WWE Reporter By Johan Archiles,Comedy,2022-07-26,130,80,1220069
A Gluten-Free Christmas,Comedy,2023-12-18,1,1,1219493
1286,Drama,2023-12-26,20000,40000,1219508
Proyecciones,"Romance, Fantasy, Music",2023-05-25,600,250,1221327
vs Yack (a jarty original),"Comedy, Drama, Documentary",2023-12-21,6000000,2,1220780
A Thirst for Faithfulness,,2023-12-20,1,1,1220738
Bukan Arwah Madhya,"Horror, Mystery",2019-09-02,8000,2000,1220872
Tommy: A Power Rangers' Story,"Action, Adventure, Science Fiction",2023-07-19,30,142,1208232
SPECTRO,Horror,2023-11-24,25,170,1209984
Five Nights At Freddy's: The Movie,Animation,2023-11-03,200,200,1210033
Jesus Christ! He's Sectioned!,Comedy,2019-09-19,130,100,1210329
Skibidi Toilet: The Movie,"Action, Science Fiction, Thriller",2023-11-26,2000000,12000000,1210350
Star Wars: The Equilibrium Knight,"Adventure, Science Fiction",2021-03-31,500,452,1210123
Deck of Cards,"Drama, Thriller",2023-12-02,100,200,1213329
Presságio,"Drama, Fantasy",2023-08-01,1300,1300,1213723
Yo la maté,"Mystery, Thriller, Drama",2023-12-01,160,160,1212726
Jedi Night School,"Science Fiction, Comedy",2005-08-17,10,20,1212936
Tying The Knot,Animation,2023-05-06,100,200,1214671
Terminal Crab,"Animation, Comedy, Romance, Drama",2023-12-06,4000,25,1211085
Custody Loss,Comedy,2020-10-24,150,150,1210511
"Francis, Francis & Francis","Comedy, Science Fiction",2023-11-30,1,3,1210807
Downup The Exit 796,"Action, Thriller",2018-07-16,300000,1000000,1212517
"Wizard People 2: Spiders and Snakes, Dear Reader",Comedy,2011-07-13,100000000,876688482,1212405
Boishakhi Hawa,TV Movie,2019-04-14,3000,5000,1211954
Backspace,TV Movie,2018-08-29,3000,3200,1211962
Kongkaboti,TV Movie,2021-01-11,2000,3500,1211929
The Last Man,Documentary,2021-05-18,1500,2500,1211900
Tim Kim's Great Escape,Action,2024-01-25,1316,25,1236207
Make It End,"Drama, Fantasy, Mystery, Thriller",2024-05-01,200,50,1236256
10 Things I Hate About You,Comedy,2009-07-07,13000000,1000000,1237183
Wedding,"Family, Comedy",2006-01-27,5000,5000,1237032
SILENTLY UNITED,"Drama, Adventure",2024-01-25,300,5000,1237502
JUST KEN,"Thriller, Horror, Comedy, Drama",2023-07-24,30,5,1233668
Seltser Babies,"Animation, Action, Adventure, Comedy, Drama",2024-01-23,10,11,1235268
ITA Live: Oedipus,"Drama, Thriller",2021-03-21,100,100,1234327
Halo 4,"Science Fiction, Action, Adventure",2012-11-06,40000000,220000000,1234462
Less Than Nothing,,2012-01-01,200,1000,1240274
can,"Thriller, Drama",2011-01-01,10,100,1240283
METAL GEAR: SILLY,"Action, Adventure, Comedy",2024-01-24,200,1,1241650
SHALLOT- a walk thing,"Thriller, Horror",2024-03-03,200,1,1241662
Bluetooth Love,"Comedy, Romance",2024-02-07,15,1,1241991
In The Morning,"Drama, Romance",2024-02-08,1,1,1241095
LE BLUE LE BLUE,"Horror, Romance, History, Drama",2024-02-05,17,2,1241268
Iste  Benim Okuma Bayramim,Documentary,2007-05-27,20000,30000,1238613
O gato voador,"Documentary, Adventure",2024-01-30,10,15,1238436
Cold Blooded Love,"Drama, Crime",2024-04-10,50000,55000,1238446
Golden Pen,"Fantasy, Adventure, Thriller, Horror, Comedy",2020-04-25,120,602,1238559
Kun 2 Minutter,"Science Fiction, Thriller",2024-01-29,1,150,1237693
Pasamontaña Quemado,Drama,2021-11-18,50,50,1239434
The Vortex,"Thriller, Drama",2024-03-14,3000,5000,1239818
Nishana,"Drama, Family",1995-02-17,550000,850000,1239132
Bowser Sees Space Jam,Comedy,2023-12-31,5,5,1238997
I Am RichboyLAC,"Documentary, Music",2023-11-23,5000,5000,1227018
Gone and Taken,"Thriller, Drama",2024-01-15,10,10,1227182
party animals,Comedy,2027-09-26,1,1,1226636
Hismario123 Unites,,2022-09-18,1000,5000,1226576
When The Panda Lurks,"Horror, Thriller",2024-01-03,100,100,1227942
The Quiet Shore,"Drama, Romance",2019-10-15,2000,800,1224139
Adventures in Bora Bora,"Horror, War",2023-08-23,800000000,3000000000,1224207
Fever Queen,Horror,2020-01-17,200,600,1224049
"Harriet, Deaconstjxhn and Ryanasc listening to Björk's entire discography","Music, Documentary",2024-01-02,1000,1000,1225733
Try Your Best,Drama,2024-02-09,20,10,1226126
ManguJyoti,"Crime, Comedy, Family",2024-01-25,50,7,1226086
Dadmance,Comedy,2017-04-24,3,3,1225307
Lethal Company,Horror,2026-12-12,1,1,1225502
Ballon D'or,"Documentary, Adventure",2025-01-01,1,1,1225483
Rapid Eye Movement (REM),Fantasy,2020-06-08,14250,20000,1225462
"Verbalase/Charlie - ""Hide Away""","Animation, Music, Romance",2024-01-11,50000,1,1231781
Superfluous Baggage,,2021-11-25,157,152,1231653
O Grupo - Guerra do porco,"Action, Adventure, Crime, Drama",2024-02-23,223,100000000,1231657
JCHS: A Christmas Miracle,Comedy,2021-12-25,623,423,1230779
JCHS: Another Christmas Miracle,Comedy,2022-12-25,637,795,1230784
PC Plum: Perfection Cop S1,Comedy,2021-05-29,500,700,1230785
The Harry Potter IMAX Marathon,"Adventure, Fantasy",2016-10-14,500,67,1231220
Vidhi: The Resolution,"History, Drama",2023-11-10,18500000,72394200,1231262
Breaking Glue,"Comedy, Action",2024-01-01,50,50,1232700
New Horizon,"Fantasy, Action, Adventure",2024-02-10,27,1,1232723
Behind Closed Doors,Drama,2018-06-06,521,435,1232535
PC Plum's New Car,Comedy,2020-06-14,243,265,1232545
Film Ideer,"TV Movie, Documentary",2023-12-11,1000,2500,1232305
"SEAMUS. SEAMUS. Now, Then and Before","Comedy, Documentary, Crime",2024-01-06,4000,200,1232227
ITA Live: Kings of War,"Drama, History",2021-01-22,100000,100000,1228471
Looking For Love,"Documentary, Comedy",2023-04-03,3,4,1228457
Madhan Ramu,Thriller,2022-10-21,21720150,127068796,1230302
The bigfoot prophecy,"Adventure, Fantasy, Horror",2024-01-31,5,4,1230046
One Step Forward,Drama,2023-10-10,15,20,1181437
Los Peligros de Fumar en el Sillón,"Comedy, Thriller",2023-09-20,20,20,1180754
Oh Sweetie!,"Horror, Drama",2023-09-22,100,100,1180708
No Good Ideas,"Comedy, Action, Drama",2023-09-17,10,10000,1182302
Stronger,Music,2007-07-31,1,1,1179959
Bus Stop Wi-Fi,"Comedy, Drama",2023-08-31,1,10,1179624
The Creature of Memorial Park,"Horror, Comedy",2020-05-17,100,100000,1185855
For the love of cash,"Drama, Crime",2023-06-16,25000,25000,1185706
Bequest,Drama,2023-10-01,5000,5000,1186191
Reframe,"Horror, Thriller",2023-09-19,300,20,1186026
Jay Walker: Immature,Comedy,2023-07-05,250000,8000000,1185296
The haunting in rosemary lane,"Horror, Documentary",2023-01-10,1000,100,1185432
The End of The Generation,Drama,2023-09-29,1,2,1185489
Manduka,"Mystery, Crime, Thriller",2023-12-15,6,10,1187038
Jack of Hearts,"Drama, Comedy",2023-08-19,105,300,1187133
Women Who Run with the Wolves,"Drama, War",2019-05-05,20190,2019,1182922
Blood,"Drama, Romance, Horror, Crime",2023-09-25,6,6,1182818
The Jerma Show,Drama,2022-07-15,60000000,2,1182858
I Need 5 Bucks,"Comedy, Action",2023-09-24,10,10,1183196
Che,"Drama, War",2008-12-12,58,42,1183099
Liberals in Paris,Music,2022-04-16,1000,250000,1184168
Those Who Kill,"Crime, Drama",2004-07-06,1,2,1170844
The Grooks II,"Comedy, Horror, Mystery",2022-10-31,100,100,1171357
Mother's Ruin: Unmasking the WMSCOG,Documentary,2023-10-07,300,300,1172595
Countersick,"Comedy, Horror",2023-11-09,130,130,1172152
The Grooks,"Horror, Thriller, Comedy, Mystery",2021-12-25,100,150,1172404
De olhos abertos,Animation,2023-08-17,600,2,1169475
Crow,"Drama, Horror, Thriller",2023-08-20,20,50,1169272
Strangers To Betrayal,"Crime, Drama",2023-08-17,20,50,1168500
The Art of Marriage,Documentary,1970-03-25,3500,100000,1168799
Stole My Heart,,2023-08-23,59,175,1168688
Desejo Expõe Suas Orbras (Desire's Exhibition),Animation,2023-09-24,103,63,1170412
Croquantes,Documentary,2022-10-08,76486,75455,1169866
Those Who Have Only A Dollar,Documentary,1998-09-29,1245,3445,1170074
Lea Dreams of Death,"Horror, Drama",2003-10-27,100,3,1170077
Wrapped Up,"Comedy, Romance",2023-04-11,10,999999,1175818
Honk,"Thriller, Science Fiction, Comedy, Mystery",2023-09-08,5,100000000,1175807
Good Morning,"Music, Animation",2007-09-11,1,1,1176896
PINK BULLET,Documentary,2023-07-22,581,50,1174133
Case Closed,"Documentary, Comedy, Drama",2023-09-06,13000,1,1174229
Eternamente,"Romance, Horror",2023-08-17,2000,500,1173804
Paradis Artificiels,Drama,2020-05-01,30,3,1173778
Doll House,"Animation, Drama",2022-10-12,6,15,1175051
Goodbye Channel 99,Fantasy,2023-08-26,1000,55,1174526
The Burnouts,Comedy,2021-08-27,25,500,1199613
Gifted Ruler,"Action, Comedy",2023-11-07,2,1,1201025
the revenge,"Action, Drama",2023-08-15,5,30,1201104
The Making of a Mockumentary,"Documentary, Comedy",2023-11-03,5,1,1200560
The Black Void,"Crime, Drama, Thriller, Horror",2022-01-01,3700,6600,1197452
La face cachée de la Pop Culture...,,2022-11-26,2,120,1197557
Pourquoi le business des YouTubers pose problème ?,Documentary,2022-09-17,5,500,1197563
La vérité derrière le phénomène Barbie...,Documentary,2023-07-23,10,350,1197066
Nidjas kitchen,"Crime, Comedy, Drama",2020-01-27,100000000,12,1198543
Nidjas kitchen  2,"Comedy, Drama",2020-10-13,50000,250000000,1198553
Behind You,Horror,2023-10-31,5,5,1198982
(Taylor's Version),Comedy,2023-10-01,1000,1000,1197898
Cool Dracula,"Comedy, Action, Drama",2023-08-16,10,3,1198307
THREE COOL PEOPLE 5,"Horror, Thriller, Comedy",2024-01-05,19,1,1198293
The Canvasser,Comedy,2022-03-26,40000,200,1204621
escape,"Drama, Mystery, Romance",2021-03-21,1,1,1204685
Arrietty (UK),Animation,2011-07-29,23000000,146000000,1203698
Lottery,Comedy,2021-11-09,1000,5000,1202245
"Something, Something, and Other Stuff","Science Fiction, Drama, Comedy",2023-12-25,50,50,1201464
Think Pink,"Thriller, Fantasy",2022-09-16,1400,2878,1201795
Jesus Christ! He's Sectioned! 3: The Last Testament,"Comedy, Adventure",2021-08-28,400,100,1203165
Unclear,Drama,2023-11-10,1,1,1203412
La verdadera sostenibilidad,"Action, War",2023-06-19,1000,10000,1202615
Witchbambaqlqa,"Drama, Western, Mystery",2001-09-11,10,2,1190510
A Rats Arse,"Documentary, Comedy",2020-10-10,200,200,1190352
The Friendzoned Guy,Comedy,2018-12-26,120,140,1190208
A Love Letter to Cinema,"Comedy, Animation, Horror",2023-10-12,5,5,1190183
Wanna Come With?,,2016-05-17,100,200,1191775
DJ Yang Penting Motor Vario,Music,2023-09-26,20,120,1191988
TRUTH OR GUN CHALLENGE (VERY CHALLENGING) (AAAA AA AAAAAAAAA- you) (sorry i din't mean to scare you),"Comedy, Action",2023-10-05,1,1,1188617
HITMÆN,Comedy,2023-09-01,1,1,1189285
Standoff In This Here County,"Comedy, Crime",2023-01-16,1,1,1189291
Achilles Does a Roundhouse Kick,Action,2020-12-12,1,1,1189292
Pouring Out The Heart,Drama,2023-05-17,1,1000000000,1189582
Eastwood,"Action, Documentary",2023-06-12,20,400,1188974
"Bad Cop, no Donut","Mystery, Comedy, Crime",2021-10-22,20,1,1195419
For the love of cash,Drama,2023-05-11,25000,25000,1195361
Shak Shooka,"Comedy, Horror",2023-10-12,5,10,1192346
Dia dos Professores - Adão Seger's Cut,Drama,2023-10-15,10,5000,1192220
RICOMINCIA LA SCUOLA - Alunni vs Insegnanti,"Comedy, Action, Drama, Horror",2011-09-13,100,9,1192560
Pasado de verde,Comedy,2023-10-21,100,233,1194177
Fugue State,Horror,2023-10-19,20,20,1193398
Paranoid,Horror,2025-07-09,2,1,1512380
Not your valentine,"Comedy, Romance",2025-07-12,5,50,1512659
Poshington: The Grand Finale,"Mystery, Thriller, Comedy, Action",2025-11-29,200,9,1511818
Losinj,Documentary,2023-05-18,3000,25000,1511992
Encausulado,"Mystery, Thriller",2025-03-27,17,719,1512028
The last years,Drama,2026-01-01,1,1,1513402
Sorry,"Drama, Romance",2025-06-17,10000,10000,1513444
Weyes,"Comedy, Drama",2026-01-28,800,300,1513819
Rubens Happy World 2,"Family, Thriller",2025-07-12,1000,4,1512830
Last to leave VC wins $1000,"Comedy, Adventure",2020-12-23,1000,32428,1513234
Motoqueiro Solitário,Adventure,2010-12-10,1000,10000,1510133
Las Vacaciones,Comedy,2020-03-10,100,100,1510092
"if we ever stop talking, send me a song","Music, Drama",2025-05-23,200,10,1509700
BLUE FILM AND THE FISHES,"Drama, Comedy",2025-07-06,85,150,1509709
UNNAKU PIDITHA ENNAI,,2025-07-10,50,10,1511535
Zazongpari,Fantasy,2021-10-09,12000,16000,1511495
彩伽のテクで連続射精できたらご褒美SEXしませんか？ 河北彩伽,Romance,2025-05-23,2000,500,1511506
Dernier Leurre,Action,2025-06-29,100,20,1511088
Matrimônio,"Drama, Romance",2025-07-02,25,25,1516674
Nei Suoi Occhi,"Romance, Comedy",2025-07-26,200,500,1518025
What’s Yours Is Mine,"Comedy, Action",2025-06-13,1,1,1517300
PANDEMONIUM,"Music, Drama, Romance",2025-07-05,100,1,1517264
Primos,"Comedy, Romance",2025-12-24,500,1,1514454
touching electricity,"Documentary, Drama",2025-07-12,10000,50000,1514866
CAZADERO,"Horror, Thriller",2025-07-19,1154,458,1513925
Be Like Water,"Documentary, Drama, Fantasy",2021-12-13,50,50,1514304
Open All Hours,Documentary,2022-02-18,10000,10000,1515637
"Chinchorro: Cultura de la balsa, el anzuelo y el arpón","Documentary, TV Movie, History",2022-03-01,100,100,1515475
"The David Robert Pollock Show: Fear God, Die And Be Forgotten","Horror, Comedy",2025-07-23,5000,5000,1515495
Dosh ta Kar,,2025-06-19,7000,8000,1503094
Mayaboti,,2025-06-12,12000,13000,1503097
Mitthe Premer Golpo,,2025-06-19,16000,17000,1503099
Batashe Premer Ghran,,2025-06-10,8000,9000,1503101
Pro Clubs: The Return,Documentary,2025-06-27,20000000,1356983,1503212
The Off Brand Fam Joezey Wellz Plan,"Action, Comedy, Romance",2023-11-04,25,36,1503963
ZÜHUL,"Music, Adventure, Documentary",2025-06-21,6,6,1501597
Tranter-Man: Episode 4 - Mec Tueur Strikes Again,"Action, Thriller, Science Fiction",2025-02-04,1,2,1500737
Tranter-Man: Episode 5 - Mec Tueur Strikes Back,"Action, Thriller, Science Fiction",2025-04-08,1,2,1500762
Clerks: The Animated Movie,,2000-06-26,3500000,5000000,1500873
Cowboy vs Alien,"Animation, Comedy, History, Fantasy, War, Western, Action, Adventure, Science Fiction",2025-05-20,1,2,1500813
Tranter-Man: Episode 2,"Action, Thriller, Comedy",2024-03-27,1,2,1500728
Tranter-Man: Episode 3,"Action, Thriller, Comedy",2024-05-21,1,2,1500731
Pollock Reproduction,Drama,2024-04-01,600,10,1501051
Canoa Veloz,Documentary,2005-01-01,300,100,1502774
Präphänomenologisches Bewusstsein,,2025-06-23,9,11,1502782
The Huxley Wood,"Thriller, Drama",2025-11-28,12458,41435407,1502792
Day Of The Dyer,"Mystery, Horror, Thriller",2025-04-05,429,17000,1501774
Crime Dairies s1,"Action, Drama",2023-10-20,500,1000,1501829
Monsters at Work,"Animation, Comedy",2024-05-04,20,12,1502026
Rosa,Drama,2025-06-25,14,14,1502004
Ash vs Evil Dead,"Horror, Comedy",2015-06-10,20,12,1502020
A Terapia,"Drama, Thriller",2022-12-24,240,55,1507964
Lego Star Wars: The Yoda Chronicles,,2013-05-29,100,2000,1508270
The Saga of Macbeth,"Drama, Adventure",2025-07-02,68,204,1508204
A trip to belize,Crime,2024-03-23,15,50,1507529
The Analysis of Mind,Mystery,2025-07-03,100,128,1509174
NAPOLITANO,"Drama, Family",2025-05-21,1551,100,1508971
Codex Pajeet 3,Documentary,2025-07-03,350,350,1509186
Venir a mi casa a ver el eclipse,"Comedy, Romance",2022-01-01,100,100,1509349
Spookslot Slaat Toe,"Horror, Comedy",2025-10-04,100,128,1509351
TATTIWIN,Documentary,2025-07-21,47000,51000,1509295
VIVID,"Drama, Fantasy",2025-06-30,1200,320,1508698
Euphoria,Drama,2019-09-07,200,165,1505915
In This House...,"Documentary, Horror",2025-05-03,19,37,1505180
What If... Captain Carter Were the First Avenger?,,2021-08-11,5,81,1505339
Butter,"Comedy, Documentary, Drama",2024-10-06,500000,340000,1505435
Perfector,"Thriller, Drama, Music",2025-08-08,110,329,1506468
The Goated Odyssey,"Comedy, Thriller",2025-06-27,20,1100000,1506512
Friday Morning,Documentary,2023-07-24,1,1,1530620
Sueño entre Cañas,"Drama, Comedy",2025-06-16,100,5,1531106
Moments of Art and Beauty,Documentary,2024-01-13,2,2,1530200
The Executioner's Tears,"Horror, Thriller",2025-08-15,50,150,1530260
Réminiscences,,2023-04-15,20,1,1531522
The Café Girl and Her Thoughts,Drama,2024-02-04,2,2,1528618
Blind Mice,"Horror, Thriller, Drama",2025-08-10,100000000,10000000,1528626
The Lebanese,"Drama, Comedy",2024-07-12,600,700,1528350
martes,"Horror, Romance",2025-08-12,10,20000,1528824
Sobre Beber e Dirigir,Comedy,2025-08-11,5,5,1527795
Danny Smoke in Furry Land: Chapter One - Full TikTok Saga - Directors Cut,"Adventure, Animation, Comedy, Drama, Fantasy, Romance",2024-08-03,15,111000,1528245
Masyaf City and the Castle,Documentary,2024-07-11,2,2,1528267
Damascus Between Love and Simplicity,Documentary,2024-10-24,30,30,1529569
Monster Madness,"Horror, Thriller",2025-04-25,50,100,1529900
Bills,Drama,2025-07-02,200,40,1529967
Blue (Short film),Documentary,2024-06-30,50,50,1529105
Soup's Up,Mystery,2019-01-19,150,500,1529424
Gnome Hunting Found Footage,"Comedy, Horror, Science Fiction",2025-08-31,30,60,1535192
KPop Demon Hunters - Sing-Along,"Animation, Music, Action, Fantasy, Comedy",2025-08-23,100000000,18000000,1535414
May God rest his soul,"Comedy, Drama",2025-12-10,30000,15000,1534587
The Path,Drama,2025-08-15,5000,5000,1534788
LES DAMES.,"Horror, Mystery, Action",2025-08-16,5,1,1536407
The Last Of Us,"Drama, Action, Adventure, Horror",2023-01-15,100,90,1535739
Living Images,Documentary,2025-05-12,1000,1500,1535706
Love with a Question Mark,Romance,2025-08-25,25,100,1535576
Never Hike Alone 2: A Friday the 13th Fan Film,Horror,2024-10-21,331,170,1532793
The Cult of Kiros,Horror,2025-03-07,100,100,1532765
Todos los labubus coreanos acerca de la mente de Benito Gutiérrez,"Action, Adventure, War, Science Fiction, Comedy, Documentary, Thriller",2025-08-22,5,1000,1534421
Filhote da Alma,"Family, Documentary",2025-08-22,1,1,1534251
Sa Agos ng Sudor,"Drama, Crime",2025-03-25,100,300,1533561
Stree,"Horror, Comedy",2018-08-31,2750836,19677652,1533486
I need to tell you something,"Drama, Adventure",2024-10-22,1,1,1533463
Born of Hope,Fantasy,2009-10-03,8000,17000,1521977
Kung Fu Cowboys in the Desert,Western,2025-07-30,1,5,1521811
The Lord of the Rings: The Two Towers - Special Extended Edition,,2012-08-08,94000000,938000000,1521065
Seslenişler,Documentary,2025-07-31,5,7,1522755
Roachy The Movie,"Animation, Comedy",2025-08-15,5,5,1522760
Funny Scrabble,"Drama, Documentary, Comedy",2025-07-29,15000,15,1522211
REC.D,Music,2025-08-02,1000,2000,1522622
Da Rua,Documentary,2024-07-21,10,10,1519088
The thirst for a goal,"Horror, Comedy",2024-02-23,10000,500,1518779
Witnessed,"Action, Crime, Thriller, Drama",2023-05-06,10000,53000,1518784
Beach Love,"Comedy, Romance",2024-12-02,180,300,1518849
The Art of Winning,Comedy,2025-06-12,2,2,1520274
O Diabo Na Porta,"Horror, Thriller",2026-10-09,500,600,1519672
project 6,Documentary,1993-12-31,200,50,1519558
Showcase: Chorona,,2021-03-12,100,3000,1519561
Rasleela Salsabila,Romance,2025-08-06,70,700000,1526271
"Símbolos Municipais: Hino, Brasão e Bandeira - Historiando em Novo Barreiro","History, Documentary",2025-08-06,3000,10000,1526243
please,"Thriller, Drama, Family",2024-04-21,4,41,1526353
Wada,,2023-06-25,10000,12000,1526109
Tumi Grammer Ami Bekaron,,2025-08-07,8000,9000,1526553
Aún es diciembre,"Fantasy, Adventure",2025-05-21,500,500,1525747
What If...?,"Animation, Action, Adventure, Science Fiction, Fantasy",2021-08-11,45000000,57000000,1527385
Haus of Mercury,Documentary,2025-06-26,100,300,1527355
Time (Short film),"Mystery, Thriller",2024-03-18,1,1,1527702
le temps détruit nous,"Drama, Family",2025-09-21,28,9,1527722
Doomsday (Short film),,2024-02-23,1,1,1526868
The Loneliest Boy On Earth,"Documentary, Comedy, Drama, Romance",2024-07-21,10000,4,1527152
What If Life Was A Fever Dream?,,2023-02-25,1,1,1524332
Picture Perfect,"Drama, Romance",2024-05-18,55,55,1524340
Sleepless eye,"Crime, Drama, Mystery, Thriller",2025-04-14,100,100,1523452
die Arbeitslosigkeit,Documentary,2024-03-29,200,2000,1523283
Adolescent Psycho,Family,2021-09-25,20,50,1523691
Julien: Myth or Reality,"Documentary, Thriller",2022-01-25,100,20,1523566
Along The thin Line,,2025-08-03,3000,3000,1523629
Solo journey 2,Drama,2025-01-01,100000,1000040,1523641
Doomsday (Short Film),Mystery,2024-02-23,1,1,1525209
The Crown Of Shadows,Drama,2025-08-06,40004,4000,1524523
kind boy,,2028-03-15,10,10,1524390
HELLO JOSEPH,Thriller,2025-08-09,2,200,1524647
Qaxdascidi,,2025-05-30,9,4,1477033
The Phantom Budget - A Star Wars Parody,Science Fiction,2025-05-04,150,5,1476435
LegXpression,Drama,2025-05-05,1500,1500,1476537
Under the Grey Sky,Drama,2025-02-18,1,1,1476521
Cutlass,"Horror, Comedy",2022-08-21,200,250,1476313
SUCKIN BIG DICK,Music,2020-12-20,100,100,1477655
Zoom Zoom,Comedy,2016-07-16,100,100,1477647
Pandora,Thriller,2025-05-23,522,17400,1477416
Beaks Bloody,"Mystery, Comedy, Horror, Thriller",2025-05-08,1000,100000,1477831
Deutsche Landschaft - ein Fragment,Documentary,2025-05-09,100000,100000,1477804
Music's Mind Blowers,"Comedy, Documentary",2022-12-25,100,500,1474864
Va Savoir+,"Comedy, Crime, Romance, Drama",2002-04-24,4,2,1474924
Screaming Pain,Drama,2010-04-09,50000,50000,1474344
The Human Condition,,1961-01-28,54,54,1474486
Gallerie de Paris,,2024-11-01,730,1000,1476029
Death To Silence,,2024-10-19,8000,1,1476123
Inside the walls of York,"Documentary, History",2025-06-05,500,600,1475286
Malki Tzedek,,2025-05-17,7,9,1481760
DEEP SILVER,"Drama, Horror, Comedy",2025-05-16,7,500,1482378
Documental de Kathy Yañez,Documentary,2024-10-05,27,100,1482392
Man in the Dunes #2,Western,1900-01-01,8,11,1482890
Virotham - Tamil Short Novel (AUDIO - BOOK),"Action, Family, Drama, Music",2022-05-27,100,10000,1482734
If You Giggle You Go To Hell,"Horror, Thriller",2015-10-10,2,10,1481904
The Dave Daucus Show,Comedy,2025-01-02,15,3,1479056
Her Name Was Alison,Romance,2025-05-18,80,1,1480161
Wicked,"Music, Fantasy, Family",2003-10-30,14,1,1480525
A Straight Guy Pissing All Over A Toilet Seat,Drama,2012-03-20,1,5,1480130
Supermen & Flash Race,"Adventure, Fantasy, Family",2026-03-20,5,1,1468263
The NeedyMonster,"Horror, Action, Science Fiction, Thriller, Family, Comedy, Romance, Fantasy, History, TV Movie, Mystery",2025-04-01,150,800000000,1468122
Gerry Weil: Una historia de jazz,Documentary,2025-06-05,500,500,1468461
Tick,Drama,2025-03-07,5,250,1467485
The general's ghost,Drama,2015-06-03,10000,10000,1467797
Kai Bass podcast,"Drama, Adventure",2025-04-17,457,900,1469413
Zero,,2024-08-26,100,1500,1465828
ALFREDO,Drama,2025-05-10,34,34,1466193
Trois rives,Documentary,2023-01-01,10,11,1465997
Suburbia,"Comedy, Adventure",2022-06-03,100,150,1465257
Fabienne : Le film,"Comedy, Family, Documentary, Horror",2025-04-12,21,746,1465500
Sour  Money,Comedy,2025-04-18,500,500,1466883
"""Midnight Stories 3"" - The Birthday Party","Comedy, Horror",2020-08-22,2,1500,1467276
"""Midnight stories 1"" - The deadly Pizza","Comedy, Horror",2020-08-08,5,1000,1467288
"""Midnight Stories 2"" - The Martian","Horror, Comedy",2020-08-15,25,4500,1467296
"""Midnight Stories 4"" - Veronica's Curse","Comedy, Horror",2020-08-29,20,3000,1467302
Hjelp,"Family, Mystery",2025-04-23,1,1,1466287
Las Cuatro Estaciones de Liebre,Documentary,2024-10-17,250,1500,1466710
Star Wars: The Clone Wars - Revenge of the Sith,,2020-05-04,113000000,893000000,1472442
Five Nights At Freddy's 3,Horror,2025-05-19,7,2,1472782
A Silent Film: The War Within,"War, Drama",2025-04-20,20,100,1471982
Almost as Lethal as a Lemon Pie,"Comedy, Thriller, Mystery",2025-05-10,2,1,1472273
Winter Dawn,Mystery,2007-04-22,2400,12500,1472280
الغرفة 619,Drama,1988-08-18,2,3,1474022
ياما في السجن,"Drama, Comedy",1985-06-05,3,3,1474032
Equipo Batman,"Drama, Horror, Comedy",2022-07-19,10,100,1473237
Lucifer,"Comedy, Adventure",2025-03-13,50,70,1473118
NO NAME,"Horror, Thriller",2026-01-13,50,100,1473119
The Angelystor,"Horror, Thriller, Drama, Comedy",2025-04-30,30,40,1473295
Reação em Cadeia,"Drama, Family, Mystery",2025-05-18,1000,1000,1470636
On The Rail,Crime,2025-04-17,25,1012,1470121
Mariliendre,"Comedy, Drama",2025-04-27,20000,40000,1471387
Project 4K83- Original Return of the jedi,,1983-05-25,32000000,482,1471763
Project 4K80 - the empire strikes back,Action,1980-05-21,11000000,549001086,1471760
Project 4K77 - fan remake of original star wars,Action,1977-05-25,11000000,775398507,1471759
Anniv Gaspipou,"Drama, Comedy, Romance",2025-04-26,45,69,1471638
A Lullaby Unlike Any Other,"War, Drama",2025-04-27,1000,1100,1471718
La Píldora Roja,"Drama, Horror",2025-04-25,50,1,1470880
Behind the Magic of Forrest Gump,,2001-06-06,1000,8320694,1470865
Drawhalla,"Fantasy, Comedy, Drama",2025-04-28,400,1000,1471203
Bala Mitrula Katha,,1973-05-01,100,1000,1471128
DOUBLEFACE,"Drama, Mystery",2025-06-01,1000,100000,1471147
Oru Kalaiyin Por,"Drama, Crime, Thriller",2024-08-01,11,30,1471153
Separate From You All,"Drama, Fantasy, Mystery, Romance",2024-06-10,2000,1,1494785
Super Vixens 4,Action,2022-01-18,100000,15000000,1494978
We don't even feel like fighting anymore,Documentary,2025-05-20,200,200,1494913
Star Wars: The Acolyte,,2024-06-04,230100000,46,1494004
French Poem,"Drama, Comedy",2024-08-01,5,1,1494041
Culture Day at Deering High School,Documentary,2025-05-25,253,12,1494076
Juliet and Romeo - 1231 ☆*: .｡. o(≧▽≦)o .｡.:*☆ UwU,,1800-01-01,1,4999999999,1492510
IPL 2025,Comedy,2025-03-22,312000000,2000000000,1492516
The Life and Death of Reincarnation by Gurcius Gewdner,"Documentary, Drama",2011-12-24,50,50000,1492365
Dublê de Lixo,"Romance, Family",2022-03-31,10,2000,1492382
The Population of Colonial Spanish America,"Documentary, Adventure",2004-12-04,100,9000,1492354
New Year's Day,"Documentary, Crime",2005-01-03,100,10,1492334
Legend Of The StormVeil Four | Dragon Unleashed - AI Film,"Adventure, Action, Family, Fantasy, Horror, History, Thriller, War",2025-06-03,10000,10000000,1492007
Metamorphosis,Drama,2025-06-02,2000,2000,1492214
Hello Hello,Horror,2024-10-31,10,10,1492287
"Ogrest, la Légende",Animation,2012-04-30,200000,3000000,1493909
Além da Culpa,Drama,2025-09-12,28000,28000,1493916
Adeline’s Room,"Horror, Comedy",2024-05-29,11000,2500,1493103
A Viagem de Rondônia,"Crime, Western",2024-06-14,40000000,1,1492928
Ball | Schrödinger,"Drama, Science Fiction",2025-01-01,100,1000,1493376
Carrom,Comedy,2024-04-30,15,500,1493206
الباب في الباب,Comedy,2011-08-01,20,32,1499106
Dawn Of The Dyer,"Horror, Thriller, Mystery",2025-04-05,21000,2009,1499363
Menatzchim,,2025-06-15,9,8,1498610
Alone - The Short Film,"Drama, Romance, Science Fiction",2024-11-22,20,20,1500217
Without an Appointment,"Comedy, Family",2005-10-04,1,4,1500197
عباس و ايناس,Comedy,2008-10-15,1,2,1500201
أحمد أتجوز مني,Comedy,2007-11-01,4,4,1500209
رأفت الهجان,Drama,1988-04-17,20,12,1500116
Le super goûter d'anniversaire loggable de Quentin,"Comedy, Family",2025-06-21,200,1,1500385
Chicken Nugget Man: The Complete Saga,,2023-06-02,3000,1,1499749
Your happiness in life,"Adventure, Drama",2025-06-17,40,35,1499750
Bramek: The Last Economist,"Science Fiction, Action",2025-06-06,20000,160,1499603
راجل وست ستات,"Comedy, Family",2006-09-26,3,2,1499920
يوميات زوجة مفروسة أوي,Comedy,2015-07-19,8,88,1499926
Desenvolvimento da Vila Barreiro - Historiando em Novo Barreiro,"Documentary, History",2025-06-13,3000,10000,1497206
The Book Of Enoch: The Fallen Angels Descent 1,"Adventure, Animation, Documentary, Family",2025-07-01,100000,10000000,1498032
My love,"Drama, Romance",2005-05-05,450000,1500000,1497997
Amnesia,,2023-02-28,7,5,1498096
Mamont,,2025-05-25,3000,5,1498160
PAPER CUT,Drama,2025-06-11,5,58,1497510
Guests,"Thriller, Horror, Science Fiction, Drama, Mystery",2025-06-13,200,100,1497535
寻龙诀,,2015-12-18,37000000,278300000,1485699
Highlighters,Drama,2025-05-22,300,300,1486187
Skin Hunger,,2025-05-24,50,50,1485387
Angel,,2025-05-25,200,1000,1485392
"The Game, 2019","Action, Western",2025-04-11,100,60000,1485156
Tatuada,,2009-07-30,50,9000,1486960
How to Irritate Hardcore Dandies,,2012-01-05,50,2000,1486933
Eu Sou um Pequeno Panda,"Horror, Adventure, Music, Drama",2008-09-12,50,500,1486874
Poluição dos Mares & Oceanos,"Documentary, Comedy, Family",1996-08-26,50,50,1486502
Nosferatum,"Comedy, Mystery, Drama, Fantasy",2003-10-13,100,100,1486359
Time Test,"Science Fiction, Mystery",2025-07-10,1,2,1486675
eternal sunshine,"Romance, Drama",2025-02-14,20,60,1483576
On a quiet Tuesday evening…,"Romance, Comedy, Documentary, Animation, Music, Family",2025-05-18,10,1,1483410
"Clouds, An Empire-Inspired Film",,2025-06-27,1,1,1484718
The brutalist: a spoof by Reese Rawls,"Documentary, Comedy",2025-05-20,1,1,1484740
memory soup,"Horror, Thriller",2025-03-21,300,3000,1484715
How I Survived The Titanic,Comedy,2025-03-19,53,538,1484690
P.B.S (Projet Blue Sol),"Adventure, Family, Action, Comedy, Horror, Mystery",2025-05-29,100000,8000000,1485018
The Inherent Nature of Human Possibility,"Comedy, Crime",2024-12-09,10,100,1485113
Mawtini,Documentary,2024-07-19,1000,1100,1484856
One More Bite,Drama,2025-05-18,120,120,1484195
Benny Valentine,,2023-12-07,2000,50000,1484206
Cowboy vs Pirate,"Action, Adventure, Western, War, History, Fantasy, Animation, Comedy",2024-07-25,1,2,1484444
"Bigfoot "" Blood On The Farm ""","Horror, Thriller, Family, Science Fiction, Action",2025-05-10,414,212,1484513
Mexico Countryballs: Movie,,2026-04-14,51,1,1490276
Jacket,Drama,2024-12-18,500,5,1490280
The Pinman Movie,,2005-10-11,880,120,1490245
De Skate Eu Vim,Documentary,2025-05-30,10,10,1489638
Quarantine in the Empire - Isolation of the Famous,Fantasy,2021-05-21,100,30000,1490808
El Tío Enrique,"Documentary, Drama",2025-06-01,1000,420,1490811
At the End of the Elegy,"Family, Drama",2025-05-26,491,491,1490696
Pressa de te amar,"Music, Mystery, Romance",2013-11-30,5000,50000,1490697
"War, Warfare, War","Adventure, Music",2012-02-24,500,5000,1490764
Seahorse comes on horseback,Documentary,2021-02-28,100,4000,1490738
El cóctel,"Fantasy, Drama",2025-05-19,25,20,1491090
"MOODYZ Fan Appreciation Festival: Bang Bang Bus Tour 2025. A 2-Day, 1-Night Orgy With 17 Amateurs and 17 AV Actresses. A New Generation AV All-Star Awakens!",,2025-03-15,10,1000000,1488010
Death To The Doctors,Science Fiction,2025-01-01,30,260,1488400
Surya Muluguttiddante,"Drama, Fantasy",2025-01-12,1,1,1487362
What the Forest conceals,Documentary,2023-03-01,100000,300000,1487796
Te Amo Em Pensamento,"Drama, Romance",2025-05-30,1000,1000,1489250
The Pariopa Movie,,1996-07-09,1991,4009,1489223
Zama Zama,"Action, Drama",2012-08-24,542000,4912,1489033
Playback: The Rewind Era,,2025-05-30,100,1000,1489534
Mamá quiero ser futbolista profesional,Documentary,2022-06-24,15000,3000,1489477
BONNEAU l’histoire vrai,Comedy,2025-05-25,100,100,1488561
As Tortas e As Cucas,Comedy,2025-05-27,600,400,1488932
OTP : Olunga Thiruda Palagu,,2025-11-23,22,10,1584564
FINAL DA TAÇA LUISÃO - O FILME,"Comedy, Documentary",2025-10-17,5,67,1584639
Mau Presságio,"Romance, Drama",2025-12-16,100,10,1583839
Bigbutt Ts Teasing Mature Fela,,2025-04-18,3000,40000,1585533
‏Renata Denaro Strokes Her Big Shecock Just For You,,2025-06-07,2000,20000,1585539
Tranny Babes Renata Denaro  Yanka Costa Get Naked,,2025-10-01,1500,40000,1585552
Sexy Tranny Renata Denaro Gets Naked,,2024-12-14,1000,30000,1585558
Trans On Trans Heatwave,,2025-02-11,7000,30000,1585491
Gulp 5 Yummy Tgirl Loads After Owning Eager Bottom,,2025-07-17,7000,30000,1585492
Railing Renata!,,2025-09-25,10000,50000,1585494
Big Butt Tall,,2025-11-11,4000,40000,1585508
Tall Models In Love,,2023-03-14,10000,40000,1585516
There Was a Darkness,"Drama, Documentary",2025-11-21,500,200,1585850
Treasure Island,Adventure,2012-01-01,1000,1000,1585670
Going Away Party,Comedy,2022-09-16,4400,2900,1585126
Warm White Cum Bath,,2011-01-18,1500,30,1582881
Ari Parker Yoga Pants Handjob,,2020-03-17,2000,15000,1582765
Motherboard,"Animation, Science Fiction",2023-11-09,500,3500,1582625
Silêncio no Set,Documentary,2025-11-30,2000,2000,1588970
Princess,Drama,2025-12-08,1290,100,1590366
MAL PASSADA,Crime,2025-11-29,10,50,1589813
La traque,,2025-11-24,3000,7000,1586719
GARDEN OF LOVE,Drama,2025-09-05,1,2,1586050
"ROGER, MY BROTHER","Documentary, Family",2025-02-03,5000,5000,1588065
PELO O QUE SOUBE MORREU NO CAMINHO PRO HOSPITAL,"Horror, Comedy",2025-11-25,5,20,1587617
Rocky IV: Rocky vs. Drago - The Ultimate Director's Cut,Drama,2021-11-11,28000000,16000,1575196
After a snowstorm,Documentary,2023-05-06,5,5,1574996
A blue day,Drama,2022-09-05,10,1,1574971
Wake up at 4 in the morning,Drama,2023-01-01,2,2,1574981
I´m  stupid,Drama,2023-02-08,1,2,1574985
Float: Archipelago,Documentary,2013-02-25,650000,25000,1576242
O Alto da Dualidade Humana,"Comedy, Drama",2025-11-07,15,25,1576539
Mourning,"Drama, Thriller",2024-10-09,1500,700,1576395
SF-08 (Unicorn),"Drama, Science Fiction",2025-01-18,281,12,1576051
"Maradona, el otro",Western,2025-11-05,689,13,1576023
Surviving 100 Days on a Haunted Island in Minecraft [FULL MOVIE],,2025-07-10,120,45330,1575882
Nightmare Night,,2012-10-31,666,5,1572395
I Was A Teenage Gargoyle,,2026-03-20,1,2,1574121
M4's The Hobbit Book Edit,"Action, Adventure",2021-12-24,700000000,2914620020,1573464
Dieciocho Notas,Drama,2025-10-01,70,100,1573399
אוטיסט ועצבני,,2001-11-09,67,41,1573379
The Golden Failure,Comedy,2021-11-12,3,110,1579365
Keep Turning,"Horror, Science Fiction, Thriller",2025-10-18,10,10,1579434
Black Baby,"Action, Thriller",2018-08-26,2,44563,1579451
Bad Eggs,"Comedy, Action",2025-11-11,2,2,1579023
Alien,Drama,2025-11-08,5000,1000,1579040
ESTRAXIS,"Drama, Comedy, Thriller",2005-11-11,2,4,1579098
MozikMoro,"Documentary, Family, Comedy, Adventure",2024-12-06,300,400,1579183
"Camera, Lights, Action","Comedy, Documentary",2025-12-01,1,1,1580320
The Soul Dies After Midnight,Horror,2025-11-11,400,32,1577697
Eco-Killer,,2025-10-03,10,15,1576870
A Depression Worth 100 Million,"Drama, Animation, Thriller",2025-11-08,1550,200,1576930
LES 624 TYPES DE PROFS ! (Feat. Monsieur Frisé) - CHAISE,"Comedy, Documentary",2025-11-02,6767,6969,1578456
Kona 2025,Horror,2025-10-31,2,1,1578290
OSIEM,Mystery,2025-12-21,10,10,1602529
Get to That Place,"Comedy, Drama, Family",2027-01-01,2,500,1604417
The Hunger Games - But Better,,2025-11-18,20,10000,1604086
Cactus,"Thriller, Drama",2025-12-26,2,6,1600861
逐爱之旅,,2012-11-11,5400000,2100000,1601208
Baby Owl's House of Terrors,"Animation, Comedy",2016-09-26,15,2000,1600413
Corrupt Council,Drama,2023-03-15,23,50,1600559
Memento - Chronological Version,"Mystery, Thriller",2001-09-04,9000000,40047236,1601622
River,,2007-08-30,50000,50000,1601630
JAANA,"Music, Drama",2025-12-19,20,18,1601778
V4,Action,2025-12-25,1,100,1601755
JUVENiLE,Drama,2025-12-31,2,2,1607419
Karabas,"Family, Drama",2025-12-05,500,600,1609283
Ghar,,2019-07-19,1,2,1608671
The screen is black,Horror,2025-03-08,1,50,1605305
Macbeth's Ambition,"Drama, Action, Adventure, Documentary, Family, Fantasy",2026-01-02,10000000,3477779998,1605334
Biomassacre,Documentary,2023-08-20,10,10,1604880
Godaan,"Drama, Family",2026-02-06,25,64,1604829
A Night in the Life of a Cat,"Documentary, Drama",2026-06-12,118,1,1604997
Personality Quiz,"Thriller, Horror",2025-12-27,67,67,1605011
The White Canyon,"Western, Animation, Horror",2025-12-27,67,67,1605021
Melory & the Rhythm of Worlds,"Animation, Adventure, Comedy, Music, Family",2013-07-19,8200000,14200000,1606948
Forest Kidnapper 2,"Thriller, Mystery, Action",2024-01-07,500,2,1606967
Forest Kidnapper,"Thriller, Comedy",2022-11-01,100,5,1606933
The System. Lies And Deceit,"Drama, Crime, Family, Thriller",2026-03-01,1000000,100000,1593736
8:38,Thriller,2026-12-31,30,30,1593547
Ölüm Saatini Görebilen Adam,"Drama, Family",2025-10-31,67,31,1593008
Pop's Corn,Comedy,2025-04-23,1,1,1593355
Ula robi opening,,2025-12-07,57,1,1594705
Maherchi Sadi,"Family, Drama",1991-09-18,110000,4900000,1594763
A SHOT IN THE DARK,"Comedy, Mystery, Thriller",2025-12-15,100,100,1595188
Family line,"Drama, Family",2025-04-07,50,200,1594252
Sueños,"Drama, Fantasy",2019-11-16,2,3,1591843
Presentable Liberty,"Drama, Thriller",2025-12-26,6000,850,1590915
Adèle or when a Christmas elf came to the real world,,2025-12-01,100,270,1590864
Leap College,,2026-01-14,3500000,7000000,1591236
1000 Players Simulate Civilization: Rich & Poor,"Action, Adventure, Thriller",2025-07-11,1000,6000,1592545
Cutting,"Thriller, Fantasy, Action",2025-10-12,100000000,350000000,1592778
Sunny Funny & Madoka: Journey of Two Worlds,"Animation, Adventure, Fantasy, Family, Music",1995-07-14,42000000,1864000,1598958
A Star for Christmas' Eve,"Music, Comedy, Family, Fantasy",2025-12-18,161,108,1598751
I Know Whatcha Did,"Thriller, Drama",2024-06-10,1000,1000,1598201
My Magnolia,,2025-11-28,400,250,1599144
CHARGED BY BLOOD,"Comedy, Science Fiction",2025-12-13,4200,6767,1599268
Stolen Ties,"Thriller, Drama, Crime",2026-01-31,310,90,1595834
Lalsa,Drama,2025-11-11,15000,25000,1595522
From the Firing Line,Documentary,2025-12-10,250,250,1595338
Apna Amitabh,"Drama, Comedy",2025-12-12,222471,342471,1595736
La mañana siguiente,Comedy,2025-12-14,1,1,1595648
No Signal,"Comedy, Action",2025-12-12,100,100,1597559
Dear EICAR,Fantasy,2025-12-11,20,11,1597574
Grotte[sque],Fantasy,2025-12-08,250,310,1596891
Drugs,,2022-02-02,15,30,1548602
SlimJesus Origins,"Action, Thriller",2019-10-10,20,50,1547868
Rodney Hood,"Thriller, Action",2020-10-22,455,8887,1548108
Nuclear Fusion Battle - Eyebrows Puppet,"Action, Adventure",2021-01-05,12,223,1548116
Nuclear Fusion Battle - Repolished Snubbs,"Action, Adventure, Science Fiction",2020-02-29,257,1,1548096
June Memories,"Drama, Comedy",2025-07-06,3,1,1548093
The Apple & The Flower,Drama,2025-09-26,20,5,1549227
Road to Harvard,Drama,2024-06-26,5000,1500,1546372
Mi Amigo Bernardo,"Drama, Family",2025-09-09,1000,1000,1546561
"JPelirrojo, el retorno",Comedy,2025-09-12,10,1,1545603
Bref : on n'avait pas d'idées,"Western, Science Fiction, Music, Horror, Crime, Animation",2025-06-12,54734024,4,1545937
Smoking,,2002-09-19,60000000,104400000,1547352
Checkpoint Charlie,"Action, War, Comedy",2025-06-26,19,7,1552884
Globalisasi,Documentary,2025-08-26,1,1,1552901
Oozhi,"Western, Action, Thriller",2024-07-17,200,250,1552266
Vento,"Action, Animation, Drama",2025-05-22,59,50,1552336
Kalaratri,,2025-09-28,10000,1000,1552536
Dimma Rumble 2027,"Comedy, Action, Drama",2025-10-18,250,120,1554161
CKV De Grensssss,Adventure,2025-09-28,16,1,1554384
The Blood on Your Hands,"Action, Horror",2025-09-26,15,1,1554390
The Taking of Pelham One Two Three,"Action, Crime, Thriller",2009-07-31,110,150,1553618
Mouth Of Salt,,2025-09-12,700,12,1550728
Lopaliki ra chepta,"Adventure, Fantasy, Horror, Romance",2025-07-05,100000000,1,1550587
Anything Else?,"Crime, Drama",2021-12-22,1323,4543,1550545
the return of the prodigal son,"Fantasy, Mystery, Thriller, Horror, Drama",2026-01-03,500,500,1550096
Last to Die,Horror,2025-09-15,67,41,1550088
Nuclear Fusion Battle - Sisters Children,"Thriller, Science Fiction",2021-12-05,332,1212,1550530
Jetsonio,Horror,2021-06-10,342,4535,1550505
Mutiara Lapang Hijau,Documentary,2019-12-12,100,500,1551552
The Historical Staircase,"Drama, Horror, History",2025-09-24,193,1000,1551568
Bloody Clock,Horror,2025-08-15,1500,2000,1539862
Man about the Town,"Documentary, Music",2024-09-29,100,100,1539025
Shin Godzilla:ORTHOchromatic,"Action, Science Fiction, Horror",2023-10-27,15000000,78053145,1539231
Southern Shadows,"Action, Horror, Drama, Thriller",2025-10-25,1000,1000,1540522
Dead end,Drama,2025-09-13,500,500,1537421
alyssa,"Music, Science Fiction",1969-06-07,41,69,1536759
Unspoken Lines,,2025-08-31,1000,1000,1536932
The Yapori Show,"Adventure, Comedy",2025-03-28,100000,100000,1538767
다만 악에서 구하소서 파이널컷,,2020-10-28,11000000,34000000,1537866
Dix-sept ans pour toujours,Mystery,2015-01-01,10,15,1538219
paródia: as branquelas — paródia brasileira,"Comedy, Music, TV Movie",2025-04-07,100,100,1544178
Entre Passes e Passados,"Comedy, Music",2025-08-26,552,100,1544236
An Airport full of strange creatures that don't speak English. also known as immigrants,Comedy,2025-09-20,10,15,1543635
THOLVAR,Drama,2025-05-23,5,5,1544517
If I am silence ~ {Kermit,Drama,2024-10-08,1,1,1544953
A delicate dance with god ~ {Kermit,Mystery,2024-09-15,1,1,1544954
Avoidant,"Drama, Family",2015-12-15,1000,2000,1541861
Modus Operandi,"Horror, Drama",2023-05-13,1,1,1542228
Will the murders please present themselves,"Drama, War",2023-11-17,1,1,1542231
erik is the sexiest man in the world,"Romance, Action, Adventure, Comedy, Crime, Documentary, Drama, Family, Fantasy",2026-04-17,4000000,1,1542015
KLUB,"Comedy, Drama",2025-09-10,10,15,1541217
SunFlower,Drama,2024-10-12,1200,800,1543261
Intangible - The Mara Doco,Documentary,2025-05-01,1,1,1543343
KLUB,Comedy,2025-09-20,10,15,1543229
Row me bully boys home,Horror,2022-12-17,1,1,1542756
Ten Minutes,Documentary,2024-12-22,10,10,1542793
Golfos,"Drama, Romance",2025-03-24,100,800,1566460
Furiosa: A Mad Max Saga - Black & Chrome Edition,Science Fiction,2024-08-13,168000000,174400000,1567409
Mad Max: Fury Road - Black & Chrome Edition,Science Fiction,2016-11-01,150000000,378858340,1567339
Crow,Drama,2020-04-26,228,400,1566934
ang pagbukod ni melmel,,2025-10-07,343,632,1566711
The Morning After the Night Before,"Drama, Mystery",2025-10-25,50,100,1567108
File No. 302/1947,"Drama, History, Crime",2025-10-02,1,100,1567067
Sydney Stories,"Action, Drama, Comedy, Documentary, Thriller",2021-07-30,50000,10000,1563900
How to Hump,Documentary,2022-01-13,10000,10000,1563961
Lesbian Western - The Feature,"Action, Drama, Thriller, Western",2024-11-13,50000,10000,1563969
TPOT 20: Alone,,2025-10-16,10,23,1564404
Untitled Ben Dover Biopic,,2025-10-09,1,5,1563454
Climb On,"Documentary, Adventure",2021-07-28,20000,10000,1563872
Youth of Today - European Tour Documentary from 1989,"Documentary, Music, Adventure, History, Family",1989-10-17,88,89,1563713
Raccoons,Comedy,2025-10-18,100,50,1565272
Memories Only,Romance,2025-10-17,386,113,1565240
Voyage de la mort,,2025-09-26,230,10,1564897
Peterson Moving Co.,"Crime, Comedy",2025-07-12,800,100,1564926
Storie Di Un Mondo Infame,"Science Fiction, Drama",2018-01-03,150,350,1564887
25 de octubre 3,"Romance, Drama, Comedy, Action, Adventure, Thriller",2025-10-25,200,1,1564942
Dark Corner,"Horror, Crime, Mystery",2025-07-25,100,550,1570027
The Zwe,"Horror, Thriller",2024-11-24,2,5,1570484
Redline,"Horror, Adventure, Comedy",2025-10-15,50,250,1570544
Uprooted,"Fantasy, Drama",2025-10-09,10400,12528,1571261
The Secrets,"Crime, Drama, Mystery, Thriller",2025-09-20,20,20,1571140
Wesley's Christmas Miracle: Another Whodunnit,"Comedy, Family, Thriller",2025-04-26,100,583,1571181
Bengali Food Journal,"Drama, Documentary",2025-12-28,100,1000,1569713
Circle of Stones,"Drama, Thriller, Mystery, Horror",2025-10-27,25000,1000,1569672
Planet Coaster: The Movie,"Music, History",2029-12-21,100000000,945000000,1569151
The Hobbit: The Desolation of Smaug - Extended Edition Scenes,"Fantasy, Adventure, Action",2014-04-08,250000000,958400000,1557434
Close Enough: Animated Short-Film,Animation,2025-07-16,50,271,1557545
Florence PD: The Jim Wolowitz Story,"Comedy, Crime",2025-06-27,1000,726,1557079
Peacemaker,"Comedy, Action, Adventure, Science Fiction",2022-01-13,185,800,1558241
Cuando Haces Pop,"Comedy, Romance",2005-05-01,1000,10000,1558331
How to Break Up with Chico,"Comedy, Drama",2025-10-03,100,100,1558193
Penelope 2,"Drama, Thriller",2025-09-19,1000000,5,1555116
Stand Down,"Family, Comedy",2025-05-25,20,50,1555084
Penistone Film Festival Matt Walters Organ Concert,,2025-10-19,1000,1000,1555383
Somos infinitos,Drama,2025-07-02,20,5,1554522
A Quiet Day,"Horror, Drama",2025-10-03,25,50,1556605
Cortejo Negro,Drama,2008-08-16,40,5,1556665
Name of this Earth (Short Documentary),Documentary,2020-03-27,11,20,1556467
The Blind well (Short Film),,2017-05-27,56,100,1556504
Chaos Theory (Short film),,2018-12-31,677,677,1556488
Miracle In The Embrace Of Faith,Drama,2025-04-12,50,50,1555957
Midnight Sun,Horror,2024-11-15,60,60,1555982
Gasca de la Drept,Drama,2025-10-10,100,1000,1561822
The Flower,,2024-08-16,30,5,1561516
Child’s play,Science Fiction,2025-04-17,15,10,1561480
BENEATH CORPORATE SKIN,Horror,2025-04-16,1200,5000,1559917
The day we stopped bullying,"Action, Adventure",2018-08-28,64000,128,1559956
Creature Commandos,"Action, Adventure, Comedy, Fantasy",2024-12-05,50,120,1558912
The Aftermath,"Horror, Documentary",2025-10-08,1,1,1559187
The Arcana Imperium: Seal of the Forgotten,Fantasy,2018-07-04,20000000,69300000,1560568
The Arcana Imperium: The Whisper Agents,,2020-02-06,2500000,54800000,1560572
The Arcana Imperium: Judgement of Cinder,,2022-09-05,10000000,170000000,1560575
The Killer Dog: The Beast Beneath The Trees,"Horror, Thriller, Science Fiction",2025-10-11,1,1,1561000
Codename 47,"Action, Science Fiction, Mystery",2017-08-04,100000000,1700000000,1561003
Blood Money,"Thriller, Drama",2025-03-23,3500,100,1560989
Blank Room Soup,Horror,2005-11-26,2,2,1560860
receptáculo,Horror,2025-09-20,700,275,1560301
Summer on a solitary beach,"Adventure, Drama",2024-10-22,500,1000,1370273
Non succederà più,"Documentary, Drama, Family",2023-10-20,1000,2000,1370282
lascia la porta aperta,Romance,2024-11-23,100,500,1370285
Due respiri,"Drama, Romance",2023-06-03,1000,1500,1370294
"Mystic Vision: Time, Magic, & Explosions","Comedy, Fantasy, Music, Adventure",2025-12-24,1000,1000,1369947
Mi ndio yule,"Music, Drama",2024-05-20,300,10000,1371355
Escola de Super Heróis,"Fantasy, Action, Comedy",2022-02-18,500,1,1370978
Teaman vs The Vegan King Chapter 3 (Extinction of Plant Fuckers),,2022-01-02,100,100,1368048
Teaman vs The Vegan King Chapter 2 (Power Of Vegetables),"Action, Adventure, Comedy",2020-10-23,100,100,1368028
La Visita (El especial de Halloween de SantiFilms 2),"Horror, Mystery, Thriller",2023-10-02,10,10,1367856
One More Day,,2024-10-04,500,200,1367913
Poshington: The Last Hurrah,"Horror, Adventure, Comedy",2025-12-25,100000000,600000000,1367551
FEAR,"Thriller, Horror, Mystery",2024-10-25,50,22,1367563
Project Jod &Jeng  : Director Cut,"Drama, Comedy",2022-04-24,60,10,1367658
Vikings,"Action, Adventure, Drama, History, Romance, War",2013-03-03,40000000,8320694,1369009
For Billie,,2022-09-14,50000,120000,1369205
man with sexual powers,"Drama, Family",2020-06-10,550,4500,1368631
One Day a Start,"Drama, Family",2021-09-23,3000,7890,1374745
Vite,"Animation, Thriller",2024-10-19,886,887,1374100
In Trousers,"Music, Drama",1979-02-21,70000,192000,1374458
Rosário do Catete - Memórias e Engenhos.,,2018-11-18,50,10,1374476
Portion,Drama,2024-07-15,3,50,1375759
SpyGlass 2024,"Animation, Music, Adventure",2024-10-30,60,10,1375052
SpyGlass II 2025,,2025-03-18,65,15,1375056
Lenore,"Romance, Mystery, Fantasy, Drama",2014-04-21,100,100000,1372467
O MACABRO ICEBERG DO HAREM DO 4KBER,"Documentary, Crime, Horror",2023-10-12,5,1,1372792
Double Exposure,"Mystery, Drama, Thriller",2024-10-06,116,438,1372158
Bob's Burgers: The Bleakening,"Animation, Comedy",2017-12-10,1,3,1373612
Appointment wit Death,Drama,1967-10-20,33000,45000,1373830
Vacation,Drama,1968-10-20,28000,44000,1373818
It's Quiet Out Here,"Horror, Mystery",2023-10-13,200,450,1373716
Frozen 2024,"Action, Music, Animation, Adventure",2024-11-08,700,5,1372875
El Camino del Diablo,Thriller,2024-09-26,400,700,1372905
Project G-1,"Animation, Horror, Thriller, Documentary, Drama",2018-09-03,50000,159000,1373137
ZAKOŃCZENIE KLAS 8 W SZKOLE PODSTAWOWEJ W PAMIĄTKOWIE,Documentary,2024-06-21,128981234,130865187,1373230
3:15,,2024-04-24,100,300,1361230
My Rocking Chair,Thriller,2024-08-23,5000,4452,1362400
Jurassic World Dominion - Extended Version,,2022-08-16,165000000,1001978080,1362436
Another time,,2024-09-25,100,100,1361781
The Fifth Spirit,,2024-10-11,1000,10,1361976
Afloat,Drama,2024-08-20,20,10000,1358966
I Want You (She's So Heavy),"Thriller, Comedy",2025-09-11,1,5,1359185
MININVASION,"Animation, Action, Comedy, Adventure",2024-09-22,10,10,1360352
Rosa Choque,"Comedy, Crime, Mystery",2024-08-30,3260,1,1359339
Luk Thep Tom,"Comedy, Drama, Mystery, Adventure, TV Movie",2024-09-22,1000000,1000000,1359803
Agham,"Drama, Crime, Fantasy",2024-09-20,1000,1000,1359568
A Fome do Pecado,Western,2023-10-10,100,4,1365948
THE GREATEST TROLL EVER GOT ME BANNED (BADBOYHALO RAGE),Comedy,2018-11-18,1000,1000,1365457
So I bought an unban on BadBoyHalo's server and still had staff... (GRIEFED),Comedy,2018-11-22,1000,1000,1365458
I just did this to BadBoyHalo's server... (SALTY lol),Comedy,2018-11-26,1000,1000,1365471
So this was BadBoyHalo's reaction to me GRIEFING the MAP...,Comedy,2018-11-28,1000,1000,1365476
BadBoyHalo just griefed my server... guess I deserve this,Comedy,2018-11-08,1000,1000,1365430
BadBoyHalo literally going INSANE after I trolled him,Comedy,2018-11-14,1000,1000,1365441
JUST UNBAN ME ALREADY! - BAN Appeals Episode #20 (ft. Skeppy),Comedy,2018-11-14,1000,1000,1365446
I GRIEFED Skeppy's Minecraft Server as PAYBACK,Comedy,2018-11-08,1000,1000,1365421
I APPLIED FOR STAFF on 50 MINECRAFT SERVERS (IT WORKED),Comedy,2018-10-15,1000,1000,1365415
I went TOO far... (BADBOYHALO BANNED ME FOREVER),Comedy,2018-11-01,1000,1000,1365354
So I Ordered 72 Pizzas to his house and this was his reaction...,Comedy,2018-11-05,1000,1000,1365361
How To Make A Cup Of Tea Chapter 1 (The Missing Tea Bags),"Action, Adventure, Comedy",2018-01-13,100,100,1367168
How To Make A Cup Of Tea Chapter 2 (The WasteTown),"Action, Adventure, Comedy",2018-03-10,100,100,1367193
How To Make A Cup Of Tea Chapter 3 (The Return Of Coffeeman),,2018-10-21,100,100,1367204
The Yapori Show: Energia Suprema,"Action, Adventure",2024-04-01,10000000,100000,1366699
Rob P. Steals Christmas,Comedy,2021-12-17,200,250,1363775
V/H/S  - The lost tapes,"Documentary, Thriller, Adventure",2024-09-29,30,19,1363650
Out of the City,Documentary,2024-03-27,500,700,1362856
O Matagal,"Adventure, Action",2024-03-25,1,1,1362942
Argumentative,Drama,2024-06-27,500,500,1363136
INSIDE OUT 2024,"Animation, Family",2024-12-09,744,7,1364426
Rolling With The Wind,Family,2023-11-07,2,10,1364403
Alice in Wonderland 2024,"Animation, Action, Adventure, Family, Fantasy",2024-10-09,700,10,1364409
IT 2024,"Action, Horror",2024-10-28,190,5,1364416
IT 2 2026,Horror,2026-06-20,1000,7,1364418
BadBoyHalo Banned Me For Ping Spoofing...,Comedy,2018-10-19,1000,1000,1364681
So I went UNDERCOVER to get in a CALL with BadBoyHalo...,Comedy,2018-10-24,1000,1000,1364804
"BadBoyHalo crying when we got him to 100,000 subscribers",Comedy,2018-10-26,1000,1000,1364813
The Fifth Element 2024,"Animation, Adventure, Family, Fantasy, Music",2024-11-15,700,5,1363844
Christmas Switch 2022,"Adventure, Action",2022-12-23,200,5,1363846
Christmas Switch 2023,"Action, Comedy, Fantasy",2023-12-21,400,10,1363850
Christmas Switch 3: The Curse is Over 2024,"Action, Animation, Comedy, Fantasy, Family, Music",2024-11-29,600,10,1363854
I applied for staff on BadBoyHalo's server and this was the interview...,Comedy,2018-10-18,500000,50000,1363861
Hidden Secrets IV,"Animation, Action, Adventure, TV Movie, Music",2025-03-12,25,980,1388253
The Wizards,"Animation, Adventure, Fantasy",2024-11-30,700,940,1388179
Goodbye Ibsen,"Drama, Comedy",2024-05-10,10,9,1387427
Tá Sabendo?,Comedy,2024-09-23,50,100,1387480
Woody Allen Takes Revenge,Comedy,2022-10-07,10000,10000,1387243
The Boondocks,"Comedy, Action, Animation",2006-11-06,111,479,1389081
Drive Inside,"Drama, Family",2024-07-06,5000,1000,1388957
Trente Deniers,,1996-10-18,100,1000,1388712
Hidden Secrets III,"Music, Fantasy, Family, TV Movie",2023-03-17,650,576,1386319
Hidden Secrets II 2022,"Action, Adventure, Family",2022-07-15,986,500,1386292
Hidden Secrets 2021,"Animation, Music, Fantasy",2020-12-15,700,950,1386270
Flying Knives,"Comedy, Horror",2024-05-25,100,10,1386445
House of the Wizard's Blackened Soul,Horror,2024-11-21,500,1000,1391817
KISIPISI,"Drama, Horror, Crime",2023-09-29,100000000,500000000,1391880
"The Tale of Dylan, Jimin, Brad and Eugene","Horror, Thriller, Drama, Crime",2022-02-02,1,3,1391761
The Human Cat,"Horror, Comedy",2024-10-31,97,408,1392180
"Me, My daughter and Love","Romance, Drama",1974-04-18,3300000,4800000,1392886
The Bread Of Each Day,Drama,2023-10-10,10,100,1393230
Niran,Drama,2000-11-27,1200000,3400000,1393234
The restaurant father,"Drama, Crime",2024-11-23,191,5,1393182
Milagre Vivo,Documentary,2024-11-11,1500,2000,1389501
Riz,"Science Fiction, Comedy",2024-11-18,10,10,1389991
Sick of Moving Images,Documentary,2024-12-06,100,50,1391260
MORT THEORY 2: The Many Mysteries of Dreamworks,Documentary,2023-09-07,22,1189,1391109
Spider-Man,"Action, Science Fiction",2002-05-03,139000000,821708551,1391422
Wolverine,"Adventure, Action, Science Fiction",2003-04-30,150000000,673062864,1391438
Até eu te encontrar,"Romance, Comedy",2024-11-21,100,100,1391459
Ecrire l'histoire,,2024-11-20,20,2,1390779
Cinco Noches con el Causa,"Comedy, Horror",2024-11-24,60,60,1390661
Frozen: Happily Ever After,"Animation, Fantasy, Family",2024-11-08,700,7,1379105
VIRAL The Short Film,Drama,2022-01-29,2500,250000,1379093
The Mystery Mountain Project,"Documentary, Adventure, Comedy",2021-01-01,20,6,1379483
Shooting Blanks,"Comedy, Crime",2004-01-01,20,20,1379543
I Stan Cagayan,,2024-10-28,1,4,1379617
Private,Drama,2021-10-25,15000,15000,1376996
Né un 14 Juillet,Documentary,2024-03-29,5850,70,1377026
Man Meat,"Horror, Comedy",2024-10-04,44,90,1377028
Cover,Drama,2021-08-01,10000,10000,1376386
SpyGlass III: Ice Queen Reign 2025,,2025-07-11,700,7,1377284
Christmas Switch III 2024,"Animation, Fantasy",2024-11-15,500,10,1377718
Lymph,Drama,2023-05-16,10000,10000,1377568
John Wick - Titans of Cult Edition,"Action, Crime",2014-10-24,20000000,86081850,1383707
EL TELÉFONO 2,"Horror, Thriller, Adventure, Mystery",2024-09-13,3,1,1383086
EL TELÉFONO,"Thriller, Horror, Science Fiction, Crime",2023-10-23,10,5,1383054
A Blighted Land,Comedy,2024-11-09,511,123,1383191
Genç Kız Kalbi,Drama,2024-11-06,245,124521,1384074
Stab 3: Holiday Horror,Horror,2023-10-01,500000,200000,1381315
Susanna's Financial Mistakes,"War, Drama, Action, History",2024-11-01,2,4,1381229
Dawood's Ticket,Drama,1990-02-14,230000,44000,1380818
The Bugman,Horror,2024-10-31,600,15,1380731
Saint Bernard,"Documentary, Western",2024-11-13,15,1,1382521
Late from Off-Campus,"Action, Adventure, Comedy",2024-04-26,100,100000,1382270
New York Stories: Life Lessons,"Drama, Comedy, Romance",1898-03-10,15000000,10000000,1381714
ZARK: RETRIBUTION,"Crime, Thriller, Action",2024-10-22,1189,2500,1382113
Bob & Milo,"Mystery, Comedy, Action",2024-08-17,69,69,1332975
明明就是喜欢我,"Romance, Drama",2019-01-20,2000000,40000000,1332955
Luke Schuermann is at UCLA,Adventure,2024-06-12,5000,130,1331078
Ty-Bo-Orange,,2024-08-23,1000,1000,1338156
Bad Day at Work,Horror,2024-07-30,100,50,1337154
ساعة عصاري,Drama,2008-02-26,3,3,1335762
Dead Shift,"Comedy, Crime",2024-01-19,500,500,1335863
I'm Watching,"Thriller, Horror",2023-11-20,200,200,1335873
Blood Moon - Part One,"Thriller, Drama, Mystery",2023-12-28,2000,2000,1335840
The Truth about Random_155,"Horror, Drama",2023-01-28,1000,1000,1336063
Serbian Dancing Lady Pool,,2024-08-02,1000,1000,1324576
CRUMBs.,"Comedy, Crime",2024-05-04,50,250,1324678
Samurai X - Reflection - Director's Cut,"Action, Animation, Drama",2004-12-28,600000,1000000,1324074
Terrys Anatomy: The Movie,"Drama, Comedy",2020-01-01,28000000,150000000,1323906
The Cum Wars,"Fantasy, War, Action, Adventure, Drama",2022-08-07,45678,546784,1324337
The Exam,Thriller,2010-01-08,600000,394717,1324155
Andy... Andy Silly Andy,Comedy,1964-12-21,298319,15910,1325695
The Voices In FAO's Head,Horror,2029-12-25,10,7,1325772
Cefirobiathlone,"Comedy, Drama",2019-07-31,100,100,1325875
Portrait of a Soldier,"War, Drama, History",2024-08-02,700,100,1325184
Samurai X - New Kyoto Arc - Special Edition,"Action, Animation, Drama",2014-09-19,600000,1200000,1325265
Finding Her Voice,"Drama, Music",2024-08-03,10,100,1324984
Slap v Slurp,"Horror, Thriller, Crime, Mystery, Action",2022-01-27,72000000,957000000,1324994
havn 2,Horror,2017-10-26,11696480,58336194,1325448
Friday the 13th,,2023-10-13,1000,1000,1322225
Free Fire,"Action, Drama, Crime",2024-07-28,1,10,1322576
Netflix and Chill 4,"Horror, Thriller",2024-07-26,1000,1000,1321839
Die Hart: Die Harter,,2024-05-05,300,500,1322058
Ossesione,"Drama, Crime",2024-05-09,600,1000,1322933
"Mario Puzo's The Godfather, Coda: The Death of Michael Corleone","Crime, Drama",2020-12-04,54,52,1322784
Rair Montage 3 - The End of Rair Montage,"Drama, Adventure",2024-08-23,20,1000000000,1328930
Uno,,2024-07-29,18,20,1329368
Skeye Hallelujah Cover,"Music, Drama",2010-12-06,1000,1000,1328606
The Blue Pill,"Comedy, Mystery, Science Fiction",2024-08-15,100,500,1330451
Best Of Joy,"Drama, Music",2024-12-25,1000,2000000000,1326885
Wie TIEF geht der JuliensBlog EISBERG?,Documentary,2024-06-07,50,1000,1326725
Technoblade Never Dies,"Documentary, Drama",2022-10-28,1000,1000,1327143
Mirrors,Thriller,2024-08-10,300,20,1328117
King Noah & The Wizzard,"Action, Adventure, Comedy, Fantasy",2024-08-03,361,362,1327338
MASSIVE: The amazing rise and fall,Documentary,2016-03-06,16381,12000,1351710
Canco and Friends,"Family, Animation, Comedy",2021-06-03,1,6,1351728
Is That It?,Documentary,2024-09-06,275,275,1351841
ROBLOX: The Movie,"Animation, Adventure, Family, Drama, Mystery",2024-07-19,50,677,1353384
Added Value (Mais Valia),"Action, Adventure, Science Fiction",2024-05-02,35,1,1352780
Lo impermanente,,2024-09-08,1,1,1356728
Registros de un trabajador común,,2023-09-14,1,1,1356734
Solitário,Drama,2024-03-01,112,7,1356739
Between Decades,"Comedy, Science Fiction, Adventure, Music",2023-12-12,126,12,1356750
The Definitive Castlevania Timeline,Documentary,2023-06-18,340,700,1357677
Wick V. Mario: Dawn of Ignorance,"Action, Comedy",2024-09-17,1000,1000,1358106
Herobrine the Killer 3: The final,"Horror, Thriller, Crime, Comedy",2020-12-31,1,2,1358068
Retrato de um Plagiador,Drama,2024-09-16,50,50,1357386
Blank Papers 3: The Heist Of The Crimson Foreskin,Action,2024-09-21,40,10,1357400
All is Found 4,,2025-11-21,2000,20,1354259
All is Found 5,,2026-11-24,1000,12,1354263
All is Found 6,,2028-11-27,700,10,1354265
Into The Unknown,,2024-11-21,500,45,1354267
All is Found 3,,2025-07-11,740,240,1354257
All is Found 2,,2025-02-17,1000,1000,1354255
Aquí,Drama,2024-07-11,200,200,1354302
Serbian Dancing Lady 5,,2024-09-06,1000,1000,1354675
Serbian Dancing Lady Pool,"Horror, Thriller",2024-08-02,1000,1000,1354584
Frozen Heart,"Action, Adventure, Animation",2024-10-07,500,1000,1353738
The First Harvest,"Horror, Crime",2023-10-13,10,1,1354080
Next Visit,"Documentary, Drama, Adventure",2024-09-11,40,1,1354086
Day 55,,2022-09-23,1000,1000,1354057
Charlie Charlie 2,Horror,2024-08-23,1000,1000,1355528
Surigadu,"Drama, Music, Family",1992-10-31,250000,260000,1355435
Assassino da Picada,Thriller,2014-07-05,2,1,1355421
Minecraft: Nossas Férias,,2015-08-15,5,5,1354943
Judas,"Drama, Thriller",2022-08-10,4000,6000,1355087
Frozen Heart,,2024-10-07,100,5,1355129
Fart Masters,"Comedy, Adventure",2024-09-01,160000,600000,1342187
Nuqtay 40,Comedy,2024-08-27,90,150,1341618
خان الذهب الجزء الثالث,Comedy,2024-07-31,15000,4500000,1341936
Flushed (A Pointedly Staged Reenactment of True Events),Comedy,2024-08-30,100,100,1340015
The Panic at the Disco,"Action, Comedy",2021-06-25,200,200,1339630
Paralysis,,2024-08-30,1000,1000,1341352
El Tagriba El Ula,Drama,1972-11-09,200000,20000,1346558
Corridors,Action,2025-03-03,100,100,1441286
Portrait of a song,"Music, Documentary",2025-02-27,2000,10000,1440865
The Third Person,Horror,2025-01-22,1,1,1442553
Dollhouse,"Thriller, Horror",2025-02-10,1,1,1442515
ازدواج در وقت اضافه,,2010-01-10,2000,2000,1442916
Aislamiento,,2020-04-20,10,1,1442134
"CSS - Front, Side, Back","Documentary, Music",2006-05-21,19000,30000,1442347
МОМО,Drama,2024-12-21,560,560,1442305
Ableism in São Paulo,"Documentary, TV Movie",2024-11-05,4000,1900,1439301
Maxi Manus,"War, Action, Drama",2023-02-16,2,1,1439454
Fancy Hotel,Mystery,2025-01-18,100,90,1438509
I Tried Time Traveling,"Mystery, Horror",2024-01-19,1,1,1438534
Strange Man Caught on Doorbell,"Mystery, Drama",2023-09-09,50,60,1438551
AURORA HAIK,"Documentary, Music, Adventure",2019-12-19,52000,100000,1438955
When Your Friend Owes You Money,"Comedy, Action",2023-11-11,40,50,1438782
When You Don't Tip Your Door Dash Driver,"Mystery, Comedy",2023-07-04,40,40,1438759
Teddy: A Story of Greatness,"Comedy, Action",2023-09-08,1000,100,1439914
Two Sides of The Same Coin,,2024-05-08,500,1200,1446188
Lost and Found,"Horror, Action",2023-06-22,200,200,1446258
Obscura,Horror,2025-03-22,200,150,1446261
Taboo,"Thriller, Drama, History, Mystery",2017-01-07,13000000,11000000,1446160
Crystal Tears,"Horror, Mystery",2024-12-10,300,300,1446113
El Bosque Salvaje de Pardomino,Documentary,2023-05-05,9000,9199,1447140
The Amazing Life of Molly Star,"Drama, Comedy",2024-11-30,3000,300,1447147
Vendo Mi Arte,Documentary,2025-03-06,127,57,1443626
RED LIGHT,"Horror, Thriller",2024-02-26,15,100,1443197
By all means,,2024-12-31,700,812,1443049
Армия,"Action, Drama, War, Adventure",2021-02-22,1,1,1443066
2025 Australian Grand Prix,Documentary,2025-03-16,44,44,1444863
Connected,"Drama, Comedy",2024-08-02,27,500,1444702
Langkah Kecil,"Drama, History",2025-03-11,241,432,1444304
The Lost Tapes,Horror,2024-03-05,100,100,1444227
Las plantas de sus pies,Drama,2023-09-25,50,50,1432437
Edificios Y Botellas,Drama,2024-09-23,10,15,1432460
Capodanni senza frontiere,"Documentary, Adventure",2025-01-01,69,69,1432413
Nunca Seré Agnès V,Drama,2024-08-08,200,250,1432424
FEEDING STARVING INFLUENCERS FT. EMERGENCY INTERCOM,"TV Movie, Comedy, Documentary",2024-07-06,100,320000,1432379
Why? Endhuku?,"Comedy, Thriller",2022-11-20,1000,300,1432672
Apofenia,"Mystery, Horror",2023-02-15,1000,1000,1432675
Liga de Atores,Comedy,2023-12-13,4000,4000,1432657
BLOODNIGHT STAINS,"Horror, Documentary",2025-02-10,1,2,1432204
Echoes of Hope,Drama,2025-02-02,1000,400,1432011
The Rocher Motion Picture,"Comedy, Action, Adventure, Science Fiction, Romance",2025-06-04,2,69000000,1433307
Ik Ben Lenny Bogaerts,"Documentary, Drama",2024-12-06,1,32,1430237
GTA-6 With MAKAZONEGAMING,,2025-02-06,2,234,1430203
De verkeerde bril,"Crime, Romance, War",2085-12-28,100,100,1430205
L'Artyshow,,2024-12-19,200,1,1430145
Disco Inferno,Mystery,2025-02-06,100,100,1429564
Desi Spiderman,,2010-02-02,10,100000,1429967
Taylor Swift | The Eras Tour (Taylor's Version),"Music, Documentary",2024-03-14,15000000,261656269,1431301
Mr. Groundhog meets Santa Claus,"Comedy, Fantasy, Family",2012-02-02,20,3,1431488
FNAFHS,Adventure,2016-04-16,50000,500000,1430789
Lover Loser,"Romance, Comedy, Thriller",2025-02-14,1,2,1430746
Accursed Effigy,Documentary,2024-07-12,7000,150,1436961
Drinking a Monster in the parking lot of the clinic where I was born that is now a funeral home,"Documentary, Family, Horror",2024-11-20,1000000,1000000,1437004
Bordeaux avec les hypos- Chapitre I,Adventure,2023-05-30,1,2,1436839
Bordeaux avec les hypos- Chapitre II,Adventure,2023-05-31,1,3,1436845
Madrid capitale de l'apagnan,War,2024-04-08,1,3,1436854
vlog du bouduuu,Music,2024-08-27,1,3,1436864
The Happy Bubble,Comedy,2024-05-12,1900,1200,1437235
Ghost of Prague,Horror,2024-12-28,100,10,1436348
Dictator's Last Day,Comedy,2024-12-11,300,300,1436499
A Prr do Amor!,"Romance, Comedy",2024-11-23,1055,2111,1436601
NINA´S EDUCATION,Comedy,2013-06-11,10000,100000,1438049
Casi Angeles: La Isla de Eudamón (Temporada 1),,2007-03-21,10000,100000,1438246
Casi Angeles: El Hombre de las Mil Caras (Temporada 2),,2008-04-03,10000,100000,1438256
Casi Angeles: El Principito (Temporada 3),,2009-04-20,10000,100000,1438264
Casi Angeles: La Resistencia (Temporada 4),,2010-04-12,10000,100000,1438266
The 97th Academy Awards,"Documentary, Comedy",2025-03-02,2000000,10000000,1434607
Uncharted 2: Among Thieves,"Animation, Adventure, Action",2009-10-13,50000000,150000000,1434899
Legenda o bejbi,Drama,2024-11-26,1000,2000,1434171
Raw,"Drama, Horror",2016-09-08,3800000,3098251,1435787
Campus Manchado de Sangue,Horror,2022-11-20,1,1,1436013
CRÂNIO - Capítulo 2: O Lobo e o Coelho,,2025-02-15,250,500,1436037
Who doesn’t obey will be lost,Drama,1967-07-11,2700,5000,1459186
h00ligan_001,Documentary,2024-10-23,1,1,1459160
Petrifier,,2025-03-08,5,10,1459409
Do I Look Like Her?,,2025-05-02,200,700,1460056
Cocaine Bear vs. Batman,"Horror, Action, Drama, Thriller",2025-04-05,1000,1000,1459882
Lecture du délibéré du procès du Rassemblement National,Documentary,2025-03-31,4100000,4100000,1457031
Baby Rapper,"Family, Animation, Music, TV Movie",1998-01-01,20,20,1457067
The Man and The Simpsons: Hit & Run,"Comedy, Horror, Drama, Thriller, Adventure, Crime",2025-03-31,1,1000000,1457324
Os 3 Conselhos,"Drama, Family, Romance",2010-01-01,17898,20000,1457332
The First Puff,"Adventure, Drama",2025-03-05,2,93,1457187
Um Momento no Tempo,Drama,2025-04-02,1,10,1458024
Aléthique,,2025-04-02,5,7,1458261
Love Under Construction,"Comedy, Romance",2025-02-28,600,600,1457688
Pedro Apoclipse,"Action, Comedy, Drama",2024-06-24,100,500,1463958
Tokum Ama Yerim,"Comedy, Horror",2025-01-31,3000,3000,1463971
Dolph Roy's Rockalypse,,2018-11-09,1500,4000,1463070
Skins,,2007-01-25,100,30,1463057
Beyond Limits,Documentary,2025-03-07,62000,145000,1463030
Doctor Who The Story and the Engine,,2025-05-10,10000,100000,1463384
Doctor Who - The Interstellar Song Contest,,2025-05-10,10000,100000,1463389
Doctor Who - Wish World,,2025-05-24,10000,100000,1463393
Doctor Who - The Reality War,,2025-05-31,10000,100000,1463405
Doctor Who - Lucky Day,,2025-05-03,10000,100000,1463380
Doctor Who - The Robot Revolution,,2025-04-12,10000,100000,1463359
Doctor Who - Lux,,2025-04-19,10000,100000,1463367
the human being,"Comedy, Family, Adventure",2025-04-12,230000,450000,1463315
Mugamoodi,"Music, Mystery, Drama",2025-04-24,6000,7000,1464035
2 guys fighting,"Action, Comedy",2025-04-15,10,1,1464642
2 guys fighting,"Action, Comedy",2025-04-15,1,10,1464649
Yaazhi,"War, Drama",2025-07-10,2000,2500,1464071
Шматрица,Comedy,2003-12-26,63000000,463517383,1464079
Screen Bound,Thriller,2025-04-12,138,100,1464422
Nzemendim,,2025-04-08,7,5,1461338
Bir Çöküşün Anatomisi,"Drama, Thriller",2025-04-08,2,1,1461608
110 Lombard,Comedy,1988-01-01,20000,200,1461142
Screams,Horror,2024-05-24,100,1,1461182
Beautiful Smile,"Animation, Comedy, Crime, War, Romance, Mystery",2025-04-10,9999,1,1462540
Vshmsh,Animation,2024-07-16,15,999,1462782
Did Dood vs. James US,"Comedy, Action",2022-01-21,176,30,1461981
DEEP,Comedy,2025-04-05,100,229,1462069
DEEP,Comedy,2025-04-05,100,229,1462188
The Stooges Cigarette,"Thriller, Crime, Mystery",2024-05-10,50,23,1450598
Linhas,"Horror, Drama",2024-07-26,1,1,1449980
Douglasie : Terre d'Ombres,"Thriller, History",2022-08-25,2,3,1451477
Philocentria,,2025-03-20,5,9,1451560
Transplant,"Science Fiction, Drama",2024-05-24,50,1,1451519
The Mina's Escorts,"Documentary, Comedy",2025-03-20,20,21,1451312
１-８６６-９９４-３６５７How to Cancel Hulu? where to ask**,,2025-03-20,10000,1000000,1451389
Logement Etudiant : Mission Impossible,Documentary,2025-03-20,5,5,1451381
Sapikuna,Documentary,2025-03-20,20000,20000,1451741
The Calf,Drama,2022-09-13,5000,5000,1451721
"Kings, Queens, and Jack Shit",Comedy,2025-03-20,100,100,1451806
Deadpool vs Peter Griffin,"Comedy, Animation, Music",2025-02-08,200,1000000,1451182
Bet on Black,"Comedy, Mystery, Horror",2024-08-30,80,75,1451050
The Petrov's Defense,Thriller,2023-03-19,4,1,1451067
A Fashion Day in a Fashion Week,Documentary,2024-05-26,100,100,1448132
Hitman²,"Thriller, Crime, Comedy, Mystery",2025-03-11,4550,3800,1447558
The Making of 'Jackass 2.5',Comedy,2007-12-19,1,2,1447538
Addiction,Drama,2025-03-13,5,2,1447848
Bossman,Documentary,2025-03-13,100,100,1449118
Crétinus ?,,2025-02-24,10,2,1449094
BAGMAN BEGINS,Thriller,2025-07-10,20,100,1449201
Magpies,"Comedy, Drama",2025-03-15,250,1000,1449169
Point Of View: 10 Years Of Ariana Grande,Documentary,2023-03-25,100,100,1449439
The Wandinha,Comedy,2024-06-10,449,50,1448609
Lakanianismus,,2025-03-15,5,6,1449022
moose movie 2,"History, Animation, Crime, Comedy",1972-01-01,470000000,1,1449031
Salada.,Crime,2025-03-25,40,541441574,1454250
Bedtime Samuel,,1998-10-25,8000,8001,1454117
Sarovic in Sremska Mitrovica,"Comedy, Drama",2025-02-15,50,79,1454513
三名囚犯（meti la pata）以最xxx的方式创造的奇异冒险,"Comedy, Crime",2025-03-28,50,1,1454592
Alienation,Comedy,2025-05-12,300,300,1455860
Apoteose,Drama,2025-03-16,10,10,1456242
Cris Morena Day,,2024-08-28,10000,100000,1455645
Les cahiers de la passion,Documentary,2025-03-23,10,10,1452056
Feramentum,,2025-03-21,4,7,1452070
Frica De Noapte,Horror,2024-11-01,30,50,1451973
BIN BOY RISES,,2026-08-13,50,9000,1453714
Diggy and The Bandits,"Crime, Animation, War, Drama, Documentary",2001-09-11,447000000,12,1453767
Safe Space,Documentary,2024-06-10,100,100,1453639
Rendez-vous de l'espérance,Documentary,1950-06-26,10000,11000,1453596
Diggy and The Bandits,"Crime, War, Drama, Documentary, Animation",2001-09-11,447000000,12,1453985
Cup Boys,"Horror, Drama, Action, Adventure",2024-10-01,1,80,1454032
Max Allain: Sorry I Say it Like it is,Comedy,2024-06-25,500,10,1453918
Goats With Huge Features,,1974-05-18,2,100,1453930
Musical Day,"Comedy, Drama, Music",2025-05-31,1,9,1453181
SK8 SP25,Documentary,2025-03-24,1,1,1453029
Roblox Has A HUGE AI Problem.,"Action, Animation, Mystery, Adventure, Crime, Family, Documentary",2024-10-10,1,1,1452979
BAGMAN-THE BLUE BEAST,"Action, Horror",2026-07-10,500,10896,1453386
Gaptek,"Drama, Science Fiction, Comedy",2021-05-21,12,180,1405710
Number,"Science Fiction, Drama",2022-06-13,85,253,1405689
HOMO HELLP - Oi Jungkook,"Romance, Horror, Drama, Crime",2024-12-20,2,2,1405104
Farheen,Drama,2024-01-20,2000,2000,1405209
A Bolha,"Mystery, Thriller, Horror, Comedy, Fantasy, Science Fiction",2025-07-05,100000000,1000000000,1404972
Alaska Land of Adventure,,2019-10-17,105,53,1406118
See You Later,Drama,2024-12-25,4450,445,1406567
Cupcake,,2014-04-28,75,75,1403450
Dis-topia,Music,2024-12-15,10,12,1403458
Circus Sisters,Horror,2015-04-20,500,500,1403461
Demon Metal Murder V: New Blood,"Horror, Comedy",2020-07-31,100,100,1403468
¡Alacrán!,Horror,2021-02-05,200,1000,1402783
No Swallow for Old Men,Thriller,2024-12-18,45,1,1404625
Sitting,"Comedy, Drama",1965-12-15,224020,2,1404728
Yard Experiment,,2020-04-03,10,10,1404107
Carrie The Musical,"Music, Horror",2012-03-01,50000,1500000,1403949
"Tyler, The Creator - CHROMAKOPIA Live at Camp Flog Gnaw 2024",Music,2024-11-21,100,400,1404394
Ο ΓΟΛΓΟΘΑΣ ΤΟΥ ΖΕΥΓΟΥΣ,"Drama, Romance, Thriller, History, Family, Adventure",2024-12-27,50,2,1409491
Ecrans Unis 2,"Drama, Family",2024-11-13,3500,3,1409694
Frozen Run,"Mystery, Thriller, Drama, Science Fiction",2024-12-13,10000,1000,1409787
"anyway, don't be a stranger",,2024-03-06,20,20,1410598
Holiday Homework,"Comedy, Drama, Crime",2024-03-16,4664,10067,1411073
Museum of Murals,Mystery,2024-09-10,5,5,1407927
No Limite da Memória,"Adventure, TV Movie",2011-05-11,2500,5000,1408097
I Dreamed Of Love When The Candles Died Out,,2027-05-06,100,100,1407414
Albay Nerede,"Mystery, Comedy",2024-12-31,50,50,1409353
Camping Vlog,"Adventure, Mystery",2024-08-14,1,1,1408853
Maschere: come superare l'incomunicabilità,"Romance, Drama, Mystery",2024-12-28,100,100,1408807
La vie d'un kiwi,Horror,2024-12-23,5,100000000,1408812
Waiting Room,"Drama, Romance",2025-01-06,2000,500,1396880
Couscous,Romance,2024-12-02,10,5,1396736
Nannousah,Drama,1992-09-07,12000,22000,1397107
Very Confidential,Thriller,1986-02-24,110000,230000,1397082
"Cig, Fag, Smoke",Drama,2024-12-01,5,5,1396971
Yule Be Jolly,"Comedy, Drama",2024-05-03,200,10,1397050
El Sueño de Sullivan,"Comedy, Action",2024-11-26,200,100,1396598
Wicked: Episode IV — The Rift of Oz,"Music, Adventure, Comedy",2027-12-08,128,2,1397946
Dive 2: The Journey Continues,Drama,2024-12-24,150,50,1398195
ESTRANGULADOR DOS TRILHOS,"Thriller, Horror",2025-10-25,1000,2000,1398170
Dive: The Beginning,Drama,2023-05-13,160,51,1398174
All Equal,Drama,2023-07-17,100,15,1398188
PASSAGENS,"Drama, Romance",2024-12-10,350,350,1397457
Who Goes There?,Comedy,2024-12-04,90,10,1397600
Miraculous Ladybug: Awakening,"Animation, Music, Family",2025-01-04,1000,260,1394692
5.10.20,Comedy,2020-10-05,800,1,1394501
Elegia Alérgica,Comedy,2020-04-15,65,4,1394508
Poseidon Legacy,"Action, Drama, Thriller",2024-02-02,30,40,1394522
GRUDGE,"Action, Drama",2024-11-24,30,30,1394294
Fighting the Metal,Documentary,2024-12-02,3000,500,1394970
Children of Sea and Salt,Documentary,2024-12-02,3000,500,1394997
Acid,"Science Fiction, Horror, Thriller, Mystery",2024-11-29,1,1,1395083
Al Sharabiya,Action,1987-11-16,20000,31000,1395398
Bigfoot prophecy 2,"Documentary, Adventure, Mystery, Horror, Fantasy",2024-12-07,7000,4,1395413
A Corner Of The North,Documentary,2024-11-27,6,10,1395374
Napoléon (Director's cut),"History, War, Romance",2023-11-22,165000000,220597098,1401304
EL HOMBRE DUPLICADO,"Fantasy, Drama",2024-11-28,150,150,1401204
Corrosion,Drama,2024-10-28,250,400,1400635
Challenge Birds,"Comedy, Romance",2024-12-12,25,50,1400931
Crisis on Infinite Earths: Redux,"Adventure, Action, Science Fiction",2024-12-10,10,10,1402384
PlushPlusLIVE Production's Mickey and Friends Doing a Haunted Mansion,"Comedy, Fantasy, Family",2022-11-01,20,500,1402460
The Necklace,Drama,1970-06-11,1000,2500,1401866
Der Clown,,2005-10-20,1000000,2000000,1401925
PlushPlusLIVE Production's Mickey and Friends Halloween,"Family, Comedy, Adventure",1987-09-12,40,30,1401889
Exploring the Spectrum,"Comedy, Romance, Adventure",2024-12-13,50,10000,1401677
Denis Villeneuve's Dune,"Science Fiction, Action",2024-03-01,355000000,1122117986,1398923
DROP! um pequeno registro do 2.º Santo Drop Luizense,Documentary,2024-12-10,41,41,1398628
The LEGO Movie 3: A Powerpuff Adventure,,2025-02-09,480000,238000,1400398
Meet Arnold: The Movie,,2022-11-18,200000,480000,1400386
Red Dead Redemption 2 (Movie),"Western, Action, Drama",2024-03-21,540000000,971661103,1399448
Dead-Weight,"Thriller, Comedy",2025-03-15,1000,100,1399893
Donde no estás,Drama,2024-12-12,500,60,1399907
Karandika,"Mystery, Drama",2023-08-15,716,432,1423405
Didn't You Hear?,"Comedy, Music",2023-12-07,100,100,1423736
FADDA 3,,2024-03-31,18,8716,1423697
Pal,,2008-05-02,5000,5000,1422864
Didn't You Hear?,Comedy,2023-12-07,100,100,1423213
The Death of the Birth of God,"Horror, Thriller, Comedy, Drama",2024-10-14,356,356,1423120
Tafers Code,"Comedy, Drama, Documentary",2025-03-14,100,90,1423093
School of Rock: The Musical,,2015-12-09,15,80,1424952
Seventh Art is Unique,"Documentary, Drama",2025-02-27,100,100,1424740
Xatho fais (un peu) son show,"Action, Drama",2022-08-18,40000000,15,1424861
Mortal Kombat Legacy,"Action, Adventure, Science Fiction, Fantasy, Crime",2011-04-12,100000,557015,1421494
Terminator 2: Judgment Day (Skynet Edition),Science Fiction,1991-07-07,102000000,205881154,1420786
The Ball Drop Killings,Horror,2024-12-31,5,1,1420876
The Manor,Horror,2024-02-24,1,2,1420871
Salade de Fruits,"Comedy, Documentary, Science Fiction, Romance, Mystery, Music",2025-02-21,10,20,1420964
V代表复仇,,2006-03-17,50,134,1422450
Let The Truth Be Told: Chronicles of a Few Good Men,Drama,2019-11-19,30,60,1422319
Paranormal Activity: Spain,Horror,2024-06-04,350,15,1422706
En las nubes,"Thriller, Comedy, Horror",2023-09-17,10,50,1422679
Wushang Watchalongs (RR VS SRH),,2024-05-25,11,826,1422553
Vau Ka Birthday (23),,2024-10-11,10,12637,1422583
Mafia Mundeer,Comedy,2023-04-17,100,9000,1421922
El fin del Score,"Adventure, Documentary",2024-12-22,2,25,1421704
The end of the Becker,"Adventure, Documentary",2025-01-21,1,1,1421714
Wushang Brawlhalla Part 1,,2023-04-08,5,100,1421733
Wushang Watchalongs (MI VS RCB),,2023-04-08,10,910,1421991
Wushang Watchalongs (RCB vs CSK),,2024-05-18,29,900,1421975
Wushang Watchalongs (Big Boss OTT Grand Finale),,2023-08-15,16,873,1427979
Whispers of Wind,"Drama, Fantasy",2025-01-28,10,100,1427874
The Answer: It Is,"Horror, Crime, Mystery",2024-11-10,50,100,1427917
Entre Líneas,"Comedy, Drama",2024-12-22,300,600,1427948
Vane,"Science Fiction, Horror, Mystery",2025-01-01,1,50,1427902
Dead in the Dirt,Action,2020-04-24,5,5,1428135
the matchbox,"Drama, Thriller",2024-06-22,10,52,1428985
Mira,,2024-12-05,100,1,1429382
Holger und ich.,Documentary,2025-02-06,100,100,1429435
Reflections,Drama,2024-05-12,103,171,1428595
Rosa <3,,2025-02-03,100,100,1428376
Les fleurs et la mort,Thriller,2025-02-03,5,5,1428471
Herobrine: The Legend,"Horror, Thriller",2013-12-07,100,100000,1428874
Catalina,"Family, Drama",2025-01-27,6000,5000,1428702
MATURA FILM OF THE 8N - BORG Götzis,Drama,2023-07-08,500,4000,1425821
Lyna Live From Buenos Aires: Gran Rex,"Family, Music",2023-01-01,1000000,400000000,1425681
Il Muro,"History, Drama, Documentary, Mystery",2012-08-01,1000,2000,1425833
Boxing Nights With Rishu,,2023-04-01,9,983,1425879
Cheetiram Chaudhary,,2025-01-29,9,1930,1425899
Shock In My Town,"Drama, Crime",2019-03-12,2000,1293,1425852
30 Minutes or Dead,"Horror, Comedy",2023-06-21,500,300,1425939
Altyn (Alekisok),Action,2023-11-05,10000,13574,1425464
Vau Movie Reviews (BAD NEWZ),,2024-07-26,7,822,1425433
Fractured Intimacy,Drama,2025-02-01,70,280,1425451
Horas a Solas,Drama,2020-10-09,2000,4000,1425334
FADDA 2,,2023-08-19,19,456,1425338
The Courier,"Horror, Drama",2025-01-25,1,1,1427092
The Good Old Days,,2024-07-26,150,500,1426988
On Deadly Ground,Action,1994-02-18,50000000,49000000,1427073
Resonance Genesis Not Allowed,Action,2023-10-03,10000,72000,1426301
Escape Room,Comedy,2025-01-07,15,1000,1413941
Legendary Move,"Comedy, Documentary, Adventure, Action, Mystery",2023-01-19,10,20,1413957
Creature Commandos,"Animation, Adventure, Fantasy, Horror, Mystery, Comedy",2024-12-05,50000000,411600000,1414210
Hævn 3,Horror,2018-10-31,3433250,15576565,1415752
Moongazer's Moonlight Reverie,"Documentary, Mystery",2024-06-28,1,1,1416018
Dis-moi ta classe je te dirai qui tuer,"Drama, Comedy, Science Fiction",2021-12-17,35,35,1415432
Slice Of Life,Drama,2025-05-22,1800,1800,1415489
O Armário,,2012-05-03,10,98000,1413858
Forest Without a Face,Horror,2024-08-10,100,350,1412338
The wait,Mystery,2024-09-18,20,1,1411881
SONHOS RECORRENTES,"Documentary, Fantasy",2025-01-05,800,1,1413787
Budget News: The Final Show,Comedy,2025-01-04,500,300,1413848
Eu espero que você encontre uma nova moradia,"Drama, Romance",2022-05-17,10,40,1413684
Os 140 motivos,"Documentary, Crime",2023-05-08,40,300,1413686
Alheios,"Documentary, Mystery",2023-12-02,20,360,1413691
Fruna,"Fantasy, Romance",2022-05-01,190,5000,1412976
Egizaklar Turkiyada,Comedy,2025-02-01,150000,150000,1412770
A Gyűrű,"Family, Romance, Comedy",2025-02-14,5,5,1412767
Severance,"Thriller, Science Fiction",2025-01-17,200,300,1419061
Retro 45.7: The Theory of MDTC,"Romance, Science Fiction, Mystery",2024-05-30,100,100,1419039
Retro 45.7: The Theory of Love,"Romance, Science Fiction, Mystery",2024-02-29,100,100,1419001
Faustbook (20th Anniversary Director's Cut),"Drama, Mystery, Thriller, Animation",2025-04-04,5000,5000,1418833
Counter Shot,"Drama, War",2024-12-02,50,50,1420069
HOMO HELLP III - HOMO HAPPY: Hand in Hand 🤝,"Horror, Romance, Thriller",2025-02-28,150,1000,1420345
Petrifier 2,Horror,2024-11-10,10,5,1420387
HOMO HELLP II: You only call me on the weekend 📞,"Crime, Horror, Thriller",2025-01-31,10,20,1419673
El último aliento,Drama,2015-05-28,50000,100000,1417103
Life of a Mechanic,"Comedy, Music",2024-12-28,12,42,1416921
Le tueur du premier mai,,2024-05-25,1000,1500,1417052
Bricked,,2023-10-13,100,100,1416160
EslEminem - A mosogatós Shady,Music,2024-11-23,50,50,1416408
Love Is Pain,"Drama, Romance, Thriller",2025-11-21,26,26,1417998
The Castle,"Drama, Adventure, Science Fiction, Action, War, Mystery",2023-02-06,156000000,456000000,1418167
Beneath The Tall Tree's Gaze,"Drama, Horror",2025-03-15,50,50,1418112
Elmont: Light in your eyes,,2024-04-10,2000,3000,1417471
Shoegazer's Brown Eye Reverie,Fantasy,2025-01-10,1,1,1417624
ROKOK,"Drama, Horror",2024-03-28,3,60,1417545
A Wim Wenders Dream,Fantasy,2025-01-10,1,1,1417596
Before Suicide,Drama,2025-01-10,1,1,1417607
The man in the window,Horror,2024-06-03,1000,1000,1417569
Sara is Missing,"Crime, Horror, Thriller",2017-10-13,5000,10000,570324
Fakir Bir Kız Sevdim,"Drama, Romance",1966-01-01,55000,105000,570091
Neptune's Daughter,Fantasy,1914-04-25,2221000,5773000,572090
Reverse Seven,Drama,2014-12-05,10000,100000,566763
Dream,"Mystery, Drama",2016-11-08,100,500,566413
"Run, Hide, Fight","Documentary, Crime",2017-05-01,50000,88000,576817
Active Shooter,"Documentary, Crime",2017-04-01,150000,250000,576819
Spaggheti Western,"Animation, Western",2007-12-19,20000,100000,577323
Kanske En Gentleman,"Drama, Comedy",1950-12-26,50,60,84132
Karusellen går,Comedy,1940-10-05,50,60,84127
"Safornication, la película","Action, Adventure, Comedy, Science Fiction",2023-08-04,69000,690000,558594
The Gatling Gun: Changing the World One Bullet at a Time,Documentary,2011-01-01,10,100,558596
Shabash,"Comedy, Drama",2017-10-25,10000,100000,556293
Tarat,Action,2017-10-23,10000,100000,555969
Maslakh,Drama,2016-10-19,10000,100000,555047
Davandeye Zamin,Drama,2010-10-20,10000,100000,555135
Nazli,Drama,2015-10-21,10000,100000,555347
Maria Rosa,Drama,1916-05-07,18575,102768,563515
Over the Hill to the Poorhouse,"Drama, Crime",1920-09-17,100000,3000000,563505
Temptation,"Drama, Romance",1915-12-15,22472,102437,563508
August,Drama,2018-11-21,10000,100000,563382
Não Me Abalo,"Drama, Adventure",2021-12-08,1000,1500,563811
Afternoon Tea,,2017-04-28,10000,10,565296
Naked Night,Drama,2001-11-10,10000,100000,560896
Dalila,"Drama, Romance",1956-10-15,3342,1671,559375
The Man Who Knew too Much,Drama,1984-11-05,10000,100000,559478
Tanha dar chand Daghighe Sukut,Drama,2013-11-07,10000,100000,559909
Objects in Mirror,"Drama, Family",2015-08-06,10000,100000,561786
Shiva,Drama,2014-11-13,10000,100000,561567
Operation Thunderbolt,"Adventure, Action, Thriller",1956-06-13,5600000,161430514,561499
Denizciler Geliyor,"Romance, Adventure",1966-04-01,50000,105000,597087
Beautiful Mechanics,"Drama, Comedy",1984-01-01,10000,5000,597052
The Green Marker Scare,"Horror, Animation, Mystery, Crime, Thriller",2012-10-22,58303,67205,597181
Blood Quantum,Documentary,2016-01-30,1000000,1000000,598246
Ölünceye Kadar,"Drama, Romance",1967-04-03,55000,105000,598449
Ve Allah Gençleri Yarattı,"Adventure, Music",1964-04-01,55000,105000,597544
Damga,"Family, Drama, Adventure, Crime, Romance",1987-04-02,55000,105000,597792
"His Majesty, Bunker Bean",Comedy,1925-09-14,84000,130000,595119
Ненасытные,"Action, Comedy",2006-08-31,1700000,1320000,603748
Existence,"Science Fiction, Drama",2019-05-03,300,750,599637
WWR The Show Must Go On,"Drama, Action",2017-08-20,6322,13224,598895
Stardom Queen's Fest,"Drama, Action",2018-02-18,6223,15444,598897
We Will Die Together,"Drama, Thriller",2005-05-16,500000,65000,583013
Kingdom Men Rising,Documentary,2019-04-29,300000,1188936,580641
The Rise of Kibwetere,Thriller,2019-03-25,25000,2000,580581
Paintings In The Dark,Drama,2019-09-06,10000,125000,579626
Salad Days,"Comedy, Drama, Romance",2017-04-12,2500,5000,582079
r/askreddit,"Horror, Thriller, Action",2019-03-10,1,1,590033
წითელქუდა,Adventure,2018-06-22,2000,2500,591948
Mosebacke monarki,"Comedy, Drama, Family, TV Movie",1967-02-23,3000,2500,591300
Yaman Gazeteci,"Adventure, Comedy, Romance",1961-01-01,55000,105000,587464
Kill Him,Thriller,2014-10-23,2000,10,588650
Mysterious Ways,"Horror, Comedy",2018-09-10,4000,10,588653
Queens Of Combat QOC 21,"Action, Drama",2018-01-20,9684,11231,587999
Our Great-Grandfather's Grandfather,"Drama, Comedy",1981-02-12,50,112,517563
Four Twenty,"Drama, Comedy",2015-10-05,50,100,517754
Sesh Sangbad,"Drama, Thriller, Crime",2016-07-29,1,2,518259
Savage,"Comedy, Drama",2017-12-07,11000,29700,514152
KIWI,Drama,2018-03-21,10,10,513232
Whatever God Wants,Comedy,2010-05-09,10000,20000,523267
Dreamy,"Comedy, Drama",2013-05-11,100000,100000,523679
Members Only,Comedy,2008-05-18,150,2900,521945
Dreams,,2016-03-04,100000,1700000,503872
All You Need is Kill,"Action, Adventure, Comedy",2014-06-02,20,5,503966
Live and Let Kill,"Comedy, Action, Adventure",2014-12-10,50,10,503978
Live Free or Kill Hard,"Action, Adventure, Comedy",2015-05-20,50,10,503982
Scent of Wheat,Drama,1977-01-01,1000000,50000,504352
Freaks & Errors: A Rare Collection,Documentary,2017-11-09,100000,17,503022
Gonjeshkake ashi mashi,Drama,2018-01-09,100000,1500000,502981
Forbidden,Drama,2017-11-01,100000,1500000,505399
Journey to Tataouine,Documentary,2017-12-29,19052,19052,504514
Darawani Haveli,Horror,1997-01-24,31340,39175,500101
Tahkhana,Horror,2001-06-01,23505,18412,500060
Dafan,Horror,2001-03-15,39175,32124,500064
Darinda,Horror,2005-12-09,31340,27814,500066
Duplicate Jaani Dushman,Horror,2003-09-05,47010,83051,500071
Chudail No. 1,Horror,1999-07-16,31320,26622,499727
Ho Sakta Hai!,"Drama, Crime, Horror, Thriller",2006-03-30,195750,12528,499732
Aadhi Raat,Horror,1999-10-22,15660,5873,499735
Dokhtar Amoo Va Pesar Amoo,Comedy,2018-05-03,1000,2000,501264
Chanel,Drama,2017-10-18,100000,2000000,501079
The Record Is Equal To The Document,"Adventure, Comedy, Drama",2017-11-22,100000,100000,510708
Jeet Lengey Jahaan,"Drama, Crime, Documentary",2012-11-30,153700,203700,511241
Solstice,"Drama, Family",2018-12-18,130,65,510030
Conditional Release,Drama,2018-03-09,15000,1500000,510313
The Riven,Drama,2014-05-26,10,15,506484
100W Bulb,"Drama, Crime",2014-06-16,15000,50000,506977
Mastaneh,"Drama, Family",2015-01-21,15000,50000,506669
Magical Trip,"Comedy, Family",1990-01-26,15000,50000,506672
I'm His Wife,"Drama, Family",2012-03-01,15000,1500000,508408
I'm a Mother,Drama,2012-05-09,15000,50000,508413
Vaat Bahar Jai Nai,,2005-08-05,20000,22000,508882
Kropemann,Horror,2016-11-11,25000,5000,508592
Aandavar,"Science Fiction, Drama, Fantasy",2018-02-26,3000,4850,545468
Hangover Time,Drama,2018-06-05,10000,10000,545239
Eteraf,Drama,2018-08-06,10000,100000,540953
The Great Divide,Western,1925-02-15,318000,674000,541105
Zilli Nazife,"Comedy, Drama",1967-09-13,75000,100000,541044
Khandeh dar Baran,"Drama, Comedy",2010-08-04,10000,100000,540409
Chhakka Panja 3,"Comedy, Drama",2018-10-10,100000,190000,542007
Feast of Sorrow,"Drama, Romance",2018-08-13,10000,100000,542184
Boys Meet Girls,"Comedy, Romance",1984-03-17,530000,2655000,552525
Bearer,Drama,2018-10-03,10000,100000,551780
Two Syllables Behind,"Drama, Romance",2005-02-01,340000,17696,547488
Two Sisters,"Comedy, Drama, Family",2009-03-10,10000,10000,529389
The Queen,"Action, Drama, War",2012-06-11,10000,100000,529394
Bindaas,"Action, Comedy, Drama, Romance",2014-07-25,414000,910000,528419
Blowin' In The Wind,Documentary,2005-03-02,12000,167000,96504
Lögnens pris,"Drama, Thriller",2007-07-11,50,60,96281
Dalahoo,"Action, Drama",1967-07-17,10000,10000,536243
Motherland,Drama,2009-02-05,10000,10000,536476
Rabidity,"Action, Drama, Crime",2016-07-11,10000,10000,535175
Inner Beauty,,2017-08-14,2000,2000,672070
Chaal Gazab Hai,Music,2019-05-27,10000,15000,671911
Kabaddi Kabaddi Kabaddi,"Comedy, Drama, Romance",2020-02-17,1753,9907,673680
Bottle,"Action, Mystery, Thriller",2020-02-15,5,4,672873
Kralların Öfkesi,"Western, Crime",1970-01-01,55000,100000,669777
Rescue Me: A Home 4 Spot,Documentary,2019-10-08,25000,50000,679670
The Color of Your Skin,Documentary,2019-01-01,25000,70000,679672
Love on Demand,Documentary,2019-10-15,25000,75000,679675
Anxious America,Documentary,2019-11-07,10000,40000,679681
Brazen Epiphany,"Documentary, Drama, Thriller",2019-09-12,500,1500,679629
Tour on Mud,"Documentary, Comedy",2017-12-11,700,1000,678958
Bruck Lee vs. the Diamond Dogs,,2018-03-26,5,100,681670
1320 video - Texas Streets 2013,"Documentary, Action",2013-03-15,12,100,680570
Carpe Diem,Romance,2020-03-06,300,60,680936
Jackie,,2010-10-14,1046207,5021794,674872
Young Love,Romance,2019-11-07,100000,300000,674780
Adisu Sew (አዲሱ ሰው),,2020-08-12,500000,1200000,676871
Radio,"Drama, Thriller, Comedy",2019-10-20,300,10,659129
Segunda na Urna,"Drama, Fantasy",2022-09-25,200,2000,658886
Ennai Thalatta Varuvala,"Drama, Romance",2003-03-03,500000,500000,69416
NICO,Drama,2019-06-19,80,350,660714
Vazante,Drama,2018-06-10,2424713,100,655232
The Hunty: A Horror Short Film,Horror,2017-04-28,1,1,654546
Follow the Crows,"Thriller, Horror, Drama, Mystery",2019-09-03,3000,4000,654954
Demir Pençe Casuslar Savaşı,"Fantasy, Adventure",1969-01-01,55000,105000,656654
Püsküllü Bela,Action,1979-12-31,55000,100000,656657
Brothers,Drama,2019-12-25,2000,1000,664610
Cumbia la reina,"Documentary, Music",2015-05-27,100000,100000,664834
Jewelled Nights,"Drama, Adventure",1925-10-24,10480,6500,664792
Glop,Documentary,2020-01-12,5,69,666085
Nightmare Weaver,"Horror, Fantasy",2017-06-06,5000,120,666095
Kajsa,,2003-01-23,75,125,666381
Dhaad,,2018-01-05,5,8,661304
The Great Vairitosky,"Animation, Mystery, Fantasy",2014-09-11,30000,30000,663637
Lobão – Decadence Avec Elegance,Documentary,2011-07-15,7000,1000,697951
Saviours,,2007-07-07,110000,19580,699460
Mystic,"Music, Fantasy",2020-05-15,8000,500,705151
Boyzhetken: She's ALL That,"Comedy, Romance",2018-01-01,266937,248835,705178
My Friend Karl,Documentary,2020-06-19,2000,5000,704407
ხელოვანთა კადრები,Documentary,2005-11-25,2000,500,704362
The Runaway Bride,"Comedy, Drama",2005-11-02,11870,51000,704796
Where On Earth Can We Go?,Documentary,2019-02-08,250,1000,705962
Kaimera,"Fantasy, Mystery, Drama, Thriller",2020-11-27,130,160,707466
The Sweetness of Love,"Comedy, Romance, Music",1952-10-29,100000,500000,701861
The Exit,Romance,1979-01-01,55000,100000,702242
Live Periandroy me Stefo,"Adventure, Crime, Comedy",2020-05-07,44,44,701468
The Stigma,Drama,1984-12-31,55000,105000,703101
Destined for Greatness,"Drama, Mystery, Thriller, Music",2019-05-28,10,168,703102
Concealed Carry,"Action, Family, War",2019-08-05,2,33,703105
Clouded,Comedy,2014-10-16,500,1,687789
Jeko and Pepi wedding,Romance,2005-12-03,1000,1000,687315
Yesterday,Drama,2019-12-08,22000,100000,683433
How I Killed My Brother,"War, Drama, Family, Comedy, History",2017-05-20,1,1,682540
The Cart,"Drama, Family",2014-10-01,11810,17715,684897
Skelf,Thriller,2014-06-01,2000,2000,684767
Anowara,Drama,1967-03-20,47240,70860,684880
The Ant - The Love and The Girl in Between,"Drama, Romance, Fantasy, Family",2020-02-21,300000,300000,683707
Tres Escapularios,Drama,2015-03-13,200000,5152,692712
Destinos,,2014-09-01,250000,15000,692499
The Doors Between Us,Comedy,2019-12-11,1000,1080,692664
Sudakshinar Saree,"Drama, Family, Documentary",2020-01-17,350000,500000,692000
Boundary,"Drama, Family",2020-03-20,20000,11400,692005
Junkie,"Comedy, Romance",2019-05-21,50,100,693668
Selection of Symphony,,2014-07-17,50,5,688670
Timecrowave,"Comedy, Science Fiction",2018-05-09,500,1000,623010
Poetry Betwixt Friendship,"Comedy, Science Fiction, Romance",2012-08-23,1000,5000,623569
Black Jeans Whoa,"Music, Comedy, Romance",2015-09-11,500,1000,623575
Now That's What I Call Staxus! 2,,2016-05-19,288760000,3,622311
El Almany,"Action, Drama",2012-07-16,800000,66660,618747
Path to the Dream,Action,2018-04-20,17000000,60622,617922
Tattoo Girls,Documentary,2018-04-01,21000,101211,617952
Pendekar Cyborg,,2020-11-01,1000,1000,619991
The Cabin House,"Horror, Thriller",2019-10-31,13000000,13000000,619265
Merry Gentlemen,Comedy,2016-09-26,1000,2000,623625
Zombie Bro,"Comedy, Family, Fantasy",2020-12-18,20140,10000,629540
Beard Chef,"Comedy, Romance, Documentary",2014-09-04,1000,1500,623734
Star Beast,,2011-05-02,1500,1600,623739
The Playaz Court,"Drama, Action",2000-01-01,10000,10000,75031
Promenade,"Fantasy, Drama",2019-05-30,1,1,626524
Party Mix Vol.1,Music,2023-06-23,28,102,625767
OVERTIME,"Science Fiction, Action, Comedy",2019-07-01,450,450,608793
Hızlı ve Tüplü,Comedy,2017-05-19,1,25,608435
Düzensiz Düzenbazlar,,2017-07-28,20,753,608440
Çift'lik Bank: Tosun Firarda,"Comedy, Drama",2018-11-16,3,2,608441
Ne Var?,,2018-03-16,125,40,608443
Pardal,"Drama, Documentary",2019-09-01,100,500,610375
Operation Cage,"Thriller, Drama",2019-06-14,105497,2263,605964
Bindhaast,,1999-01-01,15,70,605787
Início do Fim,,2019-04-17,10000,5000,604947
The Perfect Circle,"Animation, Fantasy, Comedy, Adventure, Family",2019-07-14,1000,1000,615425
"Perfect, I Think",Comedy,2019-07-09,1,1,615548
The Trouble with Money,,2006-06-01,42000,195385,615061
Cada Minuto,Drama,2020-09-27,100,1000,616692
Dark Souls Commentary,Documentary,2015-10-15,10,2,617058
5 Rules of Meeting Your Writing Prospects,,2019-07-17,6000,15000,616178
Bright Red,"Thriller, Horror",2014-05-07,350,550,612635
Motorkavaljerer,"Drama, Comedy, Adventure",1950-03-13,50,60,78019
HX-01,Animation,2017-04-14,8000,12000,646484
Wunder der Lebenskraft,Documentary,2015-04-11,200000,200000,645997
Fear of the Moth,"Thriller, Animation",2018-05-18,30,2,642399
Lee Hurst: Live At The Backyard Comedy Club,,1998-11-16,100,100,644562
Antep Fıstığı,Comedy,2018-02-16,2,10,654223
Keep Safe Distance,"Action, Drama",2019-11-15,350000,3000000,654187
VIKRUTHA - THE SOCIETAL KILL,"Crime, Action, Mystery",2022-02-01,1850,1250,653053
Precognition,"Horror, Thriller, Drama, Mystery",2019-04-21,1,1,653229
You're in Trouble,Comedy,2019-08-18,1,1,653241
Assumed,"Science Fiction, Action, Crime, Drama, Mystery, Thriller",2019-08-24,1,1,653249
You Know What's Funny?,"Comedy, Drama, Romance",2019-08-25,1,1,653261
SIN REVERSA,,2019-11-28,1,1,649715
Quando Tudo Acabar,Drama,2022-06-14,150,1000,650034
Three Women,Romance,1969-01-27,10000,1000,633034
Indigo,"Drama, Family",2003-12-05,500000,1190000,73571
Cin-Si Bozuk,"Comedy, Horror, Action",2019-09-06,46,5,630331
Retrato Azul,Drama,2023-08-01,200,1750,640380
A Third Wish,"Drama, Comedy",2009-06-06,1500000,625902,73051
The Forgiveness Journey,,2015-02-01,2000,2000,328725
The Adventures of Marshall Art,,2003-08-30,1000,10000,327954
The Adventures of Marshall Art 2,,2004-08-30,1000,10000,327955
The Adventures of Marshall Art 3: The Two Marshalls,,2005-08-30,1000,10000,327957
Niloofar,"Drama, Drama",2008-11-09,10000,10000,336877
Supari,"Action, Crime, Drama",2003-06-20,578861,361618,316200
Fall in Love at First Sight,,2002-02-01,220000,1200000,312274
Jugadores con patente,Documentary,2013-11-21,210000,500000,323904
Karar: The Deal,"Thriller, Romance",2014-01-24,130138,202593,324344
Mi America,"Drama, Crime",2015-10-16,2100000,3330,364083
Ya Ben Ya O!,"Drama, Romance",1961-01-01,75000,100000,359627
Seizure,Drama,2016-01-01,1,1,359372
Benin - Probleme eines Entwicklungslandes,,2010-06-01,256000,256000,371924
Franchesca Page,"Music, Comedy",1998-06-28,1700000,1960000,346510
Short Movie 2,Comedy,2015-12-25,83294,234557,348297
Operation Cobra,,2001-07-18,90000,100000,353849
Melodin från Gamla Stan,Comedy,1939-11-13,50,60,351828
Marco Rima - Made in Hellwitzia,Comedy,2015-07-25,20,20,351428
For Love or Money,Comedy,2014-04-01,500000,9960000,268743
"Nilüfer, the Jungle Flower","Adventure, Comedy, Romance",1960-01-01,55000,100000,272432
Özleyiş,"Romance, Music",1961-01-01,55000,100000,271758
A Catedral: Uma história de amor a Grajaú,Documentary,2012-12-22,1000,2000,267385
Delivering Burt,,2012-08-19,100,50,219186
Lambada,Drama,1989-04-22,230000,654000,266145
The Rance Allen Group: Front Row Live,Music,2007-01-01,100000,250000,276574
Latham Entertainment Presents: An All New Comedy Experience,Comedy,2003-01-01,1,15,273566
Are Husbands Necessary?,"Comedy, Romance",1942-06-15,552000,1050000,248260
Candy Thieves,Action,2012-09-08,100,100,251422
After Life,Drama,2008-01-17,2000000,249104,243754
The Woman I Love,Drama,1937-04-15,725000,783000,259325
12 Months,"Comedy, Romance",2013-09-05,2200000,1444235,228674
10+2: The Great Secret,Animation,2001-08-17,1,246,256851
Raising the Heights,Drama,1998-10-28,3000,3000,201903
Damga,Drama,1969-01-01,55000,105000,302416
Vedozero,Documentary,2010-09-16,150000,10000,202769
The Adventure of Sudsakorn,"Adventure, Animation, Fantasy",1979-04-13,157000,62700,309803
Rough House Rosie,Comedy,1927-05-14,225000,1125000,200656
His People,,1925-11-01,93000,3000000,295448
An Odd Evening in April,"Romance, Comedy",2014-04-03,480334,250000,290067
Legends: The Five Greatest Fighters from Pride FC (Fedor Emelianenko),"Action, Documentary",2005-06-16,100000,7000000,207747
Wanderlei Silva fighting for PRIDE,Action,2006-07-18,100,7000,207743
Garfield and Friends: Dreams & Schemes,"Animation, Comedy, Family, Fantasy",2007-09-04,10000,50000,289507
Pig Tales Vol. 3: Puffed Up Piglets & Time for A Change,"Fantasy, Animation, Family",2011-01-01,10000,20000,289307
Little Tikes Land,"Animation, Family, Fantasy",2008-01-01,100000,9000000,289311
The Sailor Takes a Wife,"Comedy, Romance",1945-12-28,1012000,2559000,292503
Can You Imagine,Comedy,2010-09-01,10,60,291529
Pyaar Vali Love Story,Drama,2014-10-11,1400000,940000,291200
Raimundos Acustico,,2017-06-04,15,15,460446
Lucky Boy,Comedy,2017-05-18,2500000,40000,458157
Medium Rare,"Crime, Thriller",1991-11-28,900000,80000,456617
Run,Horror,2016-10-31,600,1000,467940
The Rose of the Rancho,"Romance, Western, Adventure",1914-11-15,16988,87028,468031
Sugar on the Side,,2017-03-29,800000,40000,468654
On Trial,Drama,1928-12-01,130000,1454000,464219
Demonic Possession,,2013-01-05,12,30,123907
Under the Smoky Roof,Family,2017-02-02,100000,1500000,440913
21 Days Later,"Drama, Family",2017-08-02,1000000,10000,440916
Turning Mecards W: Resurrection of the Black Mirror,"Animation, TV Movie",2017-01-18,1000000,2775228,441189
For Love,"Comedy, Romance",2016-01-29,100,100,441508
The Ethereal,"Drama, Horror",2002-01-01,10000,10000,452343
Monkey King vs. Er Lang Shen,"Family, Fantasy, Animation, Action, Adventure",2007-02-16,1200000,910000,453248
Hale,Documentary,2019-10-22,5000,2000,489814
Memories Lost and Found III,,2017-11-08,10000,10000,485934
Istanbul Give Me Your Hand,"Drama, Romance",1962-11-04,55000,100000,485103
Khopdi: The Skull,Horror,1999-07-30,31600,39500,496542
Maut Ki Dahshat,Horror,2004-04-16,23700,21330,496560
Sar Kati Laash,Horror,1999-10-08,39500,42660,496562
Khoonkar Darinde,Horror,1999-10-22,31600,20540,496577
Maut Ki Haveli,Horror,2001-11-09,23700,20540,496582
Shaitan Tantrik,"Fantasy, Horror",1999-10-15,31600,21725,496587
Forklift Drivers from Hell,Action,1984-01-31,4000,100,495998
Sudden Reality,"Thriller, Horror",2015-11-15,10,17,499129
Çifte Tabancalı Damat,"Adventure, Western",1967-01-11,55000,105000,497807
Hank Williams First Nation,"Drama, Comedy",2005-02-04,300000,166000,111164
Voids,"Mystery, Science Fiction",2016-04-24,1000,500,498009
Grossery Gang Putrid Power Movie,"Animation, Comedy",2017-07-29,10000,200000,491921
Stranger,,2018-01-31,1000,1000,492648
Drought and Lies,Drama,2016-09-28,1000000,2000000,492656
Havas,Drama,2017-12-08,10000,100000,495347
The Human Ape,"Documentary, TV Movie",2009-12-08,10000,90000,494478
Take Off,Drama,2016-05-23,10000,20000,474782
Flower Is a Matchmaker,"Romance, Comedy, Drama, Music",1963-08-01,100,100,472271
Wife's Videos,,2021-05-28,100000,100000,470842
The Son of Africa,"Thriller, Crime, Action",1970-06-03,25000,102000,473722
Sentimental Reminiscence,,2017-10-18,10000,10000,482001
The Art Of The Capital,,2017-10-16,10000,10000,481681
Kemis Yelebesku'let,,2014-01-12,1000,3000,483103
Life is a funny thing,,2017-09-28,10000,10000,478543
Kelsey,Drama,2014-12-04,10,10,480873
Bilen Kazanıyor,Comedy,1965-01-02,55000,105000,480277
Say It With A Sign: Vol. 1,,2008-05-10,100,1,397012
El Chiguito,"Comedy, History",2016-06-24,50,1000,402964
Birds of Passage,"Drama, Adventure, Thriller, Action, Crime",2001-05-27,2500000,11000000,398385
Naghshe Negar,Drama,2014-06-01,100000,100000,398456
Cop De Rock,,2011-12-06,32000,65000,156046
Voiceless,Drama,2016-10-07,250000,418940,401032
Emme Fahu Vindhaa Jehendhen,"Drama, Romance",2015-04-05,32500,35000,374931
Monocerus,"Drama, Family, Mystery",2008-06-11,50,60,373643
The Funniest Way in Earth's Atmosphere,,1993-02-25,930,930,373367
Joey Runs Away,"Family, Animation",1988-01-01,15037,15037,374198
Alone: A Kjba77 Production,,2015-02-18,100,400,376649
Juvana,"Action, Drama, Crime",2013-01-23,511180,702873,167762
Stranger,Drama,2014-03-13,10000,10000,387452
Moghalede Sheytan,Drama,2010-08-04,10000,10000,389418
Aghaye haft Rang,Comedy,2008-03-23,10000,10000,389197
The Unwanted Woman,Drama,2005-08-28,1000000,50000,389275
Closure,"Comedy, Drama, Romance",2012-06-12,150,500,382270
Grandpa Comes Back from Germany,"Crime, Thriller, Action",2013-08-09,500,1000,385052
Trio,Crime,2003-09-05,1200000,151200,385462
"Half Mine, Half Yours","Drama, Comedy",2006-01-01,10000,10000,384565
Epidemia Nacional,Drama,2020-06-18,100,1000,430417
Finn & the Sea of Noise,"Comedy, Drama",2016-02-01,8,6,430759
Alzen Motorsport 2005,Documentary,2005-09-06,100,100,430012
"Lamborghini Gallardo, Nürburgring Nordschleife",,2008-08-28,100,100,430015
S.W.A.G. - Episode 2.5: The Baby Eater,Comedy,2016-10-28,25,1,424475
Arante Mulla Kochu Mulla,"Drama, Family",1984-10-08,10000,15000,425316
Madam Hurricane,"Drama, Comedy, Romance",2017-06-23,300000,3000,426330
The Unknowns,Documentary,2016-05-30,15000,33145,425704
Alive,"Drama, History",2016-11-23,110600,52400,426107
J de Justiça II,,2016-06-10,10,5,436101
J de Justiça III,,2016-08-10,5,10,436105
No. 17 Soheila,"Drama, Family",2017-02-04,10000,10000,439134
Peak Valley,"Adventure, Drama, Comedy",2016-04-20,2125,450,432234
Das wird nie was,Comedy,2006-06-03,999999,9999,432037
OT Umut Peşinde,Drama,2016-05-10,250000,2000,434664
The Van,"Animation, Documentary, Family",2016-04-17,1,1,435397
John Virgo: Playing For Laughs,Comedy,1993-12-12,50,45,413420
"Cafe Au Lait - with lotsa sugar, baby!","Romance, Comedy",2006-01-01,1000000,100000,407882
Animal Channel,"Drama, Animation",2009-03-27,1209006,1500000,151175
Avenge,Crime,2002-02-15,1200,230,409290
Yellow Raincoat,"Crime, Mystery, Thriller",2016-08-01,1,1,409220
Asbe Sefide Padeshah,Drama,2015-06-09,1000000,50000,421248
Jockstrap Slaughterhouse,Horror,2016-10-05,1000,600,419525
MAAT,Drama,2016-10-09,10000,10000,420300
Morning Transitions,,2016-10-16,1,2,421798
The Terror,"Horror, Mystery, Thriller",1928-09-06,163000,1464000,148112
Last Day With Lizzy,"Drama, Mystery",2014-05-16,2000,500,419125
What Makes Me Tic?,Documentary,2013-12-01,500,1200,419143
Life Under The Horseshoe,Documentary,2015-11-21,1500,1500,419154
Barking Dogs,Drama,2021-10-15,1200,1200,966121
Surroundings,"Thriller, Drama",2017-11-21,500,501,965904
Escapism,Drama,2019-05-29,50,50,965406
Allenby. Paris.,"Drama, Adventure",2021-05-04,3,4,965326
Unsoft,"Horror, Crime",2022-04-13,10000,30000,961999
Homer,"Comedy, Animation",2019-07-15,80,10,961235
A GIRL WITH HER NEW WALL,Science Fiction,2021-11-16,10,10,962891
The confession of a motor,"Mystery, Drama, Animation",2021-09-18,20,10,970196
From The 20s In the 80s,"Documentary, Drama",2022-04-25,2,5,967325
Paper Rockets,"Romance, Mystery",2021-12-26,400,100,968969
Prima Delle Riprese,Documentary,2022-04-11,17,37,968229
SAVE JANE,"Drama, Thriller",2021-07-29,9000,5,953648
86 & Lex,"Romance, Drama",2018-02-23,1000,200,953725
Aadhya Papam,Romance,1988-09-10,9000,327535,953480
The 4.5 'Flim On Film' Podcast,Comedy,2021-03-09,20,1,951423
Abiye,Drama,2017-07-15,1000,1000,953033
Strength Trilogy,Documentary,2023-09-15,100,1000,953062
Catatonik,,2022-01-08,100,100,959346
Montemoriah,Drama,2022-04-04,30,3,958952
Shadow,"Horror, Mystery, Comedy",2017-04-04,50,60,960971
Karmafal Daata Shani,"Fantasy, Drama",2018-03-09,100000000,10000000,960175
Dusk Shall Come,Drama,2022-03-31,521,521,956767
Fin de la prórroga,"Crime, Mystery, Thriller",2021-06-17,2,120,955932
Mis hermanos juegan al futbol,"Documentary, Family",2022-04-12,4,1,955935
Our So Called Prayer,Drama,2022-03-11,100,150,958087
Two Wrongs,Action,2020-01-10,1,1,957092
No Title,Drama,2022-02-08,1,3,957571
Flight Maayam,"Drama, Thriller, Mystery",2022-06-02,25593,5000,986717
Country Boys Make Two,Comedy,2022-06-18,6,1,986309
Belgi,Drama,2020-03-03,2000,2000,988404
Arte Anónimo,Documentary,2022-10-14,100,100,987864
Cycle,"Drama, Thriller, Horror",2021-04-18,10,10,985611
The Outskirts,"Thriller, Drama, Mystery",2021-07-10,1000,300,985597
The Package,"Thriller, Mystery, Comedy",2020-03-20,1,100,985653
激战前夜,War,1957-05-01,100,100,985039
QRT,"Comedy, Action, Thriller",2016-11-16,20,20,985007
沉默的冰山,War,1986-03-21,100,100,985012
No Mistakes,"War, Action",2022-05-13,53,13,991147
Brotherhood,"Crime, Drama",2021-06-11,10,11,973336
Settling of Scores,"Action, Crime",2021-05-23,8000,26,973352
5 Hours of classic TV licensing goon visits,,2020-12-31,5,10,972576
El Rugido del Ruiz,Documentary,2022-05-25,800,100,983149
Nighthawks,"Crime, Romance, Thriller",2022-05-25,300,50,979243
Yavuz Sultan Selim Ve Yeniçeri Hasan,"Adventure, Romance, History",1951-01-01,1000,1000,921237
Evli Mi Bekar Mı,Comedy,1951-01-01,100000,100000,921244
Lale Devri,"Drama, History",1951-01-01,75000,100000,921551
8-Step Suicide,Comedy,2021-11-01,20,10,921552
Edi İle Büdü Tiyatrocu,Comedy,1952-01-01,75000,100000,921557
The New World,,2021-10-19,5788,2000,921311
Helal Süt,Drama,2013-01-01,100000,100000,921377
MayFlys,"Drama, Thriller",2019-01-15,7300,1200,920425
Mad Monks,"Animation, Adventure, Action, Fantasy, Music",2021-06-23,10,10,920906
Monster?,"Horror, Romance, Drama",2021-12-10,100,1,922443
A love story,"Drama, Romance",1955-01-15,55000,100000,921820
Girl in the Swamp,Drama,1955-01-15,55000,100000,921828
Tuzak Oteli,Drama,1956-01-15,55000,10000,921836
Miras Uğrunda,Drama,1956-02-02,55000,100000,921945
İftira,"Drama, Crime",1958-02-02,55000,100000,921947
Taş Bebek,Drama,1960-09-02,55000,100000,921981
Hemorrhage,"Horror, Thriller",2021-11-12,600,1,921811
Fisherman's Beauty,"Drama, Romance",1953-01-01,75000,100000,921700
Yumurcak,"Drama, Comedy",1961-03-19,75000,100000,921984
Lonely People,Drama,2021-08-12,1500,2000,919912
Adventure,"Drama, Romance",2011-10-20,1200000,15468,919871
Vay Ampol,Comedy,2019-01-01,60000,60000,927052
Bear Lake Bloodbath,Horror,2021-10-30,300,1000000,927335
Seni Seviyorum,"Drama, Romance",1966-01-01,55000,105000,926363
Sevgilim Artist Olunca,"Romance, Drama",1966-01-01,55000,105000,926371
子夜枪声,"Drama, Crime",1995-01-01,100,100,926573
The Can Opener Kid,"Comedy, Western",2019-12-11,200,50,927485
The Hole,"Comedy, Crime",2020-05-08,25,100,927596
Sen Benimsin,Romance,1967-01-01,55000,105000,923151
FLOWER HOUR,,2021-10-22,1000,1200,925577
Kahreden Kurşun,"Action, Adventure",1965-01-01,55000,105000,925522
Station Road - Graffiti da Pontassieve,Comedy,2018-01-23,1000,12000,925399
Người truyền lửa,,2017-11-15,25,15,925483
Ben Bir Sokak Kadınıyım,"Drama, Romance",1966-02-21,55000,105000,925967
Aşkın Kanunu,"Drama, Romance",1966-01-01,55000,105000,925978
Yalancının Mumu,Comedy,1956-01-01,55000,105000,925947
Dokunma Bozulurum,"Comedy, Adventure",1965-01-01,55000,105000,925927
Gönül Kuşu,"Drama, Crime",1965-01-01,55000,105000,925936
Yalancının Mumu,Comedy,1965-01-01,55000,105000,925940
Bir Bahar Akşamı,"Drama, Romance",1961-01-01,55000,105000,925192
Science Please! : Wheel Meets Friction,Animation,1998-01-01,5477,5477,905065
Science Please! : The Force of Water,Animation,1998-01-01,43134,43134,905063
Saint Nicolas chez les Baltus,Animation,1993-12-01,32896,32896,905056
Les Baltus Au Cirque,Animation,1999-08-20,27378,27378,905057
Pizza Boy in No Tip,"Animation, Comedy",1996-02-25,61661,61661,906233
Chromosaurus,Animation,1985-07-31,65993,65993,911490
Max's Place,Animation,1985-12-06,1402,1402,911494
Big Smoke,Animation,1993-01-01,1015,1015,910854
BuzziN',Animation,2017-09-01,1747037,1747037,903093
Life,Animation,1999-11-12,9692,9692,903101
A Woman Without Restriction,Drama,1978-01-01,100000,1000000,903361
Science Please! : The Internal Combustion Engine,Animation,2000-01-01,300996,300996,904112
COSMiC EATS,"Fantasy, Comedy",2021-12-10,150,250,915005
We Continue To Be Human,,2021-03-09,20,300,916525
Imite-moi,,2021-12-04,1,2,912142
Vic & Nimi,Comedy,2018-11-29,3000,100,912265
Muko,Animation,2014-09-28,8330,8330,914675
Dolphin,Documentary,1979-06-01,170000,14000,913357
PRISM,Drama,2016-11-13,2500,500,943579
One Day: A Musical,,2014-07-16,2000,500,942305
Tears of wind,Documentary,2022-01-13,4,2,948027
Elegía a un amigo,"Drama, Fantasy, Thriller",2021-11-19,2,12,948004
TacoTown: The Movie,"Thriller, Comedy",2022-05-21,7,1,949273
Dirty Coasters Top 100 Coasters in the world REACTION,,2018-08-18,400,2,949515
The Airbus of Niagara,,2022-03-05,45,68,946129
Waltz of Qualm,Adventure,2021-02-27,50,98,931774
Ingenting,Comedy,2013-06-18,1000,30,934212
Lil' Gaither: Kids Under Construction,"Family, Music",2006-03-09,30000,50000,933606
Lil Gaither: I'll Fly Away,"Family, Music",2007-08-13,30,50,933587
I was not murdered.,"Drama, Mystery",2021-09-02,1,1,933511
Jamal & Salma,Drama,2020-03-07,200,200,929407
A Reasonable Death,Drama,2021-02-06,200,200,929393
The New Album Is Out,Animation,2021-11-30,100,600,931103
Cocos Create: Public Enemy,"Comedy, Drama, Action",2020-08-04,100,200,931131
Those People,Drama,2021-12-23,98,98,931580
"A Diva, Right?","Documentary, Drama, Family",2021-08-17,195,98,931569
Na Rua,Documentary,2017-03-11,100,100,930628
Maia,,2022-01-14,3000,3000,930302
The voice mexican in square,Documentary,2016-10-02,100,100,930661
Dianoitesp,Drama,2017-11-10,100,100,930665
Cidademove,Drama,2015-04-28,100,100,930667
O vazio na janela,Drama,2015-03-18,100,100,930668
Chuva de cores,Drama,2014-08-08,100,100,930669
Cu4tro,Drama,2009-10-15,220,66,937891
Panghrun,"Drama, Romance",2022-02-04,661839,132367,938477
Narayan Pustika,"Mystery, Fantasy, Science Fiction",2024-05-02,23914,67565,939020
Supadu Dada,Action,2021-10-10,100000,200000,935321
Setem,"Action, Comedy",2009-07-30,100000,295117,33699
"My Film with Andrei, Or: How I Learned to Stop Worrying and Document a Sex Party.",Documentary,2021-11-28,1000,2000,936512
Sedutores da Internet,"Comedy, Drama, History, Music, Romance, Horror, Crime",2019-10-13,3,7081810,935991
The Age Miracle,Horror,2016-03-01,1,1,936152
Roee Tal Caspi,"Drama, Adventure",2004-09-23,967,20000,1050575
Strictly For The Streets Vol. 1,"Comedy, Drama",2021-02-14,250000,100000,1050579
战国钟声,Drama,1997-06-01,100,100,1051855
浴血疆城,"Drama, History, War",1990-04-05,100,100,1051870
Yu wang de huo yan,"Crime, Drama",1988-07-06,100,100,1051875
周恩来——伟大的朋友,History,1998-02-13,100,100,1051841
走出死亡陷阱,Drama,2002-05-01,100,100,1051840
唢呐情,Drama,1999-05-01,100,100,1051825
走出硝烟的女神,"War, Drama",2000-07-26,100,100,1051832
Yi xiang tian kai,"Comedy, Fantasy",1986-01-01,100,100,1051924
朦胧中的罪恶,Mystery,1994-10-01,100,100,1051428
喋血金兰,Drama,1992-10-01,100,100,1051434
喋血嘉陵江,Drama,1992-10-01,100,100,1051437
喋血黑谷,Drama,1984-01-01,100,100,1051439
Dancing on the Grave,"Drama, Comedy",2022-10-27,2000,1,1051276
Tonight,Drama,2022-11-18,350,15,1049499
Frates in Inferno,"Horror, Fantasy, Thriller, Comedy",2022-12-02,5,1,1048933
特殊囚犯,Crime,1995-01-01,100,100,1056117
桃色旋风,Crime,1992-01-01,100,100,1056121
太极拳,Action,1985-01-01,100,100,1056128
他选择谋杀,Crime,1988-01-01,100,100,1056132
Shuang tou ying zhi mi,Mystery,1987-01-01,100,100,1056139
十字架下的魔影,,1994-09-11,100,100,1056142
Crazy Dragon from the East,Action,1989-01-01,100,100,1056144
省城里的风流韵事,Drama,1993-01-01,100,100,1056148
生死千里,War,1995-01-01,100,100,1056153
生死拍档,Crime,1994-01-01,100,100,1056156
Two Eggs,Mystery,2022-12-05,100,100,1055894
Detention Kids,"Horror, Thriller",2022-12-01,20000,20000,1056007
秃秃发型,Drama,1991-01-01,100,100,1056012
同龄女友,Drama,1987-01-01,100,100,1056016
湘西剿匪记 上集,War,1987-01-01,100,100,1055969
血泪情仇,"Action, Drama, Adventure",1989-01-01,100,100,1055508
延期审判,Drama,1992-01-01,100,100,1055492
戎马书生,"History, War",1990-01-01,100,100,1057384
春催桃李,Drama,1961-01-01,100,100,1057464
Da liang shan chuan qi,"History, Drama",1988-01-01,100,100,1057466
萨里玛珂,Drama,1978-01-01,100,100,1057346
神秘的旅游团,Mystery,1992-01-01,100,100,1057317
Shen mao yu tie zhi zhu,Drama,1989-01-01,100,100,1057324
神警天降,Crime,1998-01-01,100,100,1057326
深谷尸变,Horror,1985-01-01,100,100,1057333
山城雪,History,1980-01-01,100,100,1057337
森吉德玛,Drama,1985-01-01,100,100,1057341
790热线,Drama,1997-01-01,100,100,1053108
安丽小姐,"Action, Crime, Drama",1989-01-01,100,100,1053120
白山英雄汉,"Drama, War",1992-01-01,100,100,1053125
Bang piao,Drama,1987-01-01,100,100,1053132
悲喜人生,Drama,1991-01-01,100,100,1053134
Streetwalkin' Cowboy,"Comedy, Crime, Western",2020-08-09,50,100,1053155
The Movie Men,"Comedy, Horror",2022-12-18,500,30,1052431
Waung Documentary,,2022-11-08,19,10,1052460
Retalhos,Drama,2022-12-07,1,2,1052738
不该凋谢的玫瑰,Drama,1981-01-01,100,100,1054417
Bu yi le hu,"Drama, Comedy",1994-01-01,100,100,1054425
北方囚徒,Drama,1987-01-01,100,100,1054389
别墅灾星,Crime,1991-01-01,100,100,1054391
Catch Off Brigand,Thriller,1994-01-01,100,100,1054397
冰山脚下,"Drama, Romance",1984-01-01,100,100,1054402
宝贝小偷与大盗,"Mystery, Drama",1991-01-01,100,100,1054354
Gemstone Ring,"Drama, Crime",1985-01-01,100,100,1054357
朝前走莫回头,Drama,1994-01-01,100,100,1054732
痴男靓女,"Drama, Comedy",1992-01-01,100,100,1054735
彩月和她的情人,Drama,1992-01-01,100,100,1054727
The Buroto River,Drama,1989-01-01,100,100,1054722
Under the Sheet,"Fantasy, Thriller",2021-08-22,25,1,1053799
Dictatorship bulletin (The democratic truth),Documentary,2022-08-19,100,163,1054103
Anhonee,"Drama, Thriller, Crime",1973-04-26,1300000,2454780,1040246
Time Trap,"Adventure, Drama",2021-08-29,100,1000,1040266
The Bogus Beast Project,Horror,2022-10-26,5,1,1039750
Charles Lum: This Is Where I Get Off,,2022-10-28,2000,500,1041694
天网行动,"Action, Crime",1994-01-01,100,100,1041697
Hidden Expression: PA's Hidden Talent,"Documentary, Music",2021-08-27,16000000,5,1037437
Bandi Shatabdi,Crime,2022-09-02,2000,2500,1036880
O Não Visto,Drama,2022-08-01,100,2000,1039028
CASTELO,Documentary,2022-11-20,10,10,1045416
Reconnect,,2021-06-14,500,800,1045664
Wood,"Drama, Fantasy",2022-11-08,1,1,1045722
Tabounet Hamza - طابونة حمزة,"Comedy, Family",1984-09-24,80000,120000,1044813
Apocalypse Unknown,"Thriller, Drama, Horror",2022-08-27,5000,1100,1046896
When The Fire Goes Out,,2022-11-01,100,150,1042591
MEDÉIA,"Thriller, Drama, Romance, Mystery, Horror, Crime",2022-11-04,100,100,1041957
The Monk,"Horror, Thriller",2022-10-31,10,500,1044359
Tales from the Backside,,1993-06-25,9000,32000,1044406
Tales of the Backside,,1986-08-06,6000,19000,1044409
Heaven & Hell: The History of the St Kilda Football Club,"Documentary, History",2003-07-14,10000,10000,1043673
Stigma Coffee,Documentary,2022-11-06,100,1,1072173
To Be Alone,Drama,2023-01-11,10,12,1072739
Death of a Goldfish,"Comedy, Mystery",2023-01-16,200000,45,1072778
To Be Alone,Drama,2023-01-11,10,11,1072571
Unbroken Bonds,Thriller,2022-07-14,100,200,1073594
Confluence,"Comedy, Drama",2022-08-26,1000,1400,1073507
The Unborn Soul,Horror,2023-02-03,1000000,1050490,1073449
The Immortals,"Action, Thriller, Science Fiction",2021-09-04,5,6,1069029
Acid Rain,"Drama, Fantasy, Action",2020-06-20,500,500,1070492
The Trial of Rowan McElligott,"Comedy, Crime",2023-01-22,30,70,1078044
Una historia de amor (sin el amor),Comedy,2017-09-28,10,10,1077935
Mudoh,"Drama, Comedy, Adventure",2023-05-30,1,1,1077701
Covid Éire,,2020-10-08,800,3500,1077719
The Ultima Stone,"Fantasy, Adventure",2020-10-22,9,27,1079464
Whodunit?,"Mystery, Comedy",2022-11-03,1,15,1079467
The Ballad of the Punch-Down Kid,"Drama, Comedy",2022-12-13,2,10,1079470
Der Tag des Jorun,Science Fiction,1997-11-17,5000,22000,6578
Runners,"Animation, Comedy, Crime",2018-09-24,2,8,1079480
Kibble,"Mystery, Thriller, Horror",2022-10-31,20,20,1078654
Quiet Remains,Documentary,2020-12-02,1,2,1078995
Einfach nur Liebe,Drama,1994-07-14,2000000,3500000,7462
Alternate Spaces,Documentary,2022-12-15,15,1,1076727
The Present Green,"Horror, Fantasy",2023-01-20,1,1,1077027
For A Few Crumbs,"Western, Drama, Comedy, Crime, Family",2022-04-06,5,1,1061215
The Fair Movie,"Adventure, Comedy",2022-11-04,900,256,1061329
Café,,2020-12-20,20,20,1061344
How the Stephen Stole Christmas (ORIGINAL VIDEO),,2009-12-31,100000000,10,1061535
The Italian Alphabet,Drama,2015-07-14,2000,2000,1061411
PAVO 90,"Comedy, Western",2009-09-23,5,14,1060343
秋天的流星雨,,2001-01-01,100,100,1060303
Les Bénabars,,2022-10-15,15,20,1062470
FUI EXPULSO DO MINI-PREÇO,Drama,2022-12-17,275,10,1062531
Happy New Year,Thriller,2016-11-04,5000,250,1062983
水晶心,Drama,1981-01-01,100,100,1061967
Dr. Hopnoodle's Bizarre Adventures With Fleshy Friends,"Comedy, Horror",2022-12-30,45,45,1062371
Need,Documentary,2023-01-27,300,300,1058460
大漠双雄,,1996-01-01,100,100,1058298
大围捕,,1991-01-01,100,100,1058300
Da xue sheng yi shi,Drama,1987-01-01,100,100,1058301
戴口罩的小狗,,1998-01-01,100,100,1058302
Feng kuang ge nu,Crime,1988-01-01,100,100,1058324
到青山那边去,,1987-01-01,100,100,1058308
地狱追踪,,1992-01-01,100,100,1058309
东方第一刺客,Drama,1993-01-01,100,100,1058311
东方美女,,1989-01-01,100,100,1058312
Du Juan sheng sheng,Drama,1983-01-01,100,100,1058317
俄德克血酒,,1992-01-01,100,100,1058319
Erhai qing bo,Romance,1986-01-01,100,100,1058321
Qi er lao xiao,Drama,1984-01-01,100,100,1058346
Hello! Bikini,Drama,1989-01-01,100,100,1058765
Hong liu lü liu,Drama,1983-04-01,100,100,1058769
红十字作证,,1991-01-01,100,100,1058770
女性世界,,1991-01-01,100,100,1058779
姑娘小伙正当年,"Drama, Comedy",1984-01-01,100,100,1058764
港湾不平静,Drama,1983-01-01,100,100,1058762
Birdsong,"Drama, Horror",2022-12-07,1000,500,1058724
damgo sa kahitas-an,Drama,2022-12-06,1000,1000,1057854
nightrider,Drama,2022-12-10,1,100,1059591
Comi uma chinesa,"Drama, Adventure",2022-12-06,10,10,1060192
巾帼英烈,"History, War",1985-01-01,100,100,1059213
!Boomer,"Comedy, Horror",2021-03-04,5,1,1068010
The Roundhay Mystery,Mystery,2022-04-20,100,100000,1064235
Mendigos Street Fight,Comedy,2009-01-12,10,1,1063277
Father Ours of the Film directors,,2008-01-01,1000,1,1063278
A Voz do Campo,,2010-08-04,10000,5,1063285
DOC Eaten by the Edges Junk Foods,Documentary,2009-06-01,200,1,1063286
Sexy Girls,,2010-03-13,10,10,1063287
Short Falsetto Voice,Drama,2008-07-17,200,100,1063292
The Night of the Dead Alive Filmmakers,Horror,2008-03-08,600,5,1063293
Mon: The Man Who Wear Orange,Science Fiction,2022-09-10,2,5,1063561
an elegy for the memories,Documentary,2022-12-25,1000,1000,1065469
O Concerto de Ontem,"Drama, Music",2023-05-28,150,1000,1007276
Corona v19,"Drama, Thriller",2022-06-23,9205858,500028,1008660
9 Percent,"Comedy, Drama",2022-09-04,20,50,1004452
Out of Reach,"Drama, Romance",2022-05-19,200,1,1004847
Slugger,"Action, Comedy, Crime, Thriller",2020-02-15,1,1,1005510
One hundred syrian pound,Drama,2018-05-05,1500,1500,1006209
Caminos de Mala Suerte,Comedy,2022-06-26,1000,3000,1006741
Volver,"Drama, Mystery",2022-04-04,1000,2000,1006612
Max & Marguerite,"Crime, Comedy, Mystery, Action, Thriller",2021-04-02,1,1,1005526
Kuzenler Firarda,"Comedy, Family",2022-08-04,10000,100000,1012874
Phone Sex,Drama,2017-12-11,500,10000,1014127
Cassandra,"Thriller, Science Fiction",2022-01-21,10,200,1014193
Red Dusk,"Action, Crime",2021-10-31,500,2000,1014175
IDUS,"Comedy, Drama, Thriller",2022-08-30,200,10,1010376
Thai Nilam,"Family, Drama, War",2021-06-21,120000,125000,1010608
Ghost Car,"Drama, Action, Thriller, Mystery",2014-09-25,3000000,2700000,1010690
Trivikrama,"Comedy, Drama, Romance",2022-06-24,4,10000,1009615
Customers,Romance,2022-08-05,300,100,1010163
Padam - The Film,"Comedy, Drama",2022-08-19,69,420,1011736
2022 Tezos WNO: Gordon Ryan vs Felipe Pena,,2022-08-07,1,1,1011361
Nautanki,Drama,2022-07-01,10000,10000,997373
Memórias que Voam,"Romance, Drama",2022-07-11,300,1,997525
No One Stays Good,"Drama, Thriller",2022-12-23,16000,20000,999021
Drives Me Crazy,"Drama, Comedy",2022-07-24,72,72,995167
The Agenda Of Babla,,2022-07-22,3455,4556,1002902
Drummies,"Documentary, Drama",2022-08-17,3000,8000,1001724
Across the Rails,"Documentary, Adventure",2022-01-12,3000,1000,1000115
Long Live Anderbros,Documentary,2021-05-07,75,75,999663
Being There,"Drama, Adventure, Romance",2022-06-21,1,1,1001212
Sorot,Drama,2021-11-09,100,200,1028580
天黑请闭眼,Thriller,2004-01-01,100,100,1028759
Caught in the Middle,"Fantasy, Romance",1986-07-17,10000,150000,1025999
The Hood Samaritan,,2020-11-22,40,98,1027440
Akoshat,,2020-09-29,150,1000,1034217
Indestructible,"Documentary, Drama",2022-12-02,1,1,1034317
Liverless Bastards,"Horror, Thriller, Mystery",2022-08-22,10000,1000000,1036620
Lift (The Downfall of Wade Adrian),"Thriller, Action",2022-10-07,23000000,89000000,1035490
Priyotoma,"Action, Drama, Romance",2023-06-29,230000,3800000,1032048
Sonidos eclécticos de Guatemala,Documentary,2014-03-13,200,200,1031831
The Decimation of Sanity,"Documentary, Comedy",2021-10-25,1,1,1031770
Dreams On Board,Documentary,2018-10-23,50,150,1031586
The Dog Eyes,"Comedy, Adventure",2017-11-23,100,150,1033198
Hood Fetish: The Era,"Drama, Crime",2022-10-18,70,100,1033775
Troleriya Virus,Documentary,2020-02-23,400,845,1032851
The Bus,,2022-10-06,10,1,1033102
203: ROOM,"Drama, Crime, Mystery, Thriller",2017-10-28,1000,15000,1033164
Doctor Terror,"Music, Horror",2022-09-02,250,300,1018539
Tennessee Adventure,"Music, Adventure, Documentary",2014-02-16,2352,30,1019914
Loveju,,2023-08-09,1000,1400,1020324
Das Memórias que Guardo em Bytes,Drama,2022-08-24,10,10,1015665
Vellipovali,Drama,2022-03-25,1254,1,1017528
梅花,,2022-02-28,20,20,1023567
游子吟,,2022-02-23,20,20,1023574
望天门山,Family,2022-02-25,100,100,1023553
The One and Only Aethon,,2022-12-17,500,60,1025128
Chitrangi,"Romance, Crime",2021-12-31,200,300,1021694
Hoher Einsatz,"Thriller, Comedy, Drama",2017-02-28,800,100,1022968
Dalì 2021,"Science Fiction, Fantasy, Drama",2021-04-15,5000,5000,1022783
Ukulele V: Endstring,,2022-09-19,5,5,1022311
Two Beers,"Comedy, Romance",2022-04-28,300,100,1022261
Крик 4,Horror,2022-09-08,645654654,546546755,1022208
Childhood's End,Drama,2020-12-08,1,2,774056
Your Parents Will Come Back,Documentary,2015-04-04,293000,20698,773862
YLLI,"Animation, Fantasy, Mystery",2020-12-05,126,100,774012
Requiem,Comedy,2018-11-24,500,500,772921
The Explosion of Silence,Drama,2020-03-14,2000,2000,772923
Türkiye Sineması,"Family, Documentary",2020-12-01,1000,1000,773302
The Ruin,,2018-03-24,500,500,772687
Nostalgia for the “Troubled Youth”,Music,2020-10-22,60,60,780305
ola amiga secreta.,"Romance, Mystery",2020-12-25,3,10,780276
Estancia,"History, Drama, Documentary",2020-12-14,350,5,776500
The Kidnapping,"Drama, Mystery, Crime",2020-07-17,5,1,778465
Joji Presents: THE EXTRAVAGANZA,Music,2020-10-23,100000,1000000,761273
Gal Dil Di,Music,2020-11-03,500,700,760348
unbeatin,"Thriller, Crime, Action",2019-06-29,2000,3238,758223
Ek Kahani Maa,"Documentary, Drama",2018-06-10,2000,3500,758253
The Devil Series,"Action, Science Fiction, Crime",2018-08-15,3000,5000,758257
Visible Island,,2020-11-16,100,100,757374
ABANDONED part 1,,2018-01-30,500,500,757236
ABANDONED part 2,,2018-02-13,500,500,757237
ABANDONED part 3,,2018-03-01,500,500,757238
ABANDONED part 4,,2018-03-13,500,500,757239
ABANDONED part 5,,2018-04-05,500,500,757240
"Refletir, Residir Em Si",,2017-10-18,100,100,758884
Education VS Money,Drama,2017-11-18,300,500,759157
The Last Day,,2018-08-14,250,300,759160
Ruswayi,Music,2018-09-09,800,1000,759144
Sangharsh,Music,2018-12-10,500,300,759138
Fukrey Boyzzz: Space Mein Fukrapanti,Animation,2020-11-14,10000,10000,766900
ROJA,Drama,2010-03-27,1200,400,766386
One Life at a Time,Drama,2020-10-10,100000,100000,768710
Counting Sheep,,2020-06-26,15,10,769233
My Religious Family,,2020-02-28,10,100,769191
Sunset(for Eli),Documentary,2020-06-10,100,100,794732
Dog Days,Action,2021-02-08,10,10,795127
Gün Tortusu,"Drama, Romance",2020-06-05,88,8,794229
The Wedding,Action,2010-01-01,5000,2000,52935
The House-Bell,Horror,2002-08-14,1000,130,796523
Temporadas ao Sol,Drama,2023-09-01,100,1000,796224
Sommerhaus,Horror,2017-01-03,300,1000,804118
Beyond The Lens Of Beyond Human,"Documentary, Comedy",2019-05-30,1,1,802535
The Earth's End,Comedy,2018-07-15,1,1,802531
Unos Payasos Centavos,Drama,2020-10-02,650,650,785518
Terezin: Children of the Holocaust,"History, Drama",2021-02-06,6000,20000,787390
五女拜寿,Music,1984-09-01,100,100,787529
Rope,,1947-01-05,1510000,2748000,787118
Leon jumps in the Liffey for 50 euro,"Action, Adventure, Comedy, Thriller, Documentary, Drama",2009-07-05,50,50000,782408
Moonlight Sonata,"Action, Horror, Thriller",2010-07-12,3000,3000,784577
Andanzas de dos rufianes en Los Santos,"Comedy, Animation, Action, Thriller",2021-03-26,10,10,784957
La banda en la isla de la magia,"Adventure, Fantasy, Family, History",2008-12-19,731000,32000,784837
The Better World,Mystery,2019-01-31,400,800,791918
Gölgenin Düşleri,"Thriller, Mystery, Science Fiction",2020-12-08,8,8,793561
Jericho,,2017-09-09,1700,1,793634
El buen Pedro,,2012-09-20,150,91,793654
A Gente Vai Dançar,,2021-02-05,600,3000,792950
Candi Wars: The Force Awakens,"Action, Fantasy, Science Fiction, Animation",2021-10-23,500,641,789050
COF VS Steelseeker,"Adventure, Action, Thriller",2021-01-13,2000,100000,788840
Adventure of a Panda,Adventure,1982-01-26,1000000,2000000,790305
Sun City,Documentary,2019-08-16,27,300,790987
Happy Birthday,Science Fiction,2012-04-05,1600000,636990,790037
A Brave New World,"Science Fiction, Horror",2012-04-05,1600000,636990,790034
Delivery de la droga,Documentary,2005-12-17,100,5000,724198
Earth Day 50 Grand Prize,"Animation, History",2020-04-22,2020,100,724679
Back and Forth,"Comedy, Romance",2019-04-11,600,150,724487
frozen time,"Drama, Romance",2020-01-30,800,250,724493
Blues for Life,"Action, Drama",2016-12-02,750000,2000000,725083
Care of Footpath,"Drama, Family",2006-11-24,290000,970000,721807
Noir,"Action, Crime, Drama",2008-01-05,4000,4000,732069
Spirits and Rocks: An Azorean Myth,Documentary,2020-08-05,500,10000,731329
I'm Still Here,"Action, Crime, Drama",2009-08-02,4000,4000,731473
vanilla,"Romance, Drama",2020-01-30,500,250,727787
his own thea,"Drama, Comedy, Romance",2020-01-30,400,250,727795
masquerade,Drama,2020-01-30,600,250,727805
Gamers! The Movie,,2020-08-03,25,2799,726563
Dog King,War,1993-01-01,100,100,728738
Blindness,,2019-08-28,303,930,728610
Free Heart,Comedy,2019-04-08,300,100,709548
Kaunting Pagsukli,"Drama, Family",2019-10-11,9,12,710078
going insane,"Horror, Science Fiction",2019-04-11,430,100,710020
keep on smiling,Drama,2020-01-31,1000,250,709806
The Big Brother,"Drama, Thriller",1958-01-01,100000,100000,718425
For Who's Your Passion,"Music, Romance",1954-06-28,100000,100000,718466
What's My Fault,Drama,1953-08-17,100000,100000,718473
Film why,,2020-06-23,1000,100000,718257
The Year of The Day,Drama,2020-06-19,1,1,717163
two boys,"Comedy, Documentary",2020-01-30,150,100,717817
La Caravana de Gardel,Drama,2015-10-22,150000,2000,720214
Transatlantic Storytelling,Documentary,2020-06-30,25200,2,719906
Mahalla,"Comedy, Drama",2003-12-20,378378,773838,718598
orca,"Horror, Thriller",2020-06-24,10,20,718754
Yajamana,"Drama, Family",2000-12-01,200000,8000000,715567
Brothers,Drama,2020-08-24,1,1,748806
Food Time,"Drama, Comedy",2020-09-26,10,15,748816
Venus,"Animation, Fantasy, Romance",2020-10-23,50,20,747968
Nature of the Infinite,"Music, Documentary",2020-03-02,1000,50,750610
Short Circuit,"Science Fiction, Thriller",2019-01-11,210000,350000,750182
The Kingdom of Fun,Documentary,1989-01-19,1500,5200,757112
Mimpi Moon,,2000-04-06,385000,140000,756895
Is This Water?,"Documentary, History, Family",2020-08-26,1,2,752196
Movimento,Documentary,2020-10-09,2,1,752453
Domingo no Asfalto,Drama,2021-04-20,500,3000,752317
"Auria, one last night",Drama,2020-10-09,500,600,751373
Vetrivel Sakthivel,"Comedy, Family",2005-12-09,272734,300000,753853
Me Within,"Mystery, Drama",2020-08-30,1,1,738178
Jahnabi,Romance,2020-08-01,12000,3500,733579
O Método De Cristo,Family,2017-11-25,500000,250000,733175
Death Is Here,"Horror, Thriller",2012-06-08,1444669,3634000,734516
PGS - Intuition is your Personal Guidance System,Documentary,2017-10-11,1250000,35423,744289
4 Ways to Live a Healthy Life,Drama,2019-11-01,30,50,744252
How To Ensure Safe Internet,Documentary,2019-11-01,5000,6000,738883
The Roast of Kaleb Koho,"Documentary, Comedy",2020-07-21,100,1,738801
Killer School Girls from Outer Space,,2011-05-24,42,13,60283
One Last Time,"Thriller, Mystery, Horror",2019-12-19,60,400,741451
Sara & Jaimie,"Romance, Comedy",2021-08-27,1,1,871510
"ig,gz,","Horror, Music",2003-11-24,12,5,866560
Islanders in the Creek,,2021-08-28,4,10000,866428
Islanders in the Creek 2: Lundy's Revenge,TV Movie,2021-08-27,7,100,866430
Islanders in the Creek 2: Lundy's Remorse,TV Movie,2021-08-27,1,6,866431
Retazos del Alma,"Fantasy, Drama",2021-02-11,100,100,869226
My Back Pages,"Drama, Crime",2021-08-12,500,557,876408
Spaced Out - Panthung Di Kadaaida,"Drama, Family",2021-06-01,10850,47467,878525
George and Junior - Look Out Below,"Animation, Comedy",1995-07-23,14217,14217,877760
Filmens Evolution,"Comedy, History, Action, Science Fiction",2021-09-10,10,10,875808
"Portrait de Rosa, à la française","Drama, Romance",2022-01-14,300,3000,857770
Gunther P. Gunnings,"Action, Comedy, Crime",2010-03-20,100,100,858072
The Hollow Tree,,2008-10-04,80000,80,860111
Gold Diggers of Broadway,"Comedy, Music",1929-08-30,532000,3967000,44670
The Vault,"Comedy, Mystery, Action",2019-09-08,100,100,859471
Head In The Clouds,"Drama, Fantasy",2021-07-30,100,100,855836
The Perpetual Progeny,Science Fiction,2013-10-05,500,500,854793
The Jack Ruhl Show: The Movie,"Documentary, Horror",2021-08-25,69,420,855273
Virus Mairus,Comedy,2020-05-08,5,250,857294
Screen Door Jesus,"Drama, Comedy",2003-03-11,3000000,59000,45040
The girl of my dreams,Drama,2021-08-15,70,55,861723
性爱学习,Romance,1974-04-10,4000000,4000000,862718
Le avventure di Wandamiao,Adventure,2021-08-28,10,11,861794
Pickle Richard,,2019-10-16,1000,10,862198
Foe Paws,"Animation, Comedy, Drama, Family",2000-07-07,97464,97464,894588
O dia do desassossego,Comedy,2010-07-01,500,20,891074
A Dangerous Adventure,Adventure,1922-11-01,175000,142000,889971
Strange Man: The Movie,,2021-10-31,100,69,892411
Tell,,2018-11-23,100,100,892380
Senhores do Vento,Documentary,2009-04-24,1,1,899865
Mr. Men - The Great Alphabet Hunt,"Animation, Family",1992-04-12,2550,2550,899156
A Comic Zoom,Animation,1985-05-01,1,1,899159
Watching TV,"Animation, Comedy",1994-10-01,1676,1676,899180
The Captain's Daughter,Horror,2016-10-15,100,500,896087
Fire,"Animation, Comedy",2001-01-01,5032,5032,896246
Olpo Holeo Sotti,"Drama, Romance",2021-11-11,99000,99999,897348
Mr. Otto in 17,"Animation, Comedy, Fantasy",2004-01-01,78,78,897439
EU & USA,Animation,2018-08-13,157202,157202,897721
Ecosystem,Animation,2019-04-15,7615,7615,897724
Abraham And Lincoln,"Action, Drama",2007-03-02,10000,20000,896698
Say Cheese,"Animation, Comedy",2000-02-01,21515,21515,896920
Valedictory,,2022-12-31,3000,3000,896917
Life in Dark,"Crime, Thriller",2021-06-18,399300,26620,883280
The Green Force,Crime,2021-06-12,132925,5000,883288
The Dream Machine,,2022-10-05,100,100,882216
54 Miles,Drama,2002-07-28,2000,2001,885360
SENHOR NENHUM-NOME-MENCIONADO,Comedy,2021-10-14,5,60,885378
Swarnali Jaal,"Comedy, Drama, Family, TV Movie, Romance",2009-04-26,1400,1401,886228
Tubydi,Action,2021-11-10,231,2131,822404
Priyappettavar,"Drama, War",2021-04-22,420000,69000,822563
Boy in the trunk,"Documentary, Fantasy, Drama",2019-05-10,3,13,823827
Sip Boyz,"Comedy, Crime",2019-07-21,7,3,819792
Kan Gövdeyi Götürdü,"Action, Thriller, Adventure",1965-01-01,55000,105000,819073
Vanna Thamizh Paatu,"Romance, Drama",2000-11-17,10,35000,821331
A Roar in the Dark,Adventure,2015-06-26,8,25,820487
Grantham Overgrown (Infinite Regression),Mystery,2021-05-01,60,150,820955
Doh Doh Island,"Animation, TV Movie",2003-06-01,50000,500000,821114
Wonder Valley,Comedy,2005-05-18,2500000,67921,828046
Faces of the Dead,Horror,2020-05-22,5,10,825465
Tattness: The Other Side of Hell: The Documentary,Documentary,2020-08-14,5000,1000000,826830
Life and Death,"Comedy, Thriller",2021-03-27,10,1,810508
I Don't Want To Cry Later,Romance,2021-04-05,10,11,810290
Cezmi Band 007.5,"Comedy, Crime",1965-08-05,55000,105000,809441
Old Home on the Corner,"Drama, Documentary, Fantasy",2021-03-03,100,250,809904
"150 Miles of Rotting, Rutted, Lumpy, Dilapidated Pavement","Drama, Documentary, Fantasy",2021-03-03,75,300,809911
Together,"Family, Drama",2021-03-18,200,550,807381
Tatlı Bela,Adventure,1961-01-01,75000,100000,817609
Noga Can Fly,"Fantasy, Comedy",2021-04-05,1000000,25,812419
My secretary is mad... mad... mad...,"Comedy, Music, Romance",1967-03-16,200000,10000,848521
Project Ghazi,"Science Fiction, Action, Thriller",2019-03-29,1000000,126000,844364
Hokm Ba Bazi Gardan Koloft Ha,"Action, Comedy",2019-12-26,15,6,843200
Martian,"Action, Science Fiction",2018-06-07,2,4,843214
The Stonekiller,Western,2020-12-14,3000,500,845277
Paralysis,Science Fiction,2021-06-24,1,2,844669
Beddua,"Drama, Romance",1980-04-01,55000,105000,849568
The Debt Of Maximillian,"Drama, Thriller, Action",2020-09-11,10000,2000,850994
Handsome Uncle from North East,Comedy,2021-03-09,300,500,835003
"Radiohead - Live in Lima, Peru (April 2018)",Music,2018-04-17,10000000,20000000,833982
Loyola College 2021 - Presentation Ball,"Drama, Family",2021-04-15,1000,10000,836064
HumanET,"Science Fiction, Drama",2021-05-13,100,200,836285
Limbo,"Action, Thriller",2021-08-12,1,30,835251
Rage,Science Fiction,2021-05-11,5,5,835629
MUCK,"Crime, Horror",2018-10-30,2000,5,830984
Eyebrow,"Documentary, Comedy",2021-06-30,600,1200,839939
Thiruvalar Panchankam,"Drama, Documentary, Animation",2020-12-11,1,1,839835
Dano Lunático,Drama,2023-03-07,1500,200,838082
